[2025-09-11T00:00:06.800+0000] {processor.py:161} INFO - Started process (PID=285) to work on /opt/airflow/dags/data_pipeline.py
[2025-09-11T00:00:06.803+0000] {processor.py:830} INFO - Processing file /opt/airflow/dags/data_pipeline.py for tasks to queue
[2025-09-11T00:00:06.850+0000] {logging_mixin.py:188} INFO - [2025-09-11T00:00:06.849+0000] {dagbag.py:538} INFO - Filling up the DagBag from /opt/airflow/dags/data_pipeline.py
[2025-09-11T00:00:07.559+0000] {logging_mixin.py:188} INFO - Pyspark version: 3.5.1
[2025-09-11T00:00:07.570+0000] {logging_mixin.py:188} INFO - [2025-09-11T00:00:07.567+0000] {dagbag.py:348} ERROR - Failed to import: /opt/airflow/dags/data_pipeline.py
Traceback (most recent call last):
  File "/home/airflow/.local/lib/python3.8/site-packages/airflow/models/dagbag.py", line 344, in parse
    loader.exec_module(new_module)
  File "<frozen importlib._bootstrap_external>", line 843, in exec_module
  File "<frozen importlib._bootstrap>", line 219, in _call_with_frames_removed
  File "/opt/airflow/dags/data_pipeline.py", line 12, in <module>
    from ingestion.local_producer_host import purchase_event
  File "/opt/airflow/ingestion/local_producer_host.py", line 1, in <module>
    from confluent_kafka import Producer
ModuleNotFoundError: No module named 'confluent_kafka'
[2025-09-11T00:00:07.571+0000] {processor.py:842} WARNING - No viable dags retrieved from /opt/airflow/dags/data_pipeline.py
[2025-09-11T00:00:07.616+0000] {processor.py:183} INFO - Processing /opt/airflow/dags/data_pipeline.py took 0.827 seconds
[2025-09-11T00:00:37.982+0000] {processor.py:161} INFO - Started process (PID=286) to work on /opt/airflow/dags/data_pipeline.py
[2025-09-11T00:00:37.986+0000] {processor.py:830} INFO - Processing file /opt/airflow/dags/data_pipeline.py for tasks to queue
[2025-09-11T00:00:37.998+0000] {logging_mixin.py:188} INFO - [2025-09-11T00:00:37.996+0000] {dagbag.py:538} INFO - Filling up the DagBag from /opt/airflow/dags/data_pipeline.py
[2025-09-11T00:00:38.272+0000] {logging_mixin.py:188} INFO - Pyspark version: 3.5.1
[2025-09-11T00:00:38.283+0000] {logging_mixin.py:188} INFO - [2025-09-11T00:00:38.280+0000] {dagbag.py:348} ERROR - Failed to import: /opt/airflow/dags/data_pipeline.py
Traceback (most recent call last):
  File "/home/airflow/.local/lib/python3.8/site-packages/airflow/models/dagbag.py", line 344, in parse
    loader.exec_module(new_module)
  File "<frozen importlib._bootstrap_external>", line 843, in exec_module
  File "<frozen importlib._bootstrap>", line 219, in _call_with_frames_removed
  File "/opt/airflow/dags/data_pipeline.py", line 12, in <module>
    from ingestion.local_producer_host import purchase_event
  File "/opt/airflow/ingestion/local_producer_host.py", line 1, in <module>
    from confluent_kafka import Producer
ModuleNotFoundError: No module named 'confluent_kafka'
[2025-09-11T00:00:38.284+0000] {processor.py:842} WARNING - No viable dags retrieved from /opt/airflow/dags/data_pipeline.py
[2025-09-11T00:00:38.324+0000] {processor.py:183} INFO - Processing /opt/airflow/dags/data_pipeline.py took 0.353 seconds
[2025-09-11T00:01:08.670+0000] {processor.py:161} INFO - Started process (PID=287) to work on /opt/airflow/dags/data_pipeline.py
[2025-09-11T00:01:08.672+0000] {processor.py:830} INFO - Processing file /opt/airflow/dags/data_pipeline.py for tasks to queue
[2025-09-11T00:01:08.680+0000] {logging_mixin.py:188} INFO - [2025-09-11T00:01:08.679+0000] {dagbag.py:538} INFO - Filling up the DagBag from /opt/airflow/dags/data_pipeline.py
[2025-09-11T00:01:08.961+0000] {logging_mixin.py:188} INFO - Pyspark version: 3.5.1
[2025-09-11T00:01:08.969+0000] {logging_mixin.py:188} INFO - [2025-09-11T00:01:08.967+0000] {dagbag.py:348} ERROR - Failed to import: /opt/airflow/dags/data_pipeline.py
Traceback (most recent call last):
  File "/home/airflow/.local/lib/python3.8/site-packages/airflow/models/dagbag.py", line 344, in parse
    loader.exec_module(new_module)
  File "<frozen importlib._bootstrap_external>", line 843, in exec_module
  File "<frozen importlib._bootstrap>", line 219, in _call_with_frames_removed
  File "/opt/airflow/dags/data_pipeline.py", line 12, in <module>
    from ingestion.local_producer_host import purchase_event
  File "/opt/airflow/ingestion/local_producer_host.py", line 1, in <module>
    from confluent_kafka import Producer
ModuleNotFoundError: No module named 'confluent_kafka'
[2025-09-11T00:01:08.970+0000] {processor.py:842} WARNING - No viable dags retrieved from /opt/airflow/dags/data_pipeline.py
[2025-09-11T00:01:09.007+0000] {processor.py:183} INFO - Processing /opt/airflow/dags/data_pipeline.py took 0.344 seconds
[2025-09-11T00:01:39.363+0000] {processor.py:161} INFO - Started process (PID=288) to work on /opt/airflow/dags/data_pipeline.py
[2025-09-11T00:01:39.365+0000] {processor.py:830} INFO - Processing file /opt/airflow/dags/data_pipeline.py for tasks to queue
[2025-09-11T00:01:39.372+0000] {logging_mixin.py:188} INFO - [2025-09-11T00:01:39.371+0000] {dagbag.py:538} INFO - Filling up the DagBag from /opt/airflow/dags/data_pipeline.py
[2025-09-11T00:01:39.674+0000] {logging_mixin.py:188} INFO - Pyspark version: 3.5.1
[2025-09-11T00:01:39.731+0000] {logging_mixin.py:188} INFO - [2025-09-11T00:01:39.727+0000] {dagbag.py:348} ERROR - Failed to import: /opt/airflow/dags/data_pipeline.py
Traceback (most recent call last):
  File "/home/airflow/.local/lib/python3.8/site-packages/airflow/models/dagbag.py", line 344, in parse
    loader.exec_module(new_module)
  File "<frozen importlib._bootstrap_external>", line 843, in exec_module
  File "<frozen importlib._bootstrap>", line 219, in _call_with_frames_removed
  File "/opt/airflow/dags/data_pipeline.py", line 12, in <module>
    from ingestion.local_producer_host import purchase_event
  File "/opt/airflow/ingestion/local_producer_host.py", line 1, in <module>
    from confluent_kafka import Producer
ModuleNotFoundError: No module named 'confluent_kafka'
[2025-09-11T00:01:39.733+0000] {processor.py:842} WARNING - No viable dags retrieved from /opt/airflow/dags/data_pipeline.py
[2025-09-11T00:01:39.803+0000] {processor.py:183} INFO - Processing /opt/airflow/dags/data_pipeline.py took 0.449 seconds
[2025-09-11T00:02:10.342+0000] {processor.py:161} INFO - Started process (PID=289) to work on /opt/airflow/dags/data_pipeline.py
[2025-09-11T00:02:10.343+0000] {processor.py:830} INFO - Processing file /opt/airflow/dags/data_pipeline.py for tasks to queue
[2025-09-11T00:02:10.349+0000] {logging_mixin.py:188} INFO - [2025-09-11T00:02:10.347+0000] {dagbag.py:538} INFO - Filling up the DagBag from /opt/airflow/dags/data_pipeline.py
[2025-09-11T00:02:10.743+0000] {logging_mixin.py:188} INFO - Pyspark version: 3.5.1
[2025-09-11T00:02:10.753+0000] {logging_mixin.py:188} INFO - [2025-09-11T00:02:10.750+0000] {dagbag.py:348} ERROR - Failed to import: /opt/airflow/dags/data_pipeline.py
Traceback (most recent call last):
  File "/home/airflow/.local/lib/python3.8/site-packages/airflow/models/dagbag.py", line 344, in parse
    loader.exec_module(new_module)
  File "<frozen importlib._bootstrap_external>", line 843, in exec_module
  File "<frozen importlib._bootstrap>", line 219, in _call_with_frames_removed
  File "/opt/airflow/dags/data_pipeline.py", line 12, in <module>
    from ingestion.local_producer_host import purchase_event
  File "/opt/airflow/ingestion/local_producer_host.py", line 1, in <module>
    from confluent_kafka import Producer
ModuleNotFoundError: No module named 'confluent_kafka'
[2025-09-11T00:02:10.754+0000] {processor.py:842} WARNING - No viable dags retrieved from /opt/airflow/dags/data_pipeline.py
[2025-09-11T00:02:10.802+0000] {processor.py:183} INFO - Processing /opt/airflow/dags/data_pipeline.py took 0.468 seconds
[2025-09-11T00:02:41.013+0000] {processor.py:161} INFO - Started process (PID=290) to work on /opt/airflow/dags/data_pipeline.py
[2025-09-11T00:02:41.015+0000] {processor.py:830} INFO - Processing file /opt/airflow/dags/data_pipeline.py for tasks to queue
[2025-09-11T00:02:41.020+0000] {logging_mixin.py:188} INFO - [2025-09-11T00:02:41.019+0000] {dagbag.py:538} INFO - Filling up the DagBag from /opt/airflow/dags/data_pipeline.py
[2025-09-11T00:02:41.313+0000] {logging_mixin.py:188} INFO - Pyspark version: 3.5.1
[2025-09-11T00:02:41.321+0000] {logging_mixin.py:188} INFO - [2025-09-11T00:02:41.319+0000] {dagbag.py:348} ERROR - Failed to import: /opt/airflow/dags/data_pipeline.py
Traceback (most recent call last):
  File "/home/airflow/.local/lib/python3.8/site-packages/airflow/models/dagbag.py", line 344, in parse
    loader.exec_module(new_module)
  File "<frozen importlib._bootstrap_external>", line 843, in exec_module
  File "<frozen importlib._bootstrap>", line 219, in _call_with_frames_removed
  File "/opt/airflow/dags/data_pipeline.py", line 12, in <module>
    from ingestion.local_producer_host import purchase_event
  File "/opt/airflow/ingestion/local_producer_host.py", line 1, in <module>
    from confluent_kafka import Producer
ModuleNotFoundError: No module named 'confluent_kafka'
[2025-09-11T00:02:41.322+0000] {processor.py:842} WARNING - No viable dags retrieved from /opt/airflow/dags/data_pipeline.py
[2025-09-11T00:02:41.363+0000] {processor.py:183} INFO - Processing /opt/airflow/dags/data_pipeline.py took 0.359 seconds
[2025-09-11T00:03:11.482+0000] {processor.py:161} INFO - Started process (PID=291) to work on /opt/airflow/dags/data_pipeline.py
[2025-09-11T00:03:11.485+0000] {processor.py:830} INFO - Processing file /opt/airflow/dags/data_pipeline.py for tasks to queue
[2025-09-11T00:03:11.491+0000] {logging_mixin.py:188} INFO - [2025-09-11T00:03:11.491+0000] {dagbag.py:538} INFO - Filling up the DagBag from /opt/airflow/dags/data_pipeline.py
[2025-09-11T00:03:11.765+0000] {logging_mixin.py:188} INFO - Pyspark version: 3.5.1
[2025-09-11T00:03:11.779+0000] {logging_mixin.py:188} INFO - [2025-09-11T00:03:11.774+0000] {dagbag.py:348} ERROR - Failed to import: /opt/airflow/dags/data_pipeline.py
Traceback (most recent call last):
  File "/home/airflow/.local/lib/python3.8/site-packages/airflow/models/dagbag.py", line 344, in parse
    loader.exec_module(new_module)
  File "<frozen importlib._bootstrap_external>", line 843, in exec_module
  File "<frozen importlib._bootstrap>", line 219, in _call_with_frames_removed
  File "/opt/airflow/dags/data_pipeline.py", line 12, in <module>
    from ingestion.local_producer_host import purchase_event
  File "/opt/airflow/ingestion/local_producer_host.py", line 1, in <module>
    from confluent_kafka import Producer
ModuleNotFoundError: No module named 'confluent_kafka'
[2025-09-11T00:03:11.780+0000] {processor.py:842} WARNING - No viable dags retrieved from /opt/airflow/dags/data_pipeline.py
[2025-09-11T00:03:11.819+0000] {processor.py:183} INFO - Processing /opt/airflow/dags/data_pipeline.py took 0.347 seconds
[2025-09-11T00:03:41.995+0000] {processor.py:161} INFO - Started process (PID=292) to work on /opt/airflow/dags/data_pipeline.py
[2025-09-11T00:03:41.998+0000] {processor.py:830} INFO - Processing file /opt/airflow/dags/data_pipeline.py for tasks to queue
[2025-09-11T00:03:42.003+0000] {logging_mixin.py:188} INFO - [2025-09-11T00:03:42.002+0000] {dagbag.py:538} INFO - Filling up the DagBag from /opt/airflow/dags/data_pipeline.py
[2025-09-11T00:03:42.539+0000] {logging_mixin.py:188} INFO - Pyspark version: 3.5.1
[2025-09-11T00:03:42.556+0000] {logging_mixin.py:188} INFO - [2025-09-11T00:03:42.551+0000] {dagbag.py:348} ERROR - Failed to import: /opt/airflow/dags/data_pipeline.py
Traceback (most recent call last):
  File "/home/airflow/.local/lib/python3.8/site-packages/airflow/models/dagbag.py", line 344, in parse
    loader.exec_module(new_module)
  File "<frozen importlib._bootstrap_external>", line 843, in exec_module
  File "<frozen importlib._bootstrap>", line 219, in _call_with_frames_removed
  File "/opt/airflow/dags/data_pipeline.py", line 12, in <module>
    from ingestion.local_producer_host import purchase_event
  File "/opt/airflow/ingestion/local_producer_host.py", line 1, in <module>
    from confluent_kafka import Producer
ModuleNotFoundError: No module named 'confluent_kafka'
[2025-09-11T00:03:42.558+0000] {processor.py:842} WARNING - No viable dags retrieved from /opt/airflow/dags/data_pipeline.py
[2025-09-11T00:03:42.626+0000] {processor.py:183} INFO - Processing /opt/airflow/dags/data_pipeline.py took 0.637 seconds
[2025-09-11T00:04:12.978+0000] {processor.py:161} INFO - Started process (PID=293) to work on /opt/airflow/dags/data_pipeline.py
[2025-09-11T00:04:12.981+0000] {processor.py:830} INFO - Processing file /opt/airflow/dags/data_pipeline.py for tasks to queue
[2025-09-11T00:04:12.989+0000] {logging_mixin.py:188} INFO - [2025-09-11T00:04:12.988+0000] {dagbag.py:538} INFO - Filling up the DagBag from /opt/airflow/dags/data_pipeline.py
[2025-09-11T00:04:13.430+0000] {logging_mixin.py:188} INFO - Pyspark version: 3.5.1
[2025-09-11T00:04:13.445+0000] {logging_mixin.py:188} INFO - [2025-09-11T00:04:13.441+0000] {dagbag.py:348} ERROR - Failed to import: /opt/airflow/dags/data_pipeline.py
Traceback (most recent call last):
  File "/home/airflow/.local/lib/python3.8/site-packages/airflow/models/dagbag.py", line 344, in parse
    loader.exec_module(new_module)
  File "<frozen importlib._bootstrap_external>", line 843, in exec_module
  File "<frozen importlib._bootstrap>", line 219, in _call_with_frames_removed
  File "/opt/airflow/dags/data_pipeline.py", line 12, in <module>
    from ingestion.local_producer_host import purchase_event
  File "/opt/airflow/ingestion/local_producer_host.py", line 1, in <module>
    from confluent_kafka import Producer
ModuleNotFoundError: No module named 'confluent_kafka'
[2025-09-11T00:04:13.446+0000] {processor.py:842} WARNING - No viable dags retrieved from /opt/airflow/dags/data_pipeline.py
[2025-09-11T00:04:13.514+0000] {processor.py:183} INFO - Processing /opt/airflow/dags/data_pipeline.py took 0.548 seconds
[2025-09-11T00:04:44.160+0000] {processor.py:161} INFO - Started process (PID=294) to work on /opt/airflow/dags/data_pipeline.py
[2025-09-11T00:04:44.162+0000] {processor.py:830} INFO - Processing file /opt/airflow/dags/data_pipeline.py for tasks to queue
[2025-09-11T00:04:44.170+0000] {logging_mixin.py:188} INFO - [2025-09-11T00:04:44.169+0000] {dagbag.py:538} INFO - Filling up the DagBag from /opt/airflow/dags/data_pipeline.py
[2025-09-11T00:04:44.471+0000] {logging_mixin.py:188} INFO - Pyspark version: 3.5.1
[2025-09-11T00:04:44.487+0000] {logging_mixin.py:188} INFO - [2025-09-11T00:04:44.483+0000] {dagbag.py:348} ERROR - Failed to import: /opt/airflow/dags/data_pipeline.py
Traceback (most recent call last):
  File "/home/airflow/.local/lib/python3.8/site-packages/airflow/models/dagbag.py", line 344, in parse
    loader.exec_module(new_module)
  File "<frozen importlib._bootstrap_external>", line 843, in exec_module
  File "<frozen importlib._bootstrap>", line 219, in _call_with_frames_removed
  File "/opt/airflow/dags/data_pipeline.py", line 12, in <module>
    from ingestion.local_producer_host import purchase_event
  File "/opt/airflow/ingestion/local_producer_host.py", line 1, in <module>
    from confluent_kafka import Producer
ModuleNotFoundError: No module named 'confluent_kafka'
[2025-09-11T00:04:44.488+0000] {processor.py:842} WARNING - No viable dags retrieved from /opt/airflow/dags/data_pipeline.py
[2025-09-11T00:04:44.530+0000] {processor.py:183} INFO - Processing /opt/airflow/dags/data_pipeline.py took 0.378 seconds
[2025-09-11T00:05:14.686+0000] {processor.py:161} INFO - Started process (PID=295) to work on /opt/airflow/dags/data_pipeline.py
[2025-09-11T00:05:14.688+0000] {processor.py:830} INFO - Processing file /opt/airflow/dags/data_pipeline.py for tasks to queue
[2025-09-11T00:05:14.694+0000] {logging_mixin.py:188} INFO - [2025-09-11T00:05:14.693+0000] {dagbag.py:538} INFO - Filling up the DagBag from /opt/airflow/dags/data_pipeline.py
[2025-09-11T00:05:15.010+0000] {logging_mixin.py:188} INFO - Pyspark version: 3.5.1
[2025-09-11T00:05:15.022+0000] {logging_mixin.py:188} INFO - [2025-09-11T00:05:15.018+0000] {dagbag.py:348} ERROR - Failed to import: /opt/airflow/dags/data_pipeline.py
Traceback (most recent call last):
  File "/home/airflow/.local/lib/python3.8/site-packages/airflow/models/dagbag.py", line 344, in parse
    loader.exec_module(new_module)
  File "<frozen importlib._bootstrap_external>", line 843, in exec_module
  File "<frozen importlib._bootstrap>", line 219, in _call_with_frames_removed
  File "/opt/airflow/dags/data_pipeline.py", line 12, in <module>
    from ingestion.local_producer_host import purchase_event
  File "/opt/airflow/ingestion/local_producer_host.py", line 1, in <module>
    from confluent_kafka import Producer
ModuleNotFoundError: No module named 'confluent_kafka'
[2025-09-11T00:05:15.023+0000] {processor.py:842} WARNING - No viable dags retrieved from /opt/airflow/dags/data_pipeline.py
[2025-09-11T00:05:15.083+0000] {processor.py:183} INFO - Processing /opt/airflow/dags/data_pipeline.py took 0.408 seconds
[2025-09-11T00:05:45.238+0000] {processor.py:161} INFO - Started process (PID=296) to work on /opt/airflow/dags/data_pipeline.py
[2025-09-11T00:05:45.239+0000] {processor.py:830} INFO - Processing file /opt/airflow/dags/data_pipeline.py for tasks to queue
[2025-09-11T00:05:45.243+0000] {logging_mixin.py:188} INFO - [2025-09-11T00:05:45.243+0000] {dagbag.py:538} INFO - Filling up the DagBag from /opt/airflow/dags/data_pipeline.py
[2025-09-11T00:05:45.573+0000] {logging_mixin.py:188} INFO - Pyspark version: 3.5.1
[2025-09-11T00:05:45.592+0000] {logging_mixin.py:188} INFO - [2025-09-11T00:05:45.587+0000] {dagbag.py:348} ERROR - Failed to import: /opt/airflow/dags/data_pipeline.py
Traceback (most recent call last):
  File "/home/airflow/.local/lib/python3.8/site-packages/airflow/models/dagbag.py", line 344, in parse
    loader.exec_module(new_module)
  File "<frozen importlib._bootstrap_external>", line 843, in exec_module
  File "<frozen importlib._bootstrap>", line 219, in _call_with_frames_removed
  File "/opt/airflow/dags/data_pipeline.py", line 12, in <module>
    from ingestion.local_producer_host import purchase_event
  File "/opt/airflow/ingestion/local_producer_host.py", line 1, in <module>
    from confluent_kafka import Producer
ModuleNotFoundError: No module named 'confluent_kafka'
[2025-09-11T00:05:45.593+0000] {processor.py:842} WARNING - No viable dags retrieved from /opt/airflow/dags/data_pipeline.py
[2025-09-11T00:05:45.663+0000] {processor.py:183} INFO - Processing /opt/airflow/dags/data_pipeline.py took 0.432 seconds
[2025-09-11T00:06:15.724+0000] {processor.py:161} INFO - Started process (PID=297) to work on /opt/airflow/dags/data_pipeline.py
[2025-09-11T00:06:15.727+0000] {processor.py:830} INFO - Processing file /opt/airflow/dags/data_pipeline.py for tasks to queue
[2025-09-11T00:06:15.736+0000] {logging_mixin.py:188} INFO - [2025-09-11T00:06:15.735+0000] {dagbag.py:538} INFO - Filling up the DagBag from /opt/airflow/dags/data_pipeline.py
[2025-09-11T00:06:16.113+0000] {logging_mixin.py:188} INFO - Pyspark version: 3.5.1
[2025-09-11T00:06:16.126+0000] {logging_mixin.py:188} INFO - [2025-09-11T00:06:16.121+0000] {dagbag.py:348} ERROR - Failed to import: /opt/airflow/dags/data_pipeline.py
Traceback (most recent call last):
  File "/home/airflow/.local/lib/python3.8/site-packages/airflow/models/dagbag.py", line 344, in parse
    loader.exec_module(new_module)
  File "<frozen importlib._bootstrap_external>", line 843, in exec_module
  File "<frozen importlib._bootstrap>", line 219, in _call_with_frames_removed
  File "/opt/airflow/dags/data_pipeline.py", line 12, in <module>
    from ingestion.local_producer_host import purchase_event
  File "/opt/airflow/ingestion/local_producer_host.py", line 1, in <module>
    from confluent_kafka import Producer
ModuleNotFoundError: No module named 'confluent_kafka'
[2025-09-11T00:06:16.128+0000] {processor.py:842} WARNING - No viable dags retrieved from /opt/airflow/dags/data_pipeline.py
[2025-09-11T00:06:16.173+0000] {processor.py:183} INFO - Processing /opt/airflow/dags/data_pipeline.py took 0.459 seconds
[2025-09-11T00:06:46.382+0000] {processor.py:161} INFO - Started process (PID=298) to work on /opt/airflow/dags/data_pipeline.py
[2025-09-11T00:06:46.386+0000] {processor.py:830} INFO - Processing file /opt/airflow/dags/data_pipeline.py for tasks to queue
[2025-09-11T00:06:46.393+0000] {logging_mixin.py:188} INFO - [2025-09-11T00:06:46.392+0000] {dagbag.py:538} INFO - Filling up the DagBag from /opt/airflow/dags/data_pipeline.py
[2025-09-11T00:06:46.980+0000] {logging_mixin.py:188} INFO - Pyspark version: 3.5.1
[2025-09-11T00:06:47.002+0000] {logging_mixin.py:188} INFO - [2025-09-11T00:06:46.996+0000] {dagbag.py:348} ERROR - Failed to import: /opt/airflow/dags/data_pipeline.py
Traceback (most recent call last):
  File "/home/airflow/.local/lib/python3.8/site-packages/airflow/models/dagbag.py", line 344, in parse
    loader.exec_module(new_module)
  File "<frozen importlib._bootstrap_external>", line 843, in exec_module
  File "<frozen importlib._bootstrap>", line 219, in _call_with_frames_removed
  File "/opt/airflow/dags/data_pipeline.py", line 12, in <module>
    from ingestion.local_producer_host import purchase_event
  File "/opt/airflow/ingestion/local_producer_host.py", line 1, in <module>
    from confluent_kafka import Producer
ModuleNotFoundError: No module named 'confluent_kafka'
[2025-09-11T00:06:47.005+0000] {processor.py:842} WARNING - No viable dags retrieved from /opt/airflow/dags/data_pipeline.py
[2025-09-11T00:06:47.085+0000] {processor.py:183} INFO - Processing /opt/airflow/dags/data_pipeline.py took 0.715 seconds
[2025-09-11T00:07:17.504+0000] {processor.py:161} INFO - Started process (PID=299) to work on /opt/airflow/dags/data_pipeline.py
[2025-09-11T00:07:17.514+0000] {processor.py:830} INFO - Processing file /opt/airflow/dags/data_pipeline.py for tasks to queue
[2025-09-11T00:07:17.534+0000] {logging_mixin.py:188} INFO - [2025-09-11T00:07:17.532+0000] {dagbag.py:538} INFO - Filling up the DagBag from /opt/airflow/dags/data_pipeline.py
[2025-09-11T00:07:17.964+0000] {logging_mixin.py:188} INFO - Pyspark version: 3.5.1
[2025-09-11T00:07:17.979+0000] {logging_mixin.py:188} INFO - [2025-09-11T00:07:17.974+0000] {dagbag.py:348} ERROR - Failed to import: /opt/airflow/dags/data_pipeline.py
Traceback (most recent call last):
  File "/home/airflow/.local/lib/python3.8/site-packages/airflow/models/dagbag.py", line 344, in parse
    loader.exec_module(new_module)
  File "<frozen importlib._bootstrap_external>", line 843, in exec_module
  File "<frozen importlib._bootstrap>", line 219, in _call_with_frames_removed
  File "/opt/airflow/dags/data_pipeline.py", line 12, in <module>
    from ingestion.local_producer_host import purchase_event
  File "/opt/airflow/ingestion/local_producer_host.py", line 1, in <module>
    from confluent_kafka import Producer
ModuleNotFoundError: No module named 'confluent_kafka'
[2025-09-11T00:07:17.981+0000] {processor.py:842} WARNING - No viable dags retrieved from /opt/airflow/dags/data_pipeline.py
[2025-09-11T00:07:18.030+0000] {processor.py:183} INFO - Processing /opt/airflow/dags/data_pipeline.py took 0.544 seconds
[2025-09-11T00:07:48.166+0000] {processor.py:161} INFO - Started process (PID=300) to work on /opt/airflow/dags/data_pipeline.py
[2025-09-11T00:07:48.169+0000] {processor.py:830} INFO - Processing file /opt/airflow/dags/data_pipeline.py for tasks to queue
[2025-09-11T00:07:48.177+0000] {logging_mixin.py:188} INFO - [2025-09-11T00:07:48.176+0000] {dagbag.py:538} INFO - Filling up the DagBag from /opt/airflow/dags/data_pipeline.py
[2025-09-11T00:07:48.623+0000] {logging_mixin.py:188} INFO - Pyspark version: 3.5.1
[2025-09-11T00:07:48.640+0000] {logging_mixin.py:188} INFO - [2025-09-11T00:07:48.636+0000] {dagbag.py:348} ERROR - Failed to import: /opt/airflow/dags/data_pipeline.py
Traceback (most recent call last):
  File "/home/airflow/.local/lib/python3.8/site-packages/airflow/models/dagbag.py", line 344, in parse
    loader.exec_module(new_module)
  File "<frozen importlib._bootstrap_external>", line 843, in exec_module
  File "<frozen importlib._bootstrap>", line 219, in _call_with_frames_removed
  File "/opt/airflow/dags/data_pipeline.py", line 12, in <module>
    from ingestion.local_producer_host import purchase_event
  File "/opt/airflow/ingestion/local_producer_host.py", line 1, in <module>
    from confluent_kafka import Producer
ModuleNotFoundError: No module named 'confluent_kafka'
[2025-09-11T00:07:48.642+0000] {processor.py:842} WARNING - No viable dags retrieved from /opt/airflow/dags/data_pipeline.py
[2025-09-11T00:07:48.700+0000] {processor.py:183} INFO - Processing /opt/airflow/dags/data_pipeline.py took 0.541 seconds
[2025-09-11T00:08:18.799+0000] {processor.py:161} INFO - Started process (PID=301) to work on /opt/airflow/dags/data_pipeline.py
[2025-09-11T00:08:18.802+0000] {processor.py:830} INFO - Processing file /opt/airflow/dags/data_pipeline.py for tasks to queue
[2025-09-11T00:08:18.807+0000] {logging_mixin.py:188} INFO - [2025-09-11T00:08:18.806+0000] {dagbag.py:538} INFO - Filling up the DagBag from /opt/airflow/dags/data_pipeline.py
[2025-09-11T00:08:19.146+0000] {logging_mixin.py:188} INFO - Pyspark version: 3.5.1
[2025-09-11T00:08:19.162+0000] {logging_mixin.py:188} INFO - [2025-09-11T00:08:19.157+0000] {dagbag.py:348} ERROR - Failed to import: /opt/airflow/dags/data_pipeline.py
Traceback (most recent call last):
  File "/home/airflow/.local/lib/python3.8/site-packages/airflow/models/dagbag.py", line 344, in parse
    loader.exec_module(new_module)
  File "<frozen importlib._bootstrap_external>", line 843, in exec_module
  File "<frozen importlib._bootstrap>", line 219, in _call_with_frames_removed
  File "/opt/airflow/dags/data_pipeline.py", line 12, in <module>
    from ingestion.local_producer_host import purchase_event
  File "/opt/airflow/ingestion/local_producer_host.py", line 1, in <module>
    from confluent_kafka import Producer
ModuleNotFoundError: No module named 'confluent_kafka'
[2025-09-11T00:08:19.163+0000] {processor.py:842} WARNING - No viable dags retrieved from /opt/airflow/dags/data_pipeline.py
[2025-09-11T00:08:19.213+0000] {processor.py:183} INFO - Processing /opt/airflow/dags/data_pipeline.py took 0.423 seconds
[2025-09-11T00:08:49.355+0000] {processor.py:161} INFO - Started process (PID=302) to work on /opt/airflow/dags/data_pipeline.py
[2025-09-11T00:08:49.357+0000] {processor.py:830} INFO - Processing file /opt/airflow/dags/data_pipeline.py for tasks to queue
[2025-09-11T00:08:49.363+0000] {logging_mixin.py:188} INFO - [2025-09-11T00:08:49.362+0000] {dagbag.py:538} INFO - Filling up the DagBag from /opt/airflow/dags/data_pipeline.py
[2025-09-11T00:08:49.703+0000] {logging_mixin.py:188} INFO - Pyspark version: 3.5.1
[2025-09-11T00:08:49.718+0000] {logging_mixin.py:188} INFO - [2025-09-11T00:08:49.713+0000] {dagbag.py:348} ERROR - Failed to import: /opt/airflow/dags/data_pipeline.py
Traceback (most recent call last):
  File "/home/airflow/.local/lib/python3.8/site-packages/airflow/models/dagbag.py", line 344, in parse
    loader.exec_module(new_module)
  File "<frozen importlib._bootstrap_external>", line 843, in exec_module
  File "<frozen importlib._bootstrap>", line 219, in _call_with_frames_removed
  File "/opt/airflow/dags/data_pipeline.py", line 12, in <module>
    from ingestion.local_producer_host import purchase_event
  File "/opt/airflow/ingestion/local_producer_host.py", line 1, in <module>
    from confluent_kafka import Producer
ModuleNotFoundError: No module named 'confluent_kafka'
[2025-09-11T00:08:49.719+0000] {processor.py:842} WARNING - No viable dags retrieved from /opt/airflow/dags/data_pipeline.py
[2025-09-11T00:08:49.777+0000] {processor.py:183} INFO - Processing /opt/airflow/dags/data_pipeline.py took 0.431 seconds
[2025-09-11T00:09:19.888+0000] {processor.py:161} INFO - Started process (PID=303) to work on /opt/airflow/dags/data_pipeline.py
[2025-09-11T00:09:19.891+0000] {processor.py:830} INFO - Processing file /opt/airflow/dags/data_pipeline.py for tasks to queue
[2025-09-11T00:09:19.896+0000] {logging_mixin.py:188} INFO - [2025-09-11T00:09:19.896+0000] {dagbag.py:538} INFO - Filling up the DagBag from /opt/airflow/dags/data_pipeline.py
[2025-09-11T00:09:20.466+0000] {logging_mixin.py:188} INFO - Pyspark version: 3.5.1
[2025-09-11T00:09:20.484+0000] {logging_mixin.py:188} INFO - [2025-09-11T00:09:20.479+0000] {dagbag.py:348} ERROR - Failed to import: /opt/airflow/dags/data_pipeline.py
Traceback (most recent call last):
  File "/home/airflow/.local/lib/python3.8/site-packages/airflow/models/dagbag.py", line 344, in parse
    loader.exec_module(new_module)
  File "<frozen importlib._bootstrap_external>", line 843, in exec_module
  File "<frozen importlib._bootstrap>", line 219, in _call_with_frames_removed
  File "/opt/airflow/dags/data_pipeline.py", line 12, in <module>
    from ingestion.local_producer_host import purchase_event
  File "/opt/airflow/ingestion/local_producer_host.py", line 1, in <module>
    from confluent_kafka import Producer
ModuleNotFoundError: No module named 'confluent_kafka'
[2025-09-11T00:09:20.485+0000] {processor.py:842} WARNING - No viable dags retrieved from /opt/airflow/dags/data_pipeline.py
[2025-09-11T00:09:20.535+0000] {processor.py:183} INFO - Processing /opt/airflow/dags/data_pipeline.py took 0.657 seconds
[2025-09-11T00:09:50.860+0000] {processor.py:161} INFO - Started process (PID=304) to work on /opt/airflow/dags/data_pipeline.py
[2025-09-11T00:09:50.862+0000] {processor.py:830} INFO - Processing file /opt/airflow/dags/data_pipeline.py for tasks to queue
[2025-09-11T00:09:50.868+0000] {logging_mixin.py:188} INFO - [2025-09-11T00:09:50.867+0000] {dagbag.py:538} INFO - Filling up the DagBag from /opt/airflow/dags/data_pipeline.py
[2025-09-11T00:09:51.285+0000] {logging_mixin.py:188} INFO - Pyspark version: 3.5.1
[2025-09-11T00:09:51.304+0000] {logging_mixin.py:188} INFO - [2025-09-11T00:09:51.299+0000] {dagbag.py:348} ERROR - Failed to import: /opt/airflow/dags/data_pipeline.py
Traceback (most recent call last):
  File "/home/airflow/.local/lib/python3.8/site-packages/airflow/models/dagbag.py", line 344, in parse
    loader.exec_module(new_module)
  File "<frozen importlib._bootstrap_external>", line 843, in exec_module
  File "<frozen importlib._bootstrap>", line 219, in _call_with_frames_removed
  File "/opt/airflow/dags/data_pipeline.py", line 12, in <module>
    from ingestion.local_producer_host import purchase_event
  File "/opt/airflow/ingestion/local_producer_host.py", line 1, in <module>
    from confluent_kafka import Producer
ModuleNotFoundError: No module named 'confluent_kafka'
[2025-09-11T00:09:51.306+0000] {processor.py:842} WARNING - No viable dags retrieved from /opt/airflow/dags/data_pipeline.py
[2025-09-11T00:09:51.373+0000] {processor.py:183} INFO - Processing /opt/airflow/dags/data_pipeline.py took 0.522 seconds
[2025-09-11T00:10:21.818+0000] {processor.py:161} INFO - Started process (PID=305) to work on /opt/airflow/dags/data_pipeline.py
[2025-09-11T00:10:21.822+0000] {processor.py:830} INFO - Processing file /opt/airflow/dags/data_pipeline.py for tasks to queue
[2025-09-11T00:10:21.833+0000] {logging_mixin.py:188} INFO - [2025-09-11T00:10:21.832+0000] {dagbag.py:538} INFO - Filling up the DagBag from /opt/airflow/dags/data_pipeline.py
[2025-09-11T00:10:22.489+0000] {logging_mixin.py:188} INFO - Pyspark version: 3.5.1
[2025-09-11T00:10:22.503+0000] {logging_mixin.py:188} INFO - [2025-09-11T00:10:22.499+0000] {dagbag.py:348} ERROR - Failed to import: /opt/airflow/dags/data_pipeline.py
Traceback (most recent call last):
  File "/home/airflow/.local/lib/python3.8/site-packages/airflow/models/dagbag.py", line 344, in parse
    loader.exec_module(new_module)
  File "<frozen importlib._bootstrap_external>", line 843, in exec_module
  File "<frozen importlib._bootstrap>", line 219, in _call_with_frames_removed
  File "/opt/airflow/dags/data_pipeline.py", line 12, in <module>
    from ingestion.local_producer_host import purchase_event
  File "/opt/airflow/ingestion/local_producer_host.py", line 1, in <module>
    from confluent_kafka import Producer
ModuleNotFoundError: No module named 'confluent_kafka'
[2025-09-11T00:10:22.505+0000] {processor.py:842} WARNING - No viable dags retrieved from /opt/airflow/dags/data_pipeline.py
[2025-09-11T00:10:22.568+0000] {processor.py:183} INFO - Processing /opt/airflow/dags/data_pipeline.py took 0.765 seconds
[2025-09-11T00:10:52.898+0000] {processor.py:161} INFO - Started process (PID=306) to work on /opt/airflow/dags/data_pipeline.py
[2025-09-11T00:10:52.900+0000] {processor.py:830} INFO - Processing file /opt/airflow/dags/data_pipeline.py for tasks to queue
[2025-09-11T00:10:52.907+0000] {logging_mixin.py:188} INFO - [2025-09-11T00:10:52.906+0000] {dagbag.py:538} INFO - Filling up the DagBag from /opt/airflow/dags/data_pipeline.py
[2025-09-11T00:10:53.184+0000] {logging_mixin.py:188} INFO - Pyspark version: 3.5.1
[2025-09-11T00:10:53.194+0000] {logging_mixin.py:188} INFO - [2025-09-11T00:10:53.190+0000] {dagbag.py:348} ERROR - Failed to import: /opt/airflow/dags/data_pipeline.py
Traceback (most recent call last):
  File "/home/airflow/.local/lib/python3.8/site-packages/airflow/models/dagbag.py", line 344, in parse
    loader.exec_module(new_module)
  File "<frozen importlib._bootstrap_external>", line 843, in exec_module
  File "<frozen importlib._bootstrap>", line 219, in _call_with_frames_removed
  File "/opt/airflow/dags/data_pipeline.py", line 12, in <module>
    from ingestion.local_producer_host import purchase_event
  File "/opt/airflow/ingestion/local_producer_host.py", line 1, in <module>
    from confluent_kafka import Producer
ModuleNotFoundError: No module named 'confluent_kafka'
[2025-09-11T00:10:53.194+0000] {processor.py:842} WARNING - No viable dags retrieved from /opt/airflow/dags/data_pipeline.py
[2025-09-11T00:10:53.237+0000] {processor.py:183} INFO - Processing /opt/airflow/dags/data_pipeline.py took 0.348 seconds
[2025-09-11T00:11:23.596+0000] {processor.py:161} INFO - Started process (PID=307) to work on /opt/airflow/dags/data_pipeline.py
[2025-09-11T00:11:23.599+0000] {processor.py:830} INFO - Processing file /opt/airflow/dags/data_pipeline.py for tasks to queue
[2025-09-11T00:11:23.605+0000] {logging_mixin.py:188} INFO - [2025-09-11T00:11:23.604+0000] {dagbag.py:538} INFO - Filling up the DagBag from /opt/airflow/dags/data_pipeline.py
[2025-09-11T00:11:23.892+0000] {logging_mixin.py:188} INFO - Pyspark version: 3.5.1
[2025-09-11T00:11:23.902+0000] {logging_mixin.py:188} INFO - [2025-09-11T00:11:23.899+0000] {dagbag.py:348} ERROR - Failed to import: /opt/airflow/dags/data_pipeline.py
Traceback (most recent call last):
  File "/home/airflow/.local/lib/python3.8/site-packages/airflow/models/dagbag.py", line 344, in parse
    loader.exec_module(new_module)
  File "<frozen importlib._bootstrap_external>", line 843, in exec_module
  File "<frozen importlib._bootstrap>", line 219, in _call_with_frames_removed
  File "/opt/airflow/dags/data_pipeline.py", line 12, in <module>
    from ingestion.local_producer_host import purchase_event
  File "/opt/airflow/ingestion/local_producer_host.py", line 1, in <module>
    from confluent_kafka import Producer
ModuleNotFoundError: No module named 'confluent_kafka'
[2025-09-11T00:11:23.902+0000] {processor.py:842} WARNING - No viable dags retrieved from /opt/airflow/dags/data_pipeline.py
[2025-09-11T00:11:23.947+0000] {processor.py:183} INFO - Processing /opt/airflow/dags/data_pipeline.py took 0.359 seconds
[2025-09-11T00:11:54.304+0000] {processor.py:161} INFO - Started process (PID=308) to work on /opt/airflow/dags/data_pipeline.py
[2025-09-11T00:11:54.306+0000] {processor.py:830} INFO - Processing file /opt/airflow/dags/data_pipeline.py for tasks to queue
[2025-09-11T00:11:54.313+0000] {logging_mixin.py:188} INFO - [2025-09-11T00:11:54.312+0000] {dagbag.py:538} INFO - Filling up the DagBag from /opt/airflow/dags/data_pipeline.py
[2025-09-11T00:11:54.606+0000] {logging_mixin.py:188} INFO - Pyspark version: 3.5.1
[2025-09-11T00:11:54.657+0000] {logging_mixin.py:188} INFO - [2025-09-11T00:11:54.652+0000] {dagbag.py:348} ERROR - Failed to import: /opt/airflow/dags/data_pipeline.py
Traceback (most recent call last):
  File "/home/airflow/.local/lib/python3.8/site-packages/airflow/models/dagbag.py", line 344, in parse
    loader.exec_module(new_module)
  File "<frozen importlib._bootstrap_external>", line 843, in exec_module
  File "<frozen importlib._bootstrap>", line 219, in _call_with_frames_removed
  File "/opt/airflow/dags/data_pipeline.py", line 12, in <module>
    from ingestion.local_producer_host import purchase_event
  File "/opt/airflow/ingestion/local_producer_host.py", line 1, in <module>
    from confluent_kafka import Producer
ModuleNotFoundError: No module named 'confluent_kafka'
[2025-09-11T00:11:54.659+0000] {processor.py:842} WARNING - No viable dags retrieved from /opt/airflow/dags/data_pipeline.py
[2025-09-11T00:11:54.713+0000] {processor.py:183} INFO - Processing /opt/airflow/dags/data_pipeline.py took 0.419 seconds
[2025-09-11T00:12:25.111+0000] {processor.py:161} INFO - Started process (PID=309) to work on /opt/airflow/dags/data_pipeline.py
[2025-09-11T00:12:25.115+0000] {processor.py:830} INFO - Processing file /opt/airflow/dags/data_pipeline.py for tasks to queue
[2025-09-11T00:12:25.124+0000] {logging_mixin.py:188} INFO - [2025-09-11T00:12:25.123+0000] {dagbag.py:538} INFO - Filling up the DagBag from /opt/airflow/dags/data_pipeline.py
[2025-09-11T00:12:25.447+0000] {logging_mixin.py:188} INFO - Pyspark version: 3.5.1
[2025-09-11T00:12:25.457+0000] {logging_mixin.py:188} INFO - [2025-09-11T00:12:25.454+0000] {dagbag.py:348} ERROR - Failed to import: /opt/airflow/dags/data_pipeline.py
Traceback (most recent call last):
  File "/home/airflow/.local/lib/python3.8/site-packages/airflow/models/dagbag.py", line 344, in parse
    loader.exec_module(new_module)
  File "<frozen importlib._bootstrap_external>", line 843, in exec_module
  File "<frozen importlib._bootstrap>", line 219, in _call_with_frames_removed
  File "/opt/airflow/dags/data_pipeline.py", line 12, in <module>
    from ingestion.local_producer_host import purchase_event
  File "/opt/airflow/ingestion/local_producer_host.py", line 1, in <module>
    from confluent_kafka import Producer
ModuleNotFoundError: No module named 'confluent_kafka'
[2025-09-11T00:12:25.458+0000] {processor.py:842} WARNING - No viable dags retrieved from /opt/airflow/dags/data_pipeline.py
[2025-09-11T00:12:25.508+0000] {processor.py:183} INFO - Processing /opt/airflow/dags/data_pipeline.py took 0.404 seconds
[2025-09-11T00:12:55.846+0000] {processor.py:161} INFO - Started process (PID=310) to work on /opt/airflow/dags/data_pipeline.py
[2025-09-11T00:12:55.848+0000] {processor.py:830} INFO - Processing file /opt/airflow/dags/data_pipeline.py for tasks to queue
[2025-09-11T00:12:55.853+0000] {logging_mixin.py:188} INFO - [2025-09-11T00:12:55.853+0000] {dagbag.py:538} INFO - Filling up the DagBag from /opt/airflow/dags/data_pipeline.py
[2025-09-11T00:12:56.130+0000] {logging_mixin.py:188} INFO - Pyspark version: 3.5.1
[2025-09-11T00:12:56.136+0000] {logging_mixin.py:188} INFO - [2025-09-11T00:12:56.135+0000] {dagbag.py:348} ERROR - Failed to import: /opt/airflow/dags/data_pipeline.py
Traceback (most recent call last):
  File "/home/airflow/.local/lib/python3.8/site-packages/airflow/models/dagbag.py", line 344, in parse
    loader.exec_module(new_module)
  File "<frozen importlib._bootstrap_external>", line 843, in exec_module
  File "<frozen importlib._bootstrap>", line 219, in _call_with_frames_removed
  File "/opt/airflow/dags/data_pipeline.py", line 12, in <module>
    from ingestion.local_producer_host import purchase_event
  File "/opt/airflow/ingestion/local_producer_host.py", line 1, in <module>
    from confluent_kafka import Producer
ModuleNotFoundError: No module named 'confluent_kafka'
[2025-09-11T00:12:56.137+0000] {processor.py:842} WARNING - No viable dags retrieved from /opt/airflow/dags/data_pipeline.py
[2025-09-11T00:12:56.166+0000] {processor.py:183} INFO - Processing /opt/airflow/dags/data_pipeline.py took 0.330 seconds
[2025-09-11T00:13:26.511+0000] {processor.py:161} INFO - Started process (PID=311) to work on /opt/airflow/dags/data_pipeline.py
[2025-09-11T00:13:26.513+0000] {processor.py:830} INFO - Processing file /opt/airflow/dags/data_pipeline.py for tasks to queue
[2025-09-11T00:13:26.519+0000] {logging_mixin.py:188} INFO - [2025-09-11T00:13:26.518+0000] {dagbag.py:538} INFO - Filling up the DagBag from /opt/airflow/dags/data_pipeline.py
[2025-09-11T00:13:26.980+0000] {logging_mixin.py:188} INFO - Pyspark version: 3.5.1
[2025-09-11T00:13:27.006+0000] {logging_mixin.py:188} INFO - [2025-09-11T00:13:27.000+0000] {dagbag.py:348} ERROR - Failed to import: /opt/airflow/dags/data_pipeline.py
Traceback (most recent call last):
  File "/home/airflow/.local/lib/python3.8/site-packages/airflow/models/dagbag.py", line 344, in parse
    loader.exec_module(new_module)
  File "<frozen importlib._bootstrap_external>", line 843, in exec_module
  File "<frozen importlib._bootstrap>", line 219, in _call_with_frames_removed
  File "/opt/airflow/dags/data_pipeline.py", line 12, in <module>
    from ingestion.local_producer_host import purchase_event
  File "/opt/airflow/ingestion/local_producer_host.py", line 1, in <module>
    from confluent_kafka import Producer
ModuleNotFoundError: No module named 'confluent_kafka'
[2025-09-11T00:13:27.008+0000] {processor.py:842} WARNING - No viable dags retrieved from /opt/airflow/dags/data_pipeline.py
[2025-09-11T00:13:27.089+0000] {processor.py:183} INFO - Processing /opt/airflow/dags/data_pipeline.py took 0.587 seconds
[2025-09-11T00:13:57.485+0000] {processor.py:161} INFO - Started process (PID=312) to work on /opt/airflow/dags/data_pipeline.py
[2025-09-11T00:13:57.488+0000] {processor.py:830} INFO - Processing file /opt/airflow/dags/data_pipeline.py for tasks to queue
[2025-09-11T00:13:57.492+0000] {logging_mixin.py:188} INFO - [2025-09-11T00:13:57.492+0000] {dagbag.py:538} INFO - Filling up the DagBag from /opt/airflow/dags/data_pipeline.py
[2025-09-11T00:13:57.801+0000] {logging_mixin.py:188} INFO - Pyspark version: 3.5.1
[2025-09-11T00:13:57.815+0000] {logging_mixin.py:188} INFO - [2025-09-11T00:13:57.811+0000] {dagbag.py:348} ERROR - Failed to import: /opt/airflow/dags/data_pipeline.py
Traceback (most recent call last):
  File "/home/airflow/.local/lib/python3.8/site-packages/airflow/models/dagbag.py", line 344, in parse
    loader.exec_module(new_module)
  File "<frozen importlib._bootstrap_external>", line 843, in exec_module
  File "<frozen importlib._bootstrap>", line 219, in _call_with_frames_removed
  File "/opt/airflow/dags/data_pipeline.py", line 12, in <module>
    from ingestion.local_producer_host import purchase_event
  File "/opt/airflow/ingestion/local_producer_host.py", line 1, in <module>
    from confluent_kafka import Producer
ModuleNotFoundError: No module named 'confluent_kafka'
[2025-09-11T00:13:57.817+0000] {processor.py:842} WARNING - No viable dags retrieved from /opt/airflow/dags/data_pipeline.py
[2025-09-11T00:13:57.878+0000] {processor.py:183} INFO - Processing /opt/airflow/dags/data_pipeline.py took 0.401 seconds
[2025-09-11T00:14:28.118+0000] {processor.py:161} INFO - Started process (PID=313) to work on /opt/airflow/dags/data_pipeline.py
[2025-09-11T00:14:28.121+0000] {processor.py:830} INFO - Processing file /opt/airflow/dags/data_pipeline.py for tasks to queue
[2025-09-11T00:14:28.128+0000] {logging_mixin.py:188} INFO - [2025-09-11T00:14:28.127+0000] {dagbag.py:538} INFO - Filling up the DagBag from /opt/airflow/dags/data_pipeline.py
[2025-09-11T00:14:28.436+0000] {logging_mixin.py:188} INFO - Pyspark version: 3.5.1
[2025-09-11T00:14:28.444+0000] {logging_mixin.py:188} INFO - [2025-09-11T00:14:28.442+0000] {dagbag.py:348} ERROR - Failed to import: /opt/airflow/dags/data_pipeline.py
Traceback (most recent call last):
  File "/home/airflow/.local/lib/python3.8/site-packages/airflow/models/dagbag.py", line 344, in parse
    loader.exec_module(new_module)
  File "<frozen importlib._bootstrap_external>", line 843, in exec_module
  File "<frozen importlib._bootstrap>", line 219, in _call_with_frames_removed
  File "/opt/airflow/dags/data_pipeline.py", line 12, in <module>
    from ingestion.local_producer_host import purchase_event
  File "/opt/airflow/ingestion/local_producer_host.py", line 1, in <module>
    from confluent_kafka import Producer
ModuleNotFoundError: No module named 'confluent_kafka'
[2025-09-11T00:14:28.445+0000] {processor.py:842} WARNING - No viable dags retrieved from /opt/airflow/dags/data_pipeline.py
[2025-09-11T00:14:28.485+0000] {processor.py:183} INFO - Processing /opt/airflow/dags/data_pipeline.py took 0.379 seconds
[2025-09-11T00:14:58.553+0000] {processor.py:161} INFO - Started process (PID=314) to work on /opt/airflow/dags/data_pipeline.py
[2025-09-11T00:14:58.556+0000] {processor.py:830} INFO - Processing file /opt/airflow/dags/data_pipeline.py for tasks to queue
[2025-09-11T00:14:58.561+0000] {logging_mixin.py:188} INFO - [2025-09-11T00:14:58.561+0000] {dagbag.py:538} INFO - Filling up the DagBag from /opt/airflow/dags/data_pipeline.py
[2025-09-11T00:14:59.716+0000] {logging_mixin.py:188} INFO - Pyspark version: 3.5.1
[2025-09-11T00:14:59.746+0000] {logging_mixin.py:188} INFO - [2025-09-11T00:14:59.736+0000] {dagbag.py:348} ERROR - Failed to import: /opt/airflow/dags/data_pipeline.py
Traceback (most recent call last):
  File "/home/airflow/.local/lib/python3.8/site-packages/airflow/models/dagbag.py", line 344, in parse
    loader.exec_module(new_module)
  File "<frozen importlib._bootstrap_external>", line 843, in exec_module
  File "<frozen importlib._bootstrap>", line 219, in _call_with_frames_removed
  File "/opt/airflow/dags/data_pipeline.py", line 12, in <module>
    from ingestion.local_producer_host import purchase_event
  File "/opt/airflow/ingestion/local_producer_host.py", line 1, in <module>
    from confluent_kafka import Producer
ModuleNotFoundError: No module named 'confluent_kafka'
[2025-09-11T00:14:59.749+0000] {processor.py:842} WARNING - No viable dags retrieved from /opt/airflow/dags/data_pipeline.py
[2025-09-11T00:14:59.830+0000] {processor.py:183} INFO - Processing /opt/airflow/dags/data_pipeline.py took 1.284 seconds
[2025-09-11T00:15:29.988+0000] {processor.py:161} INFO - Started process (PID=315) to work on /opt/airflow/dags/data_pipeline.py
[2025-09-11T00:15:29.990+0000] {processor.py:830} INFO - Processing file /opt/airflow/dags/data_pipeline.py for tasks to queue
[2025-09-11T00:15:29.999+0000] {logging_mixin.py:188} INFO - [2025-09-11T00:15:29.998+0000] {dagbag.py:538} INFO - Filling up the DagBag from /opt/airflow/dags/data_pipeline.py
[2025-09-11T00:15:30.340+0000] {logging_mixin.py:188} INFO - Pyspark version: 3.5.1
[2025-09-11T00:15:30.451+0000] {logging_mixin.py:188} INFO - [2025-09-11T00:15:30.445+0000] {dagbag.py:348} ERROR - Failed to import: /opt/airflow/dags/data_pipeline.py
Traceback (most recent call last):
  File "/home/airflow/.local/lib/python3.8/site-packages/airflow/models/dagbag.py", line 344, in parse
    loader.exec_module(new_module)
  File "<frozen importlib._bootstrap_external>", line 843, in exec_module
  File "<frozen importlib._bootstrap>", line 219, in _call_with_frames_removed
  File "/opt/airflow/dags/data_pipeline.py", line 12, in <module>
    from ingestion.local_producer_host import purchase_event
  File "/opt/airflow/ingestion/local_producer_host.py", line 1, in <module>
    from confluent_kafka import Producer
ModuleNotFoundError: No module named 'confluent_kafka'
[2025-09-11T00:15:30.453+0000] {processor.py:842} WARNING - No viable dags retrieved from /opt/airflow/dags/data_pipeline.py
[2025-09-11T00:15:30.517+0000] {processor.py:183} INFO - Processing /opt/airflow/dags/data_pipeline.py took 0.537 seconds
[2025-09-11T00:16:00.798+0000] {processor.py:161} INFO - Started process (PID=316) to work on /opt/airflow/dags/data_pipeline.py
[2025-09-11T00:16:00.800+0000] {processor.py:830} INFO - Processing file /opt/airflow/dags/data_pipeline.py for tasks to queue
[2025-09-11T00:16:00.807+0000] {logging_mixin.py:188} INFO - [2025-09-11T00:16:00.806+0000] {dagbag.py:538} INFO - Filling up the DagBag from /opt/airflow/dags/data_pipeline.py
[2025-09-11T00:16:01.090+0000] {logging_mixin.py:188} INFO - Pyspark version: 3.5.1
[2025-09-11T00:16:01.101+0000] {logging_mixin.py:188} INFO - [2025-09-11T00:16:01.097+0000] {dagbag.py:348} ERROR - Failed to import: /opt/airflow/dags/data_pipeline.py
Traceback (most recent call last):
  File "/home/airflow/.local/lib/python3.8/site-packages/airflow/models/dagbag.py", line 344, in parse
    loader.exec_module(new_module)
  File "<frozen importlib._bootstrap_external>", line 843, in exec_module
  File "<frozen importlib._bootstrap>", line 219, in _call_with_frames_removed
  File "/opt/airflow/dags/data_pipeline.py", line 12, in <module>
    from ingestion.local_producer_host import purchase_event
  File "/opt/airflow/ingestion/local_producer_host.py", line 1, in <module>
    from confluent_kafka import Producer
ModuleNotFoundError: No module named 'confluent_kafka'
[2025-09-11T00:16:01.103+0000] {processor.py:842} WARNING - No viable dags retrieved from /opt/airflow/dags/data_pipeline.py
[2025-09-11T00:16:01.152+0000] {processor.py:183} INFO - Processing /opt/airflow/dags/data_pipeline.py took 0.363 seconds
[2025-09-11T00:16:31.216+0000] {processor.py:161} INFO - Started process (PID=317) to work on /opt/airflow/dags/data_pipeline.py
[2025-09-11T00:16:31.220+0000] {processor.py:830} INFO - Processing file /opt/airflow/dags/data_pipeline.py for tasks to queue
[2025-09-11T00:16:31.228+0000] {logging_mixin.py:188} INFO - [2025-09-11T00:16:31.227+0000] {dagbag.py:538} INFO - Filling up the DagBag from /opt/airflow/dags/data_pipeline.py
[2025-09-11T00:16:31.505+0000] {logging_mixin.py:188} INFO - Pyspark version: 3.5.1
[2025-09-11T00:16:31.517+0000] {logging_mixin.py:188} INFO - [2025-09-11T00:16:31.513+0000] {dagbag.py:348} ERROR - Failed to import: /opt/airflow/dags/data_pipeline.py
Traceback (most recent call last):
  File "/home/airflow/.local/lib/python3.8/site-packages/airflow/models/dagbag.py", line 344, in parse
    loader.exec_module(new_module)
  File "<frozen importlib._bootstrap_external>", line 843, in exec_module
  File "<frozen importlib._bootstrap>", line 219, in _call_with_frames_removed
  File "/opt/airflow/dags/data_pipeline.py", line 12, in <module>
    from ingestion.local_producer_host import purchase_event
  File "/opt/airflow/ingestion/local_producer_host.py", line 1, in <module>
    from confluent_kafka import Producer
ModuleNotFoundError: No module named 'confluent_kafka'
[2025-09-11T00:16:31.518+0000] {processor.py:842} WARNING - No viable dags retrieved from /opt/airflow/dags/data_pipeline.py
[2025-09-11T00:16:31.550+0000] {processor.py:183} INFO - Processing /opt/airflow/dags/data_pipeline.py took 0.344 seconds
[2025-09-11T00:17:01.830+0000] {processor.py:161} INFO - Started process (PID=318) to work on /opt/airflow/dags/data_pipeline.py
[2025-09-11T00:17:01.832+0000] {processor.py:830} INFO - Processing file /opt/airflow/dags/data_pipeline.py for tasks to queue
[2025-09-11T00:17:01.840+0000] {logging_mixin.py:188} INFO - [2025-09-11T00:17:01.838+0000] {dagbag.py:538} INFO - Filling up the DagBag from /opt/airflow/dags/data_pipeline.py
[2025-09-11T00:17:02.265+0000] {logging_mixin.py:188} INFO - Pyspark version: 3.5.1
[2025-09-11T00:17:02.279+0000] {logging_mixin.py:188} INFO - [2025-09-11T00:17:02.276+0000] {dagbag.py:348} ERROR - Failed to import: /opt/airflow/dags/data_pipeline.py
Traceback (most recent call last):
  File "/home/airflow/.local/lib/python3.8/site-packages/airflow/models/dagbag.py", line 344, in parse
    loader.exec_module(new_module)
  File "<frozen importlib._bootstrap_external>", line 843, in exec_module
  File "<frozen importlib._bootstrap>", line 219, in _call_with_frames_removed
  File "/opt/airflow/dags/data_pipeline.py", line 12, in <module>
    from ingestion.local_producer_host import purchase_event
  File "/opt/airflow/ingestion/local_producer_host.py", line 1, in <module>
    from confluent_kafka import Producer
ModuleNotFoundError: No module named 'confluent_kafka'
[2025-09-11T00:17:02.280+0000] {processor.py:842} WARNING - No viable dags retrieved from /opt/airflow/dags/data_pipeline.py
[2025-09-11T00:17:02.331+0000] {processor.py:183} INFO - Processing /opt/airflow/dags/data_pipeline.py took 0.512 seconds
[2025-09-11T00:17:33.013+0000] {processor.py:161} INFO - Started process (PID=319) to work on /opt/airflow/dags/data_pipeline.py
[2025-09-11T00:17:33.020+0000] {processor.py:830} INFO - Processing file /opt/airflow/dags/data_pipeline.py for tasks to queue
[2025-09-11T00:17:33.029+0000] {logging_mixin.py:188} INFO - [2025-09-11T00:17:33.028+0000] {dagbag.py:538} INFO - Filling up the DagBag from /opt/airflow/dags/data_pipeline.py
[2025-09-11T00:17:33.695+0000] {logging_mixin.py:188} INFO - Pyspark version: 3.5.1
[2025-09-11T00:17:33.711+0000] {logging_mixin.py:188} INFO - [2025-09-11T00:17:33.705+0000] {dagbag.py:348} ERROR - Failed to import: /opt/airflow/dags/data_pipeline.py
Traceback (most recent call last):
  File "/home/airflow/.local/lib/python3.8/site-packages/airflow/models/dagbag.py", line 344, in parse
    loader.exec_module(new_module)
  File "<frozen importlib._bootstrap_external>", line 843, in exec_module
  File "<frozen importlib._bootstrap>", line 219, in _call_with_frames_removed
  File "/opt/airflow/dags/data_pipeline.py", line 12, in <module>
    from ingestion.local_producer_host import purchase_event
  File "/opt/airflow/ingestion/local_producer_host.py", line 1, in <module>
    from confluent_kafka import Producer
ModuleNotFoundError: No module named 'confluent_kafka'
[2025-09-11T00:17:33.713+0000] {processor.py:842} WARNING - No viable dags retrieved from /opt/airflow/dags/data_pipeline.py
[2025-09-11T00:17:33.776+0000] {processor.py:183} INFO - Processing /opt/airflow/dags/data_pipeline.py took 0.777 seconds
[2025-09-11T00:18:04.243+0000] {processor.py:161} INFO - Started process (PID=320) to work on /opt/airflow/dags/data_pipeline.py
[2025-09-11T00:18:04.247+0000] {processor.py:830} INFO - Processing file /opt/airflow/dags/data_pipeline.py for tasks to queue
[2025-09-11T00:18:04.254+0000] {logging_mixin.py:188} INFO - [2025-09-11T00:18:04.253+0000] {dagbag.py:538} INFO - Filling up the DagBag from /opt/airflow/dags/data_pipeline.py
[2025-09-11T00:18:04.585+0000] {logging_mixin.py:188} INFO - Pyspark version: 3.5.1
[2025-09-11T00:18:04.597+0000] {logging_mixin.py:188} INFO - [2025-09-11T00:18:04.593+0000] {dagbag.py:348} ERROR - Failed to import: /opt/airflow/dags/data_pipeline.py
Traceback (most recent call last):
  File "/home/airflow/.local/lib/python3.8/site-packages/airflow/models/dagbag.py", line 344, in parse
    loader.exec_module(new_module)
  File "<frozen importlib._bootstrap_external>", line 843, in exec_module
  File "<frozen importlib._bootstrap>", line 219, in _call_with_frames_removed
  File "/opt/airflow/dags/data_pipeline.py", line 12, in <module>
    from ingestion.local_producer_host import purchase_event
  File "/opt/airflow/ingestion/local_producer_host.py", line 1, in <module>
    from confluent_kafka import Producer
ModuleNotFoundError: No module named 'confluent_kafka'
[2025-09-11T00:18:04.597+0000] {processor.py:842} WARNING - No viable dags retrieved from /opt/airflow/dags/data_pipeline.py
[2025-09-11T00:18:04.652+0000] {processor.py:183} INFO - Processing /opt/airflow/dags/data_pipeline.py took 0.416 seconds
[2025-09-11T00:18:34.814+0000] {processor.py:161} INFO - Started process (PID=321) to work on /opt/airflow/dags/data_pipeline.py
[2025-09-11T00:18:34.819+0000] {processor.py:830} INFO - Processing file /opt/airflow/dags/data_pipeline.py for tasks to queue
[2025-09-11T00:18:34.826+0000] {logging_mixin.py:188} INFO - [2025-09-11T00:18:34.824+0000] {dagbag.py:538} INFO - Filling up the DagBag from /opt/airflow/dags/data_pipeline.py
[2025-09-11T00:18:35.351+0000] {logging_mixin.py:188} INFO - Pyspark version: 3.5.1
[2025-09-11T00:18:35.366+0000] {logging_mixin.py:188} INFO - [2025-09-11T00:18:35.361+0000] {dagbag.py:348} ERROR - Failed to import: /opt/airflow/dags/data_pipeline.py
Traceback (most recent call last):
  File "/home/airflow/.local/lib/python3.8/site-packages/airflow/models/dagbag.py", line 344, in parse
    loader.exec_module(new_module)
  File "<frozen importlib._bootstrap_external>", line 843, in exec_module
  File "<frozen importlib._bootstrap>", line 219, in _call_with_frames_removed
  File "/opt/airflow/dags/data_pipeline.py", line 12, in <module>
    from ingestion.local_producer_host import purchase_event
  File "/opt/airflow/ingestion/local_producer_host.py", line 1, in <module>
    from confluent_kafka import Producer
ModuleNotFoundError: No module named 'confluent_kafka'
[2025-09-11T00:18:35.368+0000] {processor.py:842} WARNING - No viable dags retrieved from /opt/airflow/dags/data_pipeline.py
[2025-09-11T00:18:35.411+0000] {processor.py:183} INFO - Processing /opt/airflow/dags/data_pipeline.py took 0.613 seconds
[2025-09-11T00:19:05.950+0000] {processor.py:161} INFO - Started process (PID=322) to work on /opt/airflow/dags/data_pipeline.py
[2025-09-11T00:19:05.953+0000] {processor.py:830} INFO - Processing file /opt/airflow/dags/data_pipeline.py for tasks to queue
[2025-09-11T00:19:05.962+0000] {logging_mixin.py:188} INFO - [2025-09-11T00:19:05.960+0000] {dagbag.py:538} INFO - Filling up the DagBag from /opt/airflow/dags/data_pipeline.py
[2025-09-11T00:19:06.471+0000] {logging_mixin.py:188} INFO - Pyspark version: 3.5.1
[2025-09-11T00:19:06.485+0000] {logging_mixin.py:188} INFO - [2025-09-11T00:19:06.481+0000] {dagbag.py:348} ERROR - Failed to import: /opt/airflow/dags/data_pipeline.py
Traceback (most recent call last):
  File "/home/airflow/.local/lib/python3.8/site-packages/airflow/models/dagbag.py", line 344, in parse
    loader.exec_module(new_module)
  File "<frozen importlib._bootstrap_external>", line 843, in exec_module
  File "<frozen importlib._bootstrap>", line 219, in _call_with_frames_removed
  File "/opt/airflow/dags/data_pipeline.py", line 12, in <module>
    from ingestion.local_producer_host import purchase_event
  File "/opt/airflow/ingestion/local_producer_host.py", line 1, in <module>
    from confluent_kafka import Producer
ModuleNotFoundError: No module named 'confluent_kafka'
[2025-09-11T00:19:06.486+0000] {processor.py:842} WARNING - No viable dags retrieved from /opt/airflow/dags/data_pipeline.py
[2025-09-11T00:19:06.543+0000] {processor.py:183} INFO - Processing /opt/airflow/dags/data_pipeline.py took 0.606 seconds
[2025-09-11T00:19:36.672+0000] {processor.py:161} INFO - Started process (PID=323) to work on /opt/airflow/dags/data_pipeline.py
[2025-09-11T00:19:36.674+0000] {processor.py:830} INFO - Processing file /opt/airflow/dags/data_pipeline.py for tasks to queue
[2025-09-11T00:19:36.679+0000] {logging_mixin.py:188} INFO - [2025-09-11T00:19:36.678+0000] {dagbag.py:538} INFO - Filling up the DagBag from /opt/airflow/dags/data_pipeline.py
[2025-09-11T00:19:36.945+0000] {logging_mixin.py:188} INFO - Pyspark version: 3.5.1
[2025-09-11T00:19:36.954+0000] {logging_mixin.py:188} INFO - [2025-09-11T00:19:36.951+0000] {dagbag.py:348} ERROR - Failed to import: /opt/airflow/dags/data_pipeline.py
Traceback (most recent call last):
  File "/home/airflow/.local/lib/python3.8/site-packages/airflow/models/dagbag.py", line 344, in parse
    loader.exec_module(new_module)
  File "<frozen importlib._bootstrap_external>", line 843, in exec_module
  File "<frozen importlib._bootstrap>", line 219, in _call_with_frames_removed
  File "/opt/airflow/dags/data_pipeline.py", line 12, in <module>
    from ingestion.local_producer_host import purchase_event
  File "/opt/airflow/ingestion/local_producer_host.py", line 1, in <module>
    from confluent_kafka import Producer
ModuleNotFoundError: No module named 'confluent_kafka'
[2025-09-11T00:19:36.955+0000] {processor.py:842} WARNING - No viable dags retrieved from /opt/airflow/dags/data_pipeline.py
[2025-09-11T00:19:36.988+0000] {processor.py:183} INFO - Processing /opt/airflow/dags/data_pipeline.py took 0.326 seconds
[2025-09-11T00:20:07.198+0000] {processor.py:161} INFO - Started process (PID=324) to work on /opt/airflow/dags/data_pipeline.py
[2025-09-11T00:20:07.199+0000] {processor.py:830} INFO - Processing file /opt/airflow/dags/data_pipeline.py for tasks to queue
[2025-09-11T00:20:07.206+0000] {logging_mixin.py:188} INFO - [2025-09-11T00:20:07.205+0000] {dagbag.py:538} INFO - Filling up the DagBag from /opt/airflow/dags/data_pipeline.py
[2025-09-11T00:20:07.520+0000] {logging_mixin.py:188} INFO - Pyspark version: 3.5.1
[2025-09-11T00:20:07.528+0000] {logging_mixin.py:188} INFO - [2025-09-11T00:20:07.525+0000] {dagbag.py:348} ERROR - Failed to import: /opt/airflow/dags/data_pipeline.py
Traceback (most recent call last):
  File "/home/airflow/.local/lib/python3.8/site-packages/airflow/models/dagbag.py", line 344, in parse
    loader.exec_module(new_module)
  File "<frozen importlib._bootstrap_external>", line 843, in exec_module
  File "<frozen importlib._bootstrap>", line 219, in _call_with_frames_removed
  File "/opt/airflow/dags/data_pipeline.py", line 12, in <module>
    from ingestion.local_producer_host import purchase_event
  File "/opt/airflow/ingestion/local_producer_host.py", line 1, in <module>
    from confluent_kafka import Producer
ModuleNotFoundError: No module named 'confluent_kafka'
[2025-09-11T00:20:07.529+0000] {processor.py:842} WARNING - No viable dags retrieved from /opt/airflow/dags/data_pipeline.py
[2025-09-11T00:20:07.567+0000] {processor.py:183} INFO - Processing /opt/airflow/dags/data_pipeline.py took 0.380 seconds
[2025-09-11T00:20:37.868+0000] {processor.py:161} INFO - Started process (PID=325) to work on /opt/airflow/dags/data_pipeline.py
[2025-09-11T00:20:37.872+0000] {processor.py:830} INFO - Processing file /opt/airflow/dags/data_pipeline.py for tasks to queue
[2025-09-11T00:20:37.882+0000] {logging_mixin.py:188} INFO - [2025-09-11T00:20:37.881+0000] {dagbag.py:538} INFO - Filling up the DagBag from /opt/airflow/dags/data_pipeline.py
[2025-09-11T00:20:38.360+0000] {logging_mixin.py:188} INFO - Pyspark version: 3.5.1
[2025-09-11T00:20:38.373+0000] {logging_mixin.py:188} INFO - [2025-09-11T00:20:38.370+0000] {dagbag.py:348} ERROR - Failed to import: /opt/airflow/dags/data_pipeline.py
Traceback (most recent call last):
  File "/home/airflow/.local/lib/python3.8/site-packages/airflow/models/dagbag.py", line 344, in parse
    loader.exec_module(new_module)
  File "<frozen importlib._bootstrap_external>", line 843, in exec_module
  File "<frozen importlib._bootstrap>", line 219, in _call_with_frames_removed
  File "/opt/airflow/dags/data_pipeline.py", line 12, in <module>
    from ingestion.local_producer_host import purchase_event
  File "/opt/airflow/ingestion/local_producer_host.py", line 1, in <module>
    from confluent_kafka import Producer
ModuleNotFoundError: No module named 'confluent_kafka'
[2025-09-11T00:20:38.375+0000] {processor.py:842} WARNING - No viable dags retrieved from /opt/airflow/dags/data_pipeline.py
[2025-09-11T00:20:38.421+0000] {processor.py:183} INFO - Processing /opt/airflow/dags/data_pipeline.py took 0.570 seconds
[2025-09-11T00:21:09.114+0000] {processor.py:161} INFO - Started process (PID=326) to work on /opt/airflow/dags/data_pipeline.py
[2025-09-11T00:21:09.116+0000] {processor.py:830} INFO - Processing file /opt/airflow/dags/data_pipeline.py for tasks to queue
[2025-09-11T00:21:09.126+0000] {logging_mixin.py:188} INFO - [2025-09-11T00:21:09.125+0000] {dagbag.py:538} INFO - Filling up the DagBag from /opt/airflow/dags/data_pipeline.py
[2025-09-11T00:21:09.451+0000] {logging_mixin.py:188} INFO - Pyspark version: 3.5.1
[2025-09-11T00:21:09.465+0000] {logging_mixin.py:188} INFO - [2025-09-11T00:21:09.462+0000] {dagbag.py:348} ERROR - Failed to import: /opt/airflow/dags/data_pipeline.py
Traceback (most recent call last):
  File "/home/airflow/.local/lib/python3.8/site-packages/airflow/models/dagbag.py", line 344, in parse
    loader.exec_module(new_module)
  File "<frozen importlib._bootstrap_external>", line 843, in exec_module
  File "<frozen importlib._bootstrap>", line 219, in _call_with_frames_removed
  File "/opt/airflow/dags/data_pipeline.py", line 12, in <module>
    from ingestion.local_producer_host import purchase_event
  File "/opt/airflow/ingestion/local_producer_host.py", line 1, in <module>
    from confluent_kafka import Producer
ModuleNotFoundError: No module named 'confluent_kafka'
[2025-09-11T00:21:09.467+0000] {processor.py:842} WARNING - No viable dags retrieved from /opt/airflow/dags/data_pipeline.py
[2025-09-11T00:21:09.513+0000] {processor.py:183} INFO - Processing /opt/airflow/dags/data_pipeline.py took 0.412 seconds
[2025-09-11T00:21:39.673+0000] {processor.py:161} INFO - Started process (PID=327) to work on /opt/airflow/dags/data_pipeline.py
[2025-09-11T00:21:39.675+0000] {processor.py:830} INFO - Processing file /opt/airflow/dags/data_pipeline.py for tasks to queue
[2025-09-11T00:21:39.681+0000] {logging_mixin.py:188} INFO - [2025-09-11T00:21:39.680+0000] {dagbag.py:538} INFO - Filling up the DagBag from /opt/airflow/dags/data_pipeline.py
[2025-09-11T00:21:39.946+0000] {logging_mixin.py:188} INFO - Pyspark version: 3.5.1
[2025-09-11T00:21:39.955+0000] {logging_mixin.py:188} INFO - [2025-09-11T00:21:39.951+0000] {dagbag.py:348} ERROR - Failed to import: /opt/airflow/dags/data_pipeline.py
Traceback (most recent call last):
  File "/home/airflow/.local/lib/python3.8/site-packages/airflow/models/dagbag.py", line 344, in parse
    loader.exec_module(new_module)
  File "<frozen importlib._bootstrap_external>", line 843, in exec_module
  File "<frozen importlib._bootstrap>", line 219, in _call_with_frames_removed
  File "/opt/airflow/dags/data_pipeline.py", line 12, in <module>
    from ingestion.local_producer_host import purchase_event
  File "/opt/airflow/ingestion/local_producer_host.py", line 1, in <module>
    from confluent_kafka import Producer
ModuleNotFoundError: No module named 'confluent_kafka'
[2025-09-11T00:21:39.955+0000] {processor.py:842} WARNING - No viable dags retrieved from /opt/airflow/dags/data_pipeline.py
[2025-09-11T00:21:39.985+0000] {processor.py:183} INFO - Processing /opt/airflow/dags/data_pipeline.py took 0.320 seconds
[2025-09-11T00:22:10.172+0000] {processor.py:161} INFO - Started process (PID=328) to work on /opt/airflow/dags/data_pipeline.py
[2025-09-11T00:22:10.174+0000] {processor.py:830} INFO - Processing file /opt/airflow/dags/data_pipeline.py for tasks to queue
[2025-09-11T00:22:10.182+0000] {logging_mixin.py:188} INFO - [2025-09-11T00:22:10.182+0000] {dagbag.py:538} INFO - Filling up the DagBag from /opt/airflow/dags/data_pipeline.py
[2025-09-11T00:22:10.447+0000] {logging_mixin.py:188} INFO - Pyspark version: 3.5.1
[2025-09-11T00:22:10.456+0000] {logging_mixin.py:188} INFO - [2025-09-11T00:22:10.452+0000] {dagbag.py:348} ERROR - Failed to import: /opt/airflow/dags/data_pipeline.py
Traceback (most recent call last):
  File "/home/airflow/.local/lib/python3.8/site-packages/airflow/models/dagbag.py", line 344, in parse
    loader.exec_module(new_module)
  File "<frozen importlib._bootstrap_external>", line 843, in exec_module
  File "<frozen importlib._bootstrap>", line 219, in _call_with_frames_removed
  File "/opt/airflow/dags/data_pipeline.py", line 12, in <module>
    from ingestion.local_producer_host import purchase_event
  File "/opt/airflow/ingestion/local_producer_host.py", line 1, in <module>
    from confluent_kafka import Producer
ModuleNotFoundError: No module named 'confluent_kafka'
[2025-09-11T00:22:10.457+0000] {processor.py:842} WARNING - No viable dags retrieved from /opt/airflow/dags/data_pipeline.py
[2025-09-11T00:22:10.495+0000] {processor.py:183} INFO - Processing /opt/airflow/dags/data_pipeline.py took 0.335 seconds
[2025-09-11T00:22:40.628+0000] {processor.py:161} INFO - Started process (PID=329) to work on /opt/airflow/dags/data_pipeline.py
[2025-09-11T00:22:40.631+0000] {processor.py:830} INFO - Processing file /opt/airflow/dags/data_pipeline.py for tasks to queue
[2025-09-11T00:22:40.637+0000] {logging_mixin.py:188} INFO - [2025-09-11T00:22:40.636+0000] {dagbag.py:538} INFO - Filling up the DagBag from /opt/airflow/dags/data_pipeline.py
[2025-09-11T00:22:41.002+0000] {logging_mixin.py:188} INFO - Pyspark version: 3.5.1
[2025-09-11T00:22:41.015+0000] {logging_mixin.py:188} INFO - [2025-09-11T00:22:41.012+0000] {dagbag.py:348} ERROR - Failed to import: /opt/airflow/dags/data_pipeline.py
Traceback (most recent call last):
  File "/home/airflow/.local/lib/python3.8/site-packages/airflow/models/dagbag.py", line 344, in parse
    loader.exec_module(new_module)
  File "<frozen importlib._bootstrap_external>", line 843, in exec_module
  File "<frozen importlib._bootstrap>", line 219, in _call_with_frames_removed
  File "/opt/airflow/dags/data_pipeline.py", line 12, in <module>
    from ingestion.local_producer_host import purchase_event
  File "/opt/airflow/ingestion/local_producer_host.py", line 1, in <module>
    from confluent_kafka import Producer
ModuleNotFoundError: No module named 'confluent_kafka'
[2025-09-11T00:22:41.016+0000] {processor.py:842} WARNING - No viable dags retrieved from /opt/airflow/dags/data_pipeline.py
[2025-09-11T00:22:41.051+0000] {processor.py:183} INFO - Processing /opt/airflow/dags/data_pipeline.py took 0.431 seconds
[2025-09-11T00:23:11.163+0000] {processor.py:161} INFO - Started process (PID=330) to work on /opt/airflow/dags/data_pipeline.py
[2025-09-11T00:23:11.165+0000] {processor.py:830} INFO - Processing file /opt/airflow/dags/data_pipeline.py for tasks to queue
[2025-09-11T00:23:11.169+0000] {logging_mixin.py:188} INFO - [2025-09-11T00:23:11.168+0000] {dagbag.py:538} INFO - Filling up the DagBag from /opt/airflow/dags/data_pipeline.py
[2025-09-11T00:23:11.423+0000] {logging_mixin.py:188} INFO - Pyspark version: 3.5.1
[2025-09-11T00:23:11.430+0000] {logging_mixin.py:188} INFO - [2025-09-11T00:23:11.428+0000] {dagbag.py:348} ERROR - Failed to import: /opt/airflow/dags/data_pipeline.py
Traceback (most recent call last):
  File "/home/airflow/.local/lib/python3.8/site-packages/airflow/models/dagbag.py", line 344, in parse
    loader.exec_module(new_module)
  File "<frozen importlib._bootstrap_external>", line 843, in exec_module
  File "<frozen importlib._bootstrap>", line 219, in _call_with_frames_removed
  File "/opt/airflow/dags/data_pipeline.py", line 12, in <module>
    from ingestion.local_producer_host import purchase_event
  File "/opt/airflow/ingestion/local_producer_host.py", line 1, in <module>
    from confluent_kafka import Producer
ModuleNotFoundError: No module named 'confluent_kafka'
[2025-09-11T00:23:11.430+0000] {processor.py:842} WARNING - No viable dags retrieved from /opt/airflow/dags/data_pipeline.py
[2025-09-11T00:23:11.465+0000] {processor.py:183} INFO - Processing /opt/airflow/dags/data_pipeline.py took 0.312 seconds
[2025-09-11T00:23:41.673+0000] {processor.py:161} INFO - Started process (PID=331) to work on /opt/airflow/dags/data_pipeline.py
[2025-09-11T00:23:41.675+0000] {processor.py:830} INFO - Processing file /opt/airflow/dags/data_pipeline.py for tasks to queue
[2025-09-11T00:23:41.679+0000] {logging_mixin.py:188} INFO - [2025-09-11T00:23:41.679+0000] {dagbag.py:538} INFO - Filling up the DagBag from /opt/airflow/dags/data_pipeline.py
[2025-09-11T00:23:41.967+0000] {logging_mixin.py:188} INFO - Pyspark version: 3.5.1
[2025-09-11T00:23:41.977+0000] {logging_mixin.py:188} INFO - [2025-09-11T00:23:41.975+0000] {dagbag.py:348} ERROR - Failed to import: /opt/airflow/dags/data_pipeline.py
Traceback (most recent call last):
  File "/home/airflow/.local/lib/python3.8/site-packages/airflow/models/dagbag.py", line 344, in parse
    loader.exec_module(new_module)
  File "<frozen importlib._bootstrap_external>", line 843, in exec_module
  File "<frozen importlib._bootstrap>", line 219, in _call_with_frames_removed
  File "/opt/airflow/dags/data_pipeline.py", line 12, in <module>
    from ingestion.local_producer_host import purchase_event
  File "/opt/airflow/ingestion/local_producer_host.py", line 1, in <module>
    from confluent_kafka import Producer
ModuleNotFoundError: No module named 'confluent_kafka'
[2025-09-11T00:23:41.978+0000] {processor.py:842} WARNING - No viable dags retrieved from /opt/airflow/dags/data_pipeline.py
[2025-09-11T00:23:42.021+0000] {processor.py:183} INFO - Processing /opt/airflow/dags/data_pipeline.py took 0.356 seconds
[2025-09-11T00:24:12.238+0000] {processor.py:161} INFO - Started process (PID=332) to work on /opt/airflow/dags/data_pipeline.py
[2025-09-11T00:24:12.240+0000] {processor.py:830} INFO - Processing file /opt/airflow/dags/data_pipeline.py for tasks to queue
[2025-09-11T00:24:12.246+0000] {logging_mixin.py:188} INFO - [2025-09-11T00:24:12.245+0000] {dagbag.py:538} INFO - Filling up the DagBag from /opt/airflow/dags/data_pipeline.py
[2025-09-11T00:24:12.591+0000] {logging_mixin.py:188} INFO - Pyspark version: 3.5.1
[2025-09-11T00:24:12.611+0000] {logging_mixin.py:188} INFO - [2025-09-11T00:24:12.606+0000] {dagbag.py:348} ERROR - Failed to import: /opt/airflow/dags/data_pipeline.py
Traceback (most recent call last):
  File "/home/airflow/.local/lib/python3.8/site-packages/airflow/models/dagbag.py", line 344, in parse
    loader.exec_module(new_module)
  File "<frozen importlib._bootstrap_external>", line 843, in exec_module
  File "<frozen importlib._bootstrap>", line 219, in _call_with_frames_removed
  File "/opt/airflow/dags/data_pipeline.py", line 12, in <module>
    from ingestion.local_producer_host import purchase_event
  File "/opt/airflow/ingestion/local_producer_host.py", line 1, in <module>
    from confluent_kafka import Producer
ModuleNotFoundError: No module named 'confluent_kafka'
[2025-09-11T00:24:12.613+0000] {processor.py:842} WARNING - No viable dags retrieved from /opt/airflow/dags/data_pipeline.py
[2025-09-11T00:24:12.669+0000] {processor.py:183} INFO - Processing /opt/airflow/dags/data_pipeline.py took 0.438 seconds
[2025-09-11T00:24:43.031+0000] {processor.py:161} INFO - Started process (PID=333) to work on /opt/airflow/dags/data_pipeline.py
[2025-09-11T00:24:43.033+0000] {processor.py:830} INFO - Processing file /opt/airflow/dags/data_pipeline.py for tasks to queue
[2025-09-11T00:24:43.040+0000] {logging_mixin.py:188} INFO - [2025-09-11T00:24:43.039+0000] {dagbag.py:538} INFO - Filling up the DagBag from /opt/airflow/dags/data_pipeline.py
[2025-09-11T00:24:43.338+0000] {logging_mixin.py:188} INFO - Pyspark version: 3.5.1
[2025-09-11T00:24:43.349+0000] {logging_mixin.py:188} INFO - [2025-09-11T00:24:43.346+0000] {dagbag.py:348} ERROR - Failed to import: /opt/airflow/dags/data_pipeline.py
Traceback (most recent call last):
  File "/home/airflow/.local/lib/python3.8/site-packages/airflow/models/dagbag.py", line 344, in parse
    loader.exec_module(new_module)
  File "<frozen importlib._bootstrap_external>", line 843, in exec_module
  File "<frozen importlib._bootstrap>", line 219, in _call_with_frames_removed
  File "/opt/airflow/dags/data_pipeline.py", line 12, in <module>
    from ingestion.local_producer_host import purchase_event
  File "/opt/airflow/ingestion/local_producer_host.py", line 1, in <module>
    from confluent_kafka import Producer
ModuleNotFoundError: No module named 'confluent_kafka'
[2025-09-11T00:24:43.351+0000] {processor.py:842} WARNING - No viable dags retrieved from /opt/airflow/dags/data_pipeline.py
[2025-09-11T00:24:43.388+0000] {processor.py:183} INFO - Processing /opt/airflow/dags/data_pipeline.py took 0.364 seconds
[2025-09-11T00:25:14.775+0000] {processor.py:161} INFO - Started process (PID=334) to work on /opt/airflow/dags/data_pipeline.py
[2025-09-11T00:25:14.790+0000] {processor.py:830} INFO - Processing file /opt/airflow/dags/data_pipeline.py for tasks to queue
[2025-09-11T00:25:14.833+0000] {logging_mixin.py:188} INFO - [2025-09-11T00:25:14.828+0000] {dagbag.py:538} INFO - Filling up the DagBag from /opt/airflow/dags/data_pipeline.py
[2025-09-11T00:25:16.319+0000] {logging_mixin.py:188} INFO - Pyspark version: 3.5.1
[2025-09-11T00:25:16.361+0000] {logging_mixin.py:188} INFO - [2025-09-11T00:25:16.354+0000] {dagbag.py:348} ERROR - Failed to import: /opt/airflow/dags/data_pipeline.py
Traceback (most recent call last):
  File "/home/airflow/.local/lib/python3.8/site-packages/airflow/models/dagbag.py", line 344, in parse
    loader.exec_module(new_module)
  File "<frozen importlib._bootstrap_external>", line 843, in exec_module
  File "<frozen importlib._bootstrap>", line 219, in _call_with_frames_removed
  File "/opt/airflow/dags/data_pipeline.py", line 12, in <module>
    from ingestion.local_producer_host import purchase_event
  File "/opt/airflow/ingestion/local_producer_host.py", line 1, in <module>
    from confluent_kafka import Producer
ModuleNotFoundError: No module named 'confluent_kafka'
[2025-09-11T00:25:16.362+0000] {processor.py:842} WARNING - No viable dags retrieved from /opt/airflow/dags/data_pipeline.py
[2025-09-11T00:25:16.458+0000] {processor.py:183} INFO - Processing /opt/airflow/dags/data_pipeline.py took 1.716 seconds
[2025-09-11T00:25:46.598+0000] {processor.py:161} INFO - Started process (PID=335) to work on /opt/airflow/dags/data_pipeline.py
[2025-09-11T00:25:46.602+0000] {processor.py:830} INFO - Processing file /opt/airflow/dags/data_pipeline.py for tasks to queue
[2025-09-11T00:25:46.614+0000] {logging_mixin.py:188} INFO - [2025-09-11T00:25:46.613+0000] {dagbag.py:538} INFO - Filling up the DagBag from /opt/airflow/dags/data_pipeline.py
[2025-09-11T00:25:47.542+0000] {logging_mixin.py:188} INFO - Pyspark version: 3.5.1
[2025-09-11T00:25:47.567+0000] {logging_mixin.py:188} INFO - [2025-09-11T00:25:47.558+0000] {dagbag.py:348} ERROR - Failed to import: /opt/airflow/dags/data_pipeline.py
Traceback (most recent call last):
  File "/home/airflow/.local/lib/python3.8/site-packages/airflow/models/dagbag.py", line 344, in parse
    loader.exec_module(new_module)
  File "<frozen importlib._bootstrap_external>", line 843, in exec_module
  File "<frozen importlib._bootstrap>", line 219, in _call_with_frames_removed
  File "/opt/airflow/dags/data_pipeline.py", line 12, in <module>
    from ingestion.local_producer_host import purchase_event
  File "/opt/airflow/ingestion/local_producer_host.py", line 1, in <module>
    from confluent_kafka import Producer
ModuleNotFoundError: No module named 'confluent_kafka'
[2025-09-11T00:25:47.570+0000] {processor.py:842} WARNING - No viable dags retrieved from /opt/airflow/dags/data_pipeline.py
[2025-09-11T00:25:47.648+0000] {processor.py:183} INFO - Processing /opt/airflow/dags/data_pipeline.py took 1.064 seconds
[2025-09-11T00:26:17.954+0000] {processor.py:161} INFO - Started process (PID=336) to work on /opt/airflow/dags/data_pipeline.py
[2025-09-11T00:26:17.957+0000] {processor.py:830} INFO - Processing file /opt/airflow/dags/data_pipeline.py for tasks to queue
[2025-09-11T00:26:17.967+0000] {logging_mixin.py:188} INFO - [2025-09-11T00:26:17.966+0000] {dagbag.py:538} INFO - Filling up the DagBag from /opt/airflow/dags/data_pipeline.py
[2025-09-11T00:26:18.538+0000] {logging_mixin.py:188} INFO - Pyspark version: 3.5.1
[2025-09-11T00:26:18.562+0000] {logging_mixin.py:188} INFO - [2025-09-11T00:26:18.555+0000] {dagbag.py:348} ERROR - Failed to import: /opt/airflow/dags/data_pipeline.py
Traceback (most recent call last):
  File "/home/airflow/.local/lib/python3.8/site-packages/airflow/models/dagbag.py", line 344, in parse
    loader.exec_module(new_module)
  File "<frozen importlib._bootstrap_external>", line 843, in exec_module
  File "<frozen importlib._bootstrap>", line 219, in _call_with_frames_removed
  File "/opt/airflow/dags/data_pipeline.py", line 12, in <module>
    from ingestion.local_producer_host import purchase_event
  File "/opt/airflow/ingestion/local_producer_host.py", line 1, in <module>
    from confluent_kafka import Producer
ModuleNotFoundError: No module named 'confluent_kafka'
[2025-09-11T00:26:18.564+0000] {processor.py:842} WARNING - No viable dags retrieved from /opt/airflow/dags/data_pipeline.py
[2025-09-11T00:26:18.641+0000] {processor.py:183} INFO - Processing /opt/airflow/dags/data_pipeline.py took 0.700 seconds
[2025-09-11T00:26:49.137+0000] {processor.py:161} INFO - Started process (PID=337) to work on /opt/airflow/dags/data_pipeline.py
[2025-09-11T00:26:49.141+0000] {processor.py:830} INFO - Processing file /opt/airflow/dags/data_pipeline.py for tasks to queue
[2025-09-11T00:26:49.150+0000] {logging_mixin.py:188} INFO - [2025-09-11T00:26:49.149+0000] {dagbag.py:538} INFO - Filling up the DagBag from /opt/airflow/dags/data_pipeline.py
[2025-09-11T00:26:49.719+0000] {logging_mixin.py:188} INFO - Pyspark version: 3.5.1
[2025-09-11T00:26:49.735+0000] {logging_mixin.py:188} INFO - [2025-09-11T00:26:49.730+0000] {dagbag.py:348} ERROR - Failed to import: /opt/airflow/dags/data_pipeline.py
Traceback (most recent call last):
  File "/home/airflow/.local/lib/python3.8/site-packages/airflow/models/dagbag.py", line 344, in parse
    loader.exec_module(new_module)
  File "<frozen importlib._bootstrap_external>", line 843, in exec_module
  File "<frozen importlib._bootstrap>", line 219, in _call_with_frames_removed
  File "/opt/airflow/dags/data_pipeline.py", line 12, in <module>
    from ingestion.local_producer_host import purchase_event
  File "/opt/airflow/ingestion/local_producer_host.py", line 1, in <module>
    from confluent_kafka import Producer
ModuleNotFoundError: No module named 'confluent_kafka'
[2025-09-11T00:26:49.736+0000] {processor.py:842} WARNING - No viable dags retrieved from /opt/airflow/dags/data_pipeline.py
[2025-09-11T00:26:49.796+0000] {processor.py:183} INFO - Processing /opt/airflow/dags/data_pipeline.py took 0.669 seconds
[2025-09-11T00:27:20.191+0000] {processor.py:161} INFO - Started process (PID=338) to work on /opt/airflow/dags/data_pipeline.py
[2025-09-11T00:27:20.195+0000] {processor.py:830} INFO - Processing file /opt/airflow/dags/data_pipeline.py for tasks to queue
[2025-09-11T00:27:20.204+0000] {logging_mixin.py:188} INFO - [2025-09-11T00:27:20.202+0000] {dagbag.py:538} INFO - Filling up the DagBag from /opt/airflow/dags/data_pipeline.py
[2025-09-11T00:27:20.799+0000] {logging_mixin.py:188} INFO - Pyspark version: 3.5.1
[2025-09-11T00:27:20.820+0000] {logging_mixin.py:188} INFO - [2025-09-11T00:27:20.813+0000] {dagbag.py:348} ERROR - Failed to import: /opt/airflow/dags/data_pipeline.py
Traceback (most recent call last):
  File "/home/airflow/.local/lib/python3.8/site-packages/airflow/models/dagbag.py", line 344, in parse
    loader.exec_module(new_module)
  File "<frozen importlib._bootstrap_external>", line 843, in exec_module
  File "<frozen importlib._bootstrap>", line 219, in _call_with_frames_removed
  File "/opt/airflow/dags/data_pipeline.py", line 12, in <module>
    from ingestion.local_producer_host import purchase_event
  File "/opt/airflow/ingestion/local_producer_host.py", line 1, in <module>
    from confluent_kafka import Producer
ModuleNotFoundError: No module named 'confluent_kafka'
[2025-09-11T00:27:20.824+0000] {processor.py:842} WARNING - No viable dags retrieved from /opt/airflow/dags/data_pipeline.py
[2025-09-11T00:27:20.891+0000] {processor.py:183} INFO - Processing /opt/airflow/dags/data_pipeline.py took 0.709 seconds
[2025-09-11T00:27:51.005+0000] {processor.py:161} INFO - Started process (PID=339) to work on /opt/airflow/dags/data_pipeline.py
[2025-09-11T00:27:51.008+0000] {processor.py:830} INFO - Processing file /opt/airflow/dags/data_pipeline.py for tasks to queue
[2025-09-11T00:27:51.015+0000] {logging_mixin.py:188} INFO - [2025-09-11T00:27:51.014+0000] {dagbag.py:538} INFO - Filling up the DagBag from /opt/airflow/dags/data_pipeline.py
[2025-09-11T00:27:51.390+0000] {logging_mixin.py:188} INFO - Pyspark version: 3.5.1
[2025-09-11T00:27:51.403+0000] {logging_mixin.py:188} INFO - [2025-09-11T00:27:51.400+0000] {dagbag.py:348} ERROR - Failed to import: /opt/airflow/dags/data_pipeline.py
Traceback (most recent call last):
  File "/home/airflow/.local/lib/python3.8/site-packages/airflow/models/dagbag.py", line 344, in parse
    loader.exec_module(new_module)
  File "<frozen importlib._bootstrap_external>", line 843, in exec_module
  File "<frozen importlib._bootstrap>", line 219, in _call_with_frames_removed
  File "/opt/airflow/dags/data_pipeline.py", line 12, in <module>
    from ingestion.local_producer_host import purchase_event
  File "/opt/airflow/ingestion/local_producer_host.py", line 1, in <module>
    from confluent_kafka import Producer
ModuleNotFoundError: No module named 'confluent_kafka'
[2025-09-11T00:27:51.404+0000] {processor.py:842} WARNING - No viable dags retrieved from /opt/airflow/dags/data_pipeline.py
[2025-09-11T00:27:51.464+0000] {processor.py:183} INFO - Processing /opt/airflow/dags/data_pipeline.py took 0.467 seconds
[2025-09-11T00:28:21.651+0000] {processor.py:161} INFO - Started process (PID=340) to work on /opt/airflow/dags/data_pipeline.py
[2025-09-11T00:28:21.656+0000] {processor.py:830} INFO - Processing file /opt/airflow/dags/data_pipeline.py for tasks to queue
[2025-09-11T00:28:21.673+0000] {logging_mixin.py:188} INFO - [2025-09-11T00:28:21.667+0000] {dagbag.py:538} INFO - Filling up the DagBag from /opt/airflow/dags/data_pipeline.py
[2025-09-11T00:28:23.347+0000] {logging_mixin.py:188} INFO - Pyspark version: 3.5.1
[2025-09-11T00:28:23.379+0000] {logging_mixin.py:188} INFO - [2025-09-11T00:28:23.372+0000] {dagbag.py:348} ERROR - Failed to import: /opt/airflow/dags/data_pipeline.py
Traceback (most recent call last):
  File "/home/airflow/.local/lib/python3.8/site-packages/airflow/models/dagbag.py", line 344, in parse
    loader.exec_module(new_module)
  File "<frozen importlib._bootstrap_external>", line 843, in exec_module
  File "<frozen importlib._bootstrap>", line 219, in _call_with_frames_removed
  File "/opt/airflow/dags/data_pipeline.py", line 12, in <module>
    from ingestion.local_producer_host import purchase_event
  File "/opt/airflow/ingestion/local_producer_host.py", line 1, in <module>
    from confluent_kafka import Producer
ModuleNotFoundError: No module named 'confluent_kafka'
[2025-09-11T00:28:23.381+0000] {processor.py:842} WARNING - No viable dags retrieved from /opt/airflow/dags/data_pipeline.py
[2025-09-11T00:28:23.479+0000] {processor.py:183} INFO - Processing /opt/airflow/dags/data_pipeline.py took 1.847 seconds
[2025-09-11T00:28:53.991+0000] {processor.py:161} INFO - Started process (PID=341) to work on /opt/airflow/dags/data_pipeline.py
[2025-09-11T00:28:54.020+0000] {processor.py:830} INFO - Processing file /opt/airflow/dags/data_pipeline.py for tasks to queue
[2025-09-11T00:28:54.050+0000] {logging_mixin.py:188} INFO - [2025-09-11T00:28:54.049+0000] {dagbag.py:538} INFO - Filling up the DagBag from /opt/airflow/dags/data_pipeline.py
[2025-09-11T00:28:54.928+0000] {logging_mixin.py:188} INFO - Pyspark version: 3.5.1
[2025-09-11T00:28:54.952+0000] {logging_mixin.py:188} INFO - [2025-09-11T00:28:54.944+0000] {dagbag.py:348} ERROR - Failed to import: /opt/airflow/dags/data_pipeline.py
Traceback (most recent call last):
  File "/home/airflow/.local/lib/python3.8/site-packages/airflow/models/dagbag.py", line 344, in parse
    loader.exec_module(new_module)
  File "<frozen importlib._bootstrap_external>", line 843, in exec_module
  File "<frozen importlib._bootstrap>", line 219, in _call_with_frames_removed
  File "/opt/airflow/dags/data_pipeline.py", line 12, in <module>
    from ingestion.local_producer_host import purchase_event
  File "/opt/airflow/ingestion/local_producer_host.py", line 1, in <module>
    from confluent_kafka import Producer
ModuleNotFoundError: No module named 'confluent_kafka'
[2025-09-11T00:28:54.954+0000] {processor.py:842} WARNING - No viable dags retrieved from /opt/airflow/dags/data_pipeline.py
[2025-09-11T00:28:55.087+0000] {processor.py:183} INFO - Processing /opt/airflow/dags/data_pipeline.py took 1.125 seconds
[2025-09-11T00:29:25.389+0000] {processor.py:161} INFO - Started process (PID=342) to work on /opt/airflow/dags/data_pipeline.py
[2025-09-11T00:29:25.396+0000] {processor.py:830} INFO - Processing file /opt/airflow/dags/data_pipeline.py for tasks to queue
[2025-09-11T00:29:25.416+0000] {logging_mixin.py:188} INFO - [2025-09-11T00:29:25.414+0000] {dagbag.py:538} INFO - Filling up the DagBag from /opt/airflow/dags/data_pipeline.py
[2025-09-11T00:29:26.737+0000] {logging_mixin.py:188} INFO - Pyspark version: 3.5.1
[2025-09-11T00:29:26.784+0000] {logging_mixin.py:188} INFO - [2025-09-11T00:29:26.764+0000] {dagbag.py:348} ERROR - Failed to import: /opt/airflow/dags/data_pipeline.py
Traceback (most recent call last):
  File "/home/airflow/.local/lib/python3.8/site-packages/airflow/models/dagbag.py", line 344, in parse
    loader.exec_module(new_module)
  File "<frozen importlib._bootstrap_external>", line 843, in exec_module
  File "<frozen importlib._bootstrap>", line 219, in _call_with_frames_removed
  File "/opt/airflow/dags/data_pipeline.py", line 12, in <module>
    from ingestion.local_producer_host import purchase_event
  File "/opt/airflow/ingestion/local_producer_host.py", line 1, in <module>
    from confluent_kafka import Producer
ModuleNotFoundError: No module named 'confluent_kafka'
[2025-09-11T00:29:26.787+0000] {processor.py:842} WARNING - No viable dags retrieved from /opt/airflow/dags/data_pipeline.py
[2025-09-11T00:29:26.926+0000] {processor.py:183} INFO - Processing /opt/airflow/dags/data_pipeline.py took 1.628 seconds
[2025-09-11T00:29:57.185+0000] {processor.py:161} INFO - Started process (PID=343) to work on /opt/airflow/dags/data_pipeline.py
[2025-09-11T00:29:57.188+0000] {processor.py:830} INFO - Processing file /opt/airflow/dags/data_pipeline.py for tasks to queue
[2025-09-11T00:29:57.197+0000] {logging_mixin.py:188} INFO - [2025-09-11T00:29:57.197+0000] {dagbag.py:538} INFO - Filling up the DagBag from /opt/airflow/dags/data_pipeline.py
[2025-09-11T00:29:57.764+0000] {logging_mixin.py:188} INFO - Pyspark version: 3.5.1
[2025-09-11T00:29:57.787+0000] {logging_mixin.py:188} INFO - [2025-09-11T00:29:57.779+0000] {dagbag.py:348} ERROR - Failed to import: /opt/airflow/dags/data_pipeline.py
Traceback (most recent call last):
  File "/home/airflow/.local/lib/python3.8/site-packages/airflow/models/dagbag.py", line 344, in parse
    loader.exec_module(new_module)
  File "<frozen importlib._bootstrap_external>", line 843, in exec_module
  File "<frozen importlib._bootstrap>", line 219, in _call_with_frames_removed
  File "/opt/airflow/dags/data_pipeline.py", line 12, in <module>
    from ingestion.local_producer_host import purchase_event
  File "/opt/airflow/ingestion/local_producer_host.py", line 1, in <module>
    from confluent_kafka import Producer
ModuleNotFoundError: No module named 'confluent_kafka'
[2025-09-11T00:29:57.788+0000] {processor.py:842} WARNING - No viable dags retrieved from /opt/airflow/dags/data_pipeline.py
[2025-09-11T00:29:57.857+0000] {processor.py:183} INFO - Processing /opt/airflow/dags/data_pipeline.py took 0.687 seconds
[2025-09-11T00:30:28.668+0000] {processor.py:161} INFO - Started process (PID=344) to work on /opt/airflow/dags/data_pipeline.py
[2025-09-11T00:30:28.673+0000] {processor.py:830} INFO - Processing file /opt/airflow/dags/data_pipeline.py for tasks to queue
[2025-09-11T00:30:28.691+0000] {logging_mixin.py:188} INFO - [2025-09-11T00:30:28.689+0000] {dagbag.py:538} INFO - Filling up the DagBag from /opt/airflow/dags/data_pipeline.py
[2025-09-11T00:30:30.090+0000] {logging_mixin.py:188} INFO - Pyspark version: 3.5.1
[2025-09-11T00:30:30.119+0000] {logging_mixin.py:188} INFO - [2025-09-11T00:30:30.111+0000] {dagbag.py:348} ERROR - Failed to import: /opt/airflow/dags/data_pipeline.py
Traceback (most recent call last):
  File "/home/airflow/.local/lib/python3.8/site-packages/airflow/models/dagbag.py", line 344, in parse
    loader.exec_module(new_module)
  File "<frozen importlib._bootstrap_external>", line 843, in exec_module
  File "<frozen importlib._bootstrap>", line 219, in _call_with_frames_removed
  File "/opt/airflow/dags/data_pipeline.py", line 12, in <module>
    from ingestion.local_producer_host import purchase_event
  File "/opt/airflow/ingestion/local_producer_host.py", line 1, in <module>
    from confluent_kafka import Producer
ModuleNotFoundError: No module named 'confluent_kafka'
[2025-09-11T00:30:30.122+0000] {processor.py:842} WARNING - No viable dags retrieved from /opt/airflow/dags/data_pipeline.py
[2025-09-11T00:30:30.284+0000] {processor.py:183} INFO - Processing /opt/airflow/dags/data_pipeline.py took 1.638 seconds
[2025-09-11T00:31:00.630+0000] {processor.py:161} INFO - Started process (PID=345) to work on /opt/airflow/dags/data_pipeline.py
[2025-09-11T00:31:00.637+0000] {processor.py:830} INFO - Processing file /opt/airflow/dags/data_pipeline.py for tasks to queue
[2025-09-11T00:31:00.659+0000] {logging_mixin.py:188} INFO - [2025-09-11T00:31:00.657+0000] {dagbag.py:538} INFO - Filling up the DagBag from /opt/airflow/dags/data_pipeline.py
[2025-09-11T00:31:03.473+0000] {logging_mixin.py:188} INFO - Pyspark version: 3.5.1
[2025-09-11T00:31:03.593+0000] {logging_mixin.py:188} INFO - [2025-09-11T00:31:03.578+0000] {dagbag.py:348} ERROR - Failed to import: /opt/airflow/dags/data_pipeline.py
Traceback (most recent call last):
  File "/home/airflow/.local/lib/python3.8/site-packages/airflow/models/dagbag.py", line 344, in parse
    loader.exec_module(new_module)
  File "<frozen importlib._bootstrap_external>", line 843, in exec_module
  File "<frozen importlib._bootstrap>", line 219, in _call_with_frames_removed
  File "/opt/airflow/dags/data_pipeline.py", line 12, in <module>
    from ingestion.local_producer_host import purchase_event
  File "/opt/airflow/ingestion/local_producer_host.py", line 1, in <module>
    from confluent_kafka import Producer
ModuleNotFoundError: No module named 'confluent_kafka'
[2025-09-11T00:31:03.600+0000] {processor.py:842} WARNING - No viable dags retrieved from /opt/airflow/dags/data_pipeline.py
[2025-09-11T00:31:03.783+0000] {processor.py:183} INFO - Processing /opt/airflow/dags/data_pipeline.py took 3.197 seconds
[2025-09-11T00:31:34.728+0000] {processor.py:161} INFO - Started process (PID=346) to work on /opt/airflow/dags/data_pipeline.py
[2025-09-11T00:31:34.735+0000] {processor.py:830} INFO - Processing file /opt/airflow/dags/data_pipeline.py for tasks to queue
[2025-09-11T00:31:34.756+0000] {logging_mixin.py:188} INFO - [2025-09-11T00:31:34.754+0000] {dagbag.py:538} INFO - Filling up the DagBag from /opt/airflow/dags/data_pipeline.py
[2025-09-11T00:31:36.703+0000] {logging_mixin.py:188} INFO - Pyspark version: 3.5.1
[2025-09-11T00:31:36.735+0000] {logging_mixin.py:188} INFO - [2025-09-11T00:31:36.727+0000] {dagbag.py:348} ERROR - Failed to import: /opt/airflow/dags/data_pipeline.py
Traceback (most recent call last):
  File "/home/airflow/.local/lib/python3.8/site-packages/airflow/models/dagbag.py", line 344, in parse
    loader.exec_module(new_module)
  File "<frozen importlib._bootstrap_external>", line 843, in exec_module
  File "<frozen importlib._bootstrap>", line 219, in _call_with_frames_removed
  File "/opt/airflow/dags/data_pipeline.py", line 12, in <module>
    from ingestion.local_producer_host import purchase_event
  File "/opt/airflow/ingestion/local_producer_host.py", line 1, in <module>
    from confluent_kafka import Producer
ModuleNotFoundError: No module named 'confluent_kafka'
[2025-09-11T00:31:36.738+0000] {processor.py:842} WARNING - No viable dags retrieved from /opt/airflow/dags/data_pipeline.py
[2025-09-11T00:31:36.883+0000] {processor.py:183} INFO - Processing /opt/airflow/dags/data_pipeline.py took 2.204 seconds
[2025-09-11T00:32:07.530+0000] {processor.py:161} INFO - Started process (PID=347) to work on /opt/airflow/dags/data_pipeline.py
[2025-09-11T00:32:07.541+0000] {processor.py:830} INFO - Processing file /opt/airflow/dags/data_pipeline.py for tasks to queue
[2025-09-11T00:32:07.569+0000] {logging_mixin.py:188} INFO - [2025-09-11T00:32:07.567+0000] {dagbag.py:538} INFO - Filling up the DagBag from /opt/airflow/dags/data_pipeline.py
[2025-09-11T00:32:09.000+0000] {logging_mixin.py:188} INFO - Pyspark version: 3.5.1
[2025-09-11T00:32:09.039+0000] {logging_mixin.py:188} INFO - [2025-09-11T00:32:09.028+0000] {dagbag.py:348} ERROR - Failed to import: /opt/airflow/dags/data_pipeline.py
Traceback (most recent call last):
  File "/home/airflow/.local/lib/python3.8/site-packages/airflow/models/dagbag.py", line 344, in parse
    loader.exec_module(new_module)
  File "<frozen importlib._bootstrap_external>", line 843, in exec_module
  File "<frozen importlib._bootstrap>", line 219, in _call_with_frames_removed
  File "/opt/airflow/dags/data_pipeline.py", line 12, in <module>
    from ingestion.local_producer_host import purchase_event
  File "/opt/airflow/ingestion/local_producer_host.py", line 1, in <module>
    from confluent_kafka import Producer
ModuleNotFoundError: No module named 'confluent_kafka'
[2025-09-11T00:32:09.045+0000] {processor.py:842} WARNING - No viable dags retrieved from /opt/airflow/dags/data_pipeline.py
[2025-09-11T00:32:09.269+0000] {processor.py:183} INFO - Processing /opt/airflow/dags/data_pipeline.py took 1.877 seconds
[2025-09-11T00:32:39.963+0000] {processor.py:161} INFO - Started process (PID=348) to work on /opt/airflow/dags/data_pipeline.py
[2025-09-11T00:32:39.971+0000] {processor.py:830} INFO - Processing file /opt/airflow/dags/data_pipeline.py for tasks to queue
[2025-09-11T00:32:39.991+0000] {logging_mixin.py:188} INFO - [2025-09-11T00:32:39.990+0000] {dagbag.py:538} INFO - Filling up the DagBag from /opt/airflow/dags/data_pipeline.py
[2025-09-11T00:32:41.255+0000] {logging_mixin.py:188} INFO - Pyspark version: 3.5.1
[2025-09-11T00:32:41.286+0000] {logging_mixin.py:188} INFO - [2025-09-11T00:32:41.276+0000] {dagbag.py:348} ERROR - Failed to import: /opt/airflow/dags/data_pipeline.py
Traceback (most recent call last):
  File "/home/airflow/.local/lib/python3.8/site-packages/airflow/models/dagbag.py", line 344, in parse
    loader.exec_module(new_module)
  File "<frozen importlib._bootstrap_external>", line 843, in exec_module
  File "<frozen importlib._bootstrap>", line 219, in _call_with_frames_removed
  File "/opt/airflow/dags/data_pipeline.py", line 12, in <module>
    from ingestion.local_producer_host import purchase_event
  File "/opt/airflow/ingestion/local_producer_host.py", line 1, in <module>
    from confluent_kafka import Producer
ModuleNotFoundError: No module named 'confluent_kafka'
[2025-09-11T00:32:41.288+0000] {processor.py:842} WARNING - No viable dags retrieved from /opt/airflow/dags/data_pipeline.py
[2025-09-11T00:32:41.423+0000] {processor.py:183} INFO - Processing /opt/airflow/dags/data_pipeline.py took 1.493 seconds
[2025-09-11T00:33:11.524+0000] {processor.py:161} INFO - Started process (PID=349) to work on /opt/airflow/dags/data_pipeline.py
[2025-09-11T00:33:11.528+0000] {processor.py:830} INFO - Processing file /opt/airflow/dags/data_pipeline.py for tasks to queue
[2025-09-11T00:33:11.538+0000] {logging_mixin.py:188} INFO - [2025-09-11T00:33:11.537+0000] {dagbag.py:538} INFO - Filling up the DagBag from /opt/airflow/dags/data_pipeline.py
[2025-09-11T00:33:12.841+0000] {logging_mixin.py:188} INFO - Pyspark version: 3.5.1
[2025-09-11T00:33:12.908+0000] {logging_mixin.py:188} INFO - [2025-09-11T00:33:12.897+0000] {dagbag.py:348} ERROR - Failed to import: /opt/airflow/dags/data_pipeline.py
Traceback (most recent call last):
  File "/home/airflow/.local/lib/python3.8/site-packages/airflow/models/dagbag.py", line 344, in parse
    loader.exec_module(new_module)
  File "<frozen importlib._bootstrap_external>", line 843, in exec_module
  File "<frozen importlib._bootstrap>", line 219, in _call_with_frames_removed
  File "/opt/airflow/dags/data_pipeline.py", line 12, in <module>
    from ingestion.local_producer_host import purchase_event
  File "/opt/airflow/ingestion/local_producer_host.py", line 1, in <module>
    from confluent_kafka import Producer
ModuleNotFoundError: No module named 'confluent_kafka'
[2025-09-11T00:33:12.910+0000] {processor.py:842} WARNING - No viable dags retrieved from /opt/airflow/dags/data_pipeline.py
[2025-09-11T00:33:13.012+0000] {processor.py:183} INFO - Processing /opt/airflow/dags/data_pipeline.py took 1.500 seconds
[2025-09-11T00:33:43.695+0000] {processor.py:161} INFO - Started process (PID=350) to work on /opt/airflow/dags/data_pipeline.py
[2025-09-11T00:33:43.700+0000] {processor.py:830} INFO - Processing file /opt/airflow/dags/data_pipeline.py for tasks to queue
[2025-09-11T00:33:43.715+0000] {logging_mixin.py:188} INFO - [2025-09-11T00:33:43.712+0000] {dagbag.py:538} INFO - Filling up the DagBag from /opt/airflow/dags/data_pipeline.py
[2025-09-11T00:33:44.711+0000] {logging_mixin.py:188} INFO - Pyspark version: 3.5.1
[2025-09-11T00:33:44.731+0000] {logging_mixin.py:188} INFO - [2025-09-11T00:33:44.726+0000] {dagbag.py:348} ERROR - Failed to import: /opt/airflow/dags/data_pipeline.py
Traceback (most recent call last):
  File "/home/airflow/.local/lib/python3.8/site-packages/airflow/models/dagbag.py", line 344, in parse
    loader.exec_module(new_module)
  File "<frozen importlib._bootstrap_external>", line 843, in exec_module
  File "<frozen importlib._bootstrap>", line 219, in _call_with_frames_removed
  File "/opt/airflow/dags/data_pipeline.py", line 12, in <module>
    from ingestion.local_producer_host import purchase_event
  File "/opt/airflow/ingestion/local_producer_host.py", line 1, in <module>
    from confluent_kafka import Producer
ModuleNotFoundError: No module named 'confluent_kafka'
[2025-09-11T00:33:44.733+0000] {processor.py:842} WARNING - No viable dags retrieved from /opt/airflow/dags/data_pipeline.py
[2025-09-11T00:33:44.796+0000] {processor.py:183} INFO - Processing /opt/airflow/dags/data_pipeline.py took 1.121 seconds
[2025-09-11T00:34:15.427+0000] {processor.py:161} INFO - Started process (PID=351) to work on /opt/airflow/dags/data_pipeline.py
[2025-09-11T00:34:15.436+0000] {processor.py:830} INFO - Processing file /opt/airflow/dags/data_pipeline.py for tasks to queue
[2025-09-11T00:34:15.446+0000] {logging_mixin.py:188} INFO - [2025-09-11T00:34:15.445+0000] {dagbag.py:538} INFO - Filling up the DagBag from /opt/airflow/dags/data_pipeline.py
[2025-09-11T00:34:16.748+0000] {logging_mixin.py:188} INFO - Pyspark version: 3.5.1
[2025-09-11T00:34:16.794+0000] {logging_mixin.py:188} INFO - [2025-09-11T00:34:16.775+0000] {dagbag.py:348} ERROR - Failed to import: /opt/airflow/dags/data_pipeline.py
Traceback (most recent call last):
  File "/home/airflow/.local/lib/python3.8/site-packages/airflow/models/dagbag.py", line 344, in parse
    loader.exec_module(new_module)
  File "<frozen importlib._bootstrap_external>", line 843, in exec_module
  File "<frozen importlib._bootstrap>", line 219, in _call_with_frames_removed
  File "/opt/airflow/dags/data_pipeline.py", line 12, in <module>
    from ingestion.local_producer_host import purchase_event
  File "/opt/airflow/ingestion/local_producer_host.py", line 1, in <module>
    from confluent_kafka import Producer
ModuleNotFoundError: No module named 'confluent_kafka'
[2025-09-11T00:34:16.799+0000] {processor.py:842} WARNING - No viable dags retrieved from /opt/airflow/dags/data_pipeline.py
[2025-09-11T00:34:17.061+0000] {processor.py:183} INFO - Processing /opt/airflow/dags/data_pipeline.py took 1.650 seconds
[2025-09-11T00:34:47.182+0000] {processor.py:161} INFO - Started process (PID=352) to work on /opt/airflow/dags/data_pipeline.py
[2025-09-11T00:34:47.185+0000] {processor.py:830} INFO - Processing file /opt/airflow/dags/data_pipeline.py for tasks to queue
[2025-09-11T00:34:47.197+0000] {logging_mixin.py:188} INFO - [2025-09-11T00:34:47.196+0000] {dagbag.py:538} INFO - Filling up the DagBag from /opt/airflow/dags/data_pipeline.py
[2025-09-11T00:34:48.273+0000] {logging_mixin.py:188} INFO - Pyspark version: 3.5.1
[2025-09-11T00:34:48.315+0000] {logging_mixin.py:188} INFO - [2025-09-11T00:34:48.304+0000] {dagbag.py:348} ERROR - Failed to import: /opt/airflow/dags/data_pipeline.py
Traceback (most recent call last):
  File "/home/airflow/.local/lib/python3.8/site-packages/airflow/models/dagbag.py", line 344, in parse
    loader.exec_module(new_module)
  File "<frozen importlib._bootstrap_external>", line 843, in exec_module
  File "<frozen importlib._bootstrap>", line 219, in _call_with_frames_removed
  File "/opt/airflow/dags/data_pipeline.py", line 12, in <module>
    from ingestion.local_producer_host import purchase_event
  File "/opt/airflow/ingestion/local_producer_host.py", line 1, in <module>
    from confluent_kafka import Producer
ModuleNotFoundError: No module named 'confluent_kafka'
[2025-09-11T00:34:48.319+0000] {processor.py:842} WARNING - No viable dags retrieved from /opt/airflow/dags/data_pipeline.py
[2025-09-11T00:34:48.609+0000] {processor.py:183} INFO - Processing /opt/airflow/dags/data_pipeline.py took 1.441 seconds
[2025-09-11T00:35:19.222+0000] {processor.py:161} INFO - Started process (PID=353) to work on /opt/airflow/dags/data_pipeline.py
[2025-09-11T00:35:19.232+0000] {processor.py:830} INFO - Processing file /opt/airflow/dags/data_pipeline.py for tasks to queue
[2025-09-11T00:35:19.249+0000] {logging_mixin.py:188} INFO - [2025-09-11T00:35:19.247+0000] {dagbag.py:538} INFO - Filling up the DagBag from /opt/airflow/dags/data_pipeline.py
[2025-09-11T00:35:20.656+0000] {logging_mixin.py:188} INFO - Pyspark version: 3.5.1
[2025-09-11T00:35:20.699+0000] {logging_mixin.py:188} INFO - [2025-09-11T00:35:20.688+0000] {dagbag.py:348} ERROR - Failed to import: /opt/airflow/dags/data_pipeline.py
Traceback (most recent call last):
  File "/home/airflow/.local/lib/python3.8/site-packages/airflow/models/dagbag.py", line 344, in parse
    loader.exec_module(new_module)
  File "<frozen importlib._bootstrap_external>", line 843, in exec_module
  File "<frozen importlib._bootstrap>", line 219, in _call_with_frames_removed
  File "/opt/airflow/dags/data_pipeline.py", line 12, in <module>
    from ingestion.local_producer_host import purchase_event
  File "/opt/airflow/ingestion/local_producer_host.py", line 1, in <module>
    from confluent_kafka import Producer
ModuleNotFoundError: No module named 'confluent_kafka'
[2025-09-11T00:35:20.704+0000] {processor.py:842} WARNING - No viable dags retrieved from /opt/airflow/dags/data_pipeline.py
[2025-09-11T00:35:20.845+0000] {processor.py:183} INFO - Processing /opt/airflow/dags/data_pipeline.py took 1.659 seconds
[2025-09-11T00:35:51.757+0000] {processor.py:161} INFO - Started process (PID=354) to work on /opt/airflow/dags/data_pipeline.py
[2025-09-11T00:35:51.763+0000] {processor.py:830} INFO - Processing file /opt/airflow/dags/data_pipeline.py for tasks to queue
[2025-09-11T00:35:51.777+0000] {logging_mixin.py:188} INFO - [2025-09-11T00:35:51.776+0000] {dagbag.py:538} INFO - Filling up the DagBag from /opt/airflow/dags/data_pipeline.py
[2025-09-11T00:35:53.894+0000] {logging_mixin.py:188} INFO - Pyspark version: 3.5.1
[2025-09-11T00:35:53.992+0000] {logging_mixin.py:188} INFO - [2025-09-11T00:35:53.952+0000] {dagbag.py:348} ERROR - Failed to import: /opt/airflow/dags/data_pipeline.py
Traceback (most recent call last):
  File "/home/airflow/.local/lib/python3.8/site-packages/airflow/models/dagbag.py", line 344, in parse
    loader.exec_module(new_module)
  File "<frozen importlib._bootstrap_external>", line 843, in exec_module
  File "<frozen importlib._bootstrap>", line 219, in _call_with_frames_removed
  File "/opt/airflow/dags/data_pipeline.py", line 12, in <module>
    from ingestion.local_producer_host import purchase_event
  File "/opt/airflow/ingestion/local_producer_host.py", line 1, in <module>
    from confluent_kafka import Producer
ModuleNotFoundError: No module named 'confluent_kafka'
[2025-09-11T00:35:53.999+0000] {processor.py:842} WARNING - No viable dags retrieved from /opt/airflow/dags/data_pipeline.py
[2025-09-11T00:35:54.253+0000] {processor.py:183} INFO - Processing /opt/airflow/dags/data_pipeline.py took 2.529 seconds
[2025-09-11T00:36:25.337+0000] {processor.py:161} INFO - Started process (PID=355) to work on /opt/airflow/dags/data_pipeline.py
[2025-09-11T00:36:25.345+0000] {processor.py:830} INFO - Processing file /opt/airflow/dags/data_pipeline.py for tasks to queue
[2025-09-11T00:36:25.370+0000] {logging_mixin.py:188} INFO - [2025-09-11T00:36:25.366+0000] {dagbag.py:538} INFO - Filling up the DagBag from /opt/airflow/dags/data_pipeline.py
[2025-09-11T00:36:27.351+0000] {logging_mixin.py:188} INFO - Pyspark version: 3.5.1
[2025-09-11T00:36:27.420+0000] {logging_mixin.py:188} INFO - [2025-09-11T00:36:27.389+0000] {dagbag.py:348} ERROR - Failed to import: /opt/airflow/dags/data_pipeline.py
Traceback (most recent call last):
  File "/home/airflow/.local/lib/python3.8/site-packages/airflow/models/dagbag.py", line 344, in parse
    loader.exec_module(new_module)
  File "<frozen importlib._bootstrap_external>", line 843, in exec_module
  File "<frozen importlib._bootstrap>", line 219, in _call_with_frames_removed
  File "/opt/airflow/dags/data_pipeline.py", line 12, in <module>
    from ingestion.local_producer_host import purchase_event
  File "/opt/airflow/ingestion/local_producer_host.py", line 1, in <module>
    from confluent_kafka import Producer
ModuleNotFoundError: No module named 'confluent_kafka'
[2025-09-11T00:36:27.427+0000] {processor.py:842} WARNING - No viable dags retrieved from /opt/airflow/dags/data_pipeline.py
[2025-09-11T00:36:27.628+0000] {processor.py:183} INFO - Processing /opt/airflow/dags/data_pipeline.py took 2.391 seconds
[2025-09-11T00:36:57.988+0000] {processor.py:161} INFO - Started process (PID=356) to work on /opt/airflow/dags/data_pipeline.py
[2025-09-11T00:36:57.995+0000] {processor.py:830} INFO - Processing file /opt/airflow/dags/data_pipeline.py for tasks to queue
[2025-09-11T00:36:58.020+0000] {logging_mixin.py:188} INFO - [2025-09-11T00:36:58.019+0000] {dagbag.py:538} INFO - Filling up the DagBag from /opt/airflow/dags/data_pipeline.py
[2025-09-11T00:36:59.405+0000] {logging_mixin.py:188} INFO - Pyspark version: 3.5.1
[2025-09-11T00:36:59.452+0000] {logging_mixin.py:188} INFO - [2025-09-11T00:36:59.438+0000] {dagbag.py:348} ERROR - Failed to import: /opt/airflow/dags/data_pipeline.py
Traceback (most recent call last):
  File "/home/airflow/.local/lib/python3.8/site-packages/airflow/models/dagbag.py", line 344, in parse
    loader.exec_module(new_module)
  File "<frozen importlib._bootstrap_external>", line 843, in exec_module
  File "<frozen importlib._bootstrap>", line 219, in _call_with_frames_removed
  File "/opt/airflow/dags/data_pipeline.py", line 12, in <module>
    from ingestion.local_producer_host import purchase_event
  File "/opt/airflow/ingestion/local_producer_host.py", line 1, in <module>
    from confluent_kafka import Producer
ModuleNotFoundError: No module named 'confluent_kafka'
[2025-09-11T00:36:59.458+0000] {processor.py:842} WARNING - No viable dags retrieved from /opt/airflow/dags/data_pipeline.py
[2025-09-11T00:36:59.635+0000] {processor.py:183} INFO - Processing /opt/airflow/dags/data_pipeline.py took 1.671 seconds
[2025-09-11T00:37:29.947+0000] {processor.py:161} INFO - Started process (PID=357) to work on /opt/airflow/dags/data_pipeline.py
[2025-09-11T00:37:29.964+0000] {processor.py:830} INFO - Processing file /opt/airflow/dags/data_pipeline.py for tasks to queue
[2025-09-11T00:37:29.994+0000] {logging_mixin.py:188} INFO - [2025-09-11T00:37:29.988+0000] {dagbag.py:538} INFO - Filling up the DagBag from /opt/airflow/dags/data_pipeline.py
[2025-09-11T00:37:32.588+0000] {logging_mixin.py:188} INFO - Pyspark version: 3.5.1
[2025-09-11T00:37:32.643+0000] {logging_mixin.py:188} INFO - [2025-09-11T00:37:32.623+0000] {dagbag.py:348} ERROR - Failed to import: /opt/airflow/dags/data_pipeline.py
Traceback (most recent call last):
  File "/home/airflow/.local/lib/python3.8/site-packages/airflow/models/dagbag.py", line 344, in parse
    loader.exec_module(new_module)
  File "<frozen importlib._bootstrap_external>", line 843, in exec_module
  File "<frozen importlib._bootstrap>", line 219, in _call_with_frames_removed
  File "/opt/airflow/dags/data_pipeline.py", line 12, in <module>
    from ingestion.local_producer_host import purchase_event
  File "/opt/airflow/ingestion/local_producer_host.py", line 1, in <module>
    from confluent_kafka import Producer
ModuleNotFoundError: No module named 'confluent_kafka'
[2025-09-11T00:37:32.647+0000] {processor.py:842} WARNING - No viable dags retrieved from /opt/airflow/dags/data_pipeline.py
[2025-09-11T00:37:32.854+0000] {processor.py:183} INFO - Processing /opt/airflow/dags/data_pipeline.py took 2.959 seconds
[2025-09-11T00:38:03.425+0000] {processor.py:161} INFO - Started process (PID=358) to work on /opt/airflow/dags/data_pipeline.py
[2025-09-11T00:38:03.434+0000] {processor.py:830} INFO - Processing file /opt/airflow/dags/data_pipeline.py for tasks to queue
[2025-09-11T00:38:03.486+0000] {logging_mixin.py:188} INFO - [2025-09-11T00:38:03.482+0000] {dagbag.py:538} INFO - Filling up the DagBag from /opt/airflow/dags/data_pipeline.py
[2025-09-11T00:38:07.605+0000] {logging_mixin.py:188} INFO - Pyspark version: 3.5.1
[2025-09-11T00:38:07.689+0000] {logging_mixin.py:188} INFO - [2025-09-11T00:38:07.659+0000] {dagbag.py:348} ERROR - Failed to import: /opt/airflow/dags/data_pipeline.py
Traceback (most recent call last):
  File "/home/airflow/.local/lib/python3.8/site-packages/airflow/models/dagbag.py", line 344, in parse
    loader.exec_module(new_module)
  File "<frozen importlib._bootstrap_external>", line 843, in exec_module
  File "<frozen importlib._bootstrap>", line 219, in _call_with_frames_removed
  File "/opt/airflow/dags/data_pipeline.py", line 12, in <module>
    from ingestion.local_producer_host import purchase_event
  File "/opt/airflow/ingestion/local_producer_host.py", line 1, in <module>
    from confluent_kafka import Producer
ModuleNotFoundError: No module named 'confluent_kafka'
[2025-09-11T00:38:07.701+0000] {processor.py:842} WARNING - No viable dags retrieved from /opt/airflow/dags/data_pipeline.py
[2025-09-11T00:38:08.020+0000] {processor.py:183} INFO - Processing /opt/airflow/dags/data_pipeline.py took 4.633 seconds
[2025-09-11T00:38:39.064+0000] {processor.py:161} INFO - Started process (PID=359) to work on /opt/airflow/dags/data_pipeline.py
[2025-09-11T00:38:39.093+0000] {processor.py:830} INFO - Processing file /opt/airflow/dags/data_pipeline.py for tasks to queue
[2025-09-11T00:38:39.186+0000] {logging_mixin.py:188} INFO - [2025-09-11T00:38:39.176+0000] {dagbag.py:538} INFO - Filling up the DagBag from /opt/airflow/dags/data_pipeline.py
[2025-09-11T00:38:41.752+0000] {logging_mixin.py:188} INFO - Pyspark version: 3.5.1
[2025-09-11T00:38:41.793+0000] {logging_mixin.py:188} INFO - [2025-09-11T00:38:41.779+0000] {dagbag.py:348} ERROR - Failed to import: /opt/airflow/dags/data_pipeline.py
Traceback (most recent call last):
  File "/home/airflow/.local/lib/python3.8/site-packages/airflow/models/dagbag.py", line 344, in parse
    loader.exec_module(new_module)
  File "<frozen importlib._bootstrap_external>", line 843, in exec_module
  File "<frozen importlib._bootstrap>", line 219, in _call_with_frames_removed
  File "/opt/airflow/dags/data_pipeline.py", line 12, in <module>
    from ingestion.local_producer_host import purchase_event
  File "/opt/airflow/ingestion/local_producer_host.py", line 1, in <module>
    from confluent_kafka import Producer
ModuleNotFoundError: No module named 'confluent_kafka'
[2025-09-11T00:38:41.802+0000] {processor.py:842} WARNING - No viable dags retrieved from /opt/airflow/dags/data_pipeline.py
[2025-09-11T00:38:41.995+0000] {processor.py:183} INFO - Processing /opt/airflow/dags/data_pipeline.py took 2.989 seconds
[2025-09-11T00:39:12.467+0000] {processor.py:161} INFO - Started process (PID=360) to work on /opt/airflow/dags/data_pipeline.py
[2025-09-11T00:39:12.485+0000] {processor.py:830} INFO - Processing file /opt/airflow/dags/data_pipeline.py for tasks to queue
[2025-09-11T00:39:12.522+0000] {logging_mixin.py:188} INFO - [2025-09-11T00:39:12.519+0000] {dagbag.py:538} INFO - Filling up the DagBag from /opt/airflow/dags/data_pipeline.py
[2025-09-11T00:39:14.756+0000] {logging_mixin.py:188} INFO - Pyspark version: 3.5.1
[2025-09-11T00:39:14.797+0000] {logging_mixin.py:188} INFO - [2025-09-11T00:39:14.786+0000] {dagbag.py:348} ERROR - Failed to import: /opt/airflow/dags/data_pipeline.py
Traceback (most recent call last):
  File "/home/airflow/.local/lib/python3.8/site-packages/airflow/models/dagbag.py", line 344, in parse
    loader.exec_module(new_module)
  File "<frozen importlib._bootstrap_external>", line 843, in exec_module
  File "<frozen importlib._bootstrap>", line 219, in _call_with_frames_removed
  File "/opt/airflow/dags/data_pipeline.py", line 12, in <module>
    from ingestion.local_producer_host import purchase_event
  File "/opt/airflow/ingestion/local_producer_host.py", line 1, in <module>
    from confluent_kafka import Producer
ModuleNotFoundError: No module named 'confluent_kafka'
[2025-09-11T00:39:14.801+0000] {processor.py:842} WARNING - No viable dags retrieved from /opt/airflow/dags/data_pipeline.py
[2025-09-11T00:39:15.023+0000] {processor.py:183} INFO - Processing /opt/airflow/dags/data_pipeline.py took 2.596 seconds
[2025-09-11T00:39:45.386+0000] {processor.py:161} INFO - Started process (PID=361) to work on /opt/airflow/dags/data_pipeline.py
[2025-09-11T00:39:45.394+0000] {processor.py:830} INFO - Processing file /opt/airflow/dags/data_pipeline.py for tasks to queue
[2025-09-11T00:39:45.413+0000] {logging_mixin.py:188} INFO - [2025-09-11T00:39:45.411+0000] {dagbag.py:538} INFO - Filling up the DagBag from /opt/airflow/dags/data_pipeline.py
[2025-09-11T00:39:47.721+0000] {logging_mixin.py:188} INFO - Pyspark version: 3.5.1
[2025-09-11T00:39:47.800+0000] {logging_mixin.py:188} INFO - [2025-09-11T00:39:47.779+0000] {dagbag.py:348} ERROR - Failed to import: /opt/airflow/dags/data_pipeline.py
Traceback (most recent call last):
  File "/home/airflow/.local/lib/python3.8/site-packages/airflow/models/dagbag.py", line 344, in parse
    loader.exec_module(new_module)
  File "<frozen importlib._bootstrap_external>", line 843, in exec_module
  File "<frozen importlib._bootstrap>", line 219, in _call_with_frames_removed
  File "/opt/airflow/dags/data_pipeline.py", line 12, in <module>
    from ingestion.local_producer_host import purchase_event
  File "/opt/airflow/ingestion/local_producer_host.py", line 1, in <module>
    from confluent_kafka import Producer
ModuleNotFoundError: No module named 'confluent_kafka'
[2025-09-11T00:39:47.829+0000] {processor.py:842} WARNING - No viable dags retrieved from /opt/airflow/dags/data_pipeline.py
[2025-09-11T00:39:48.178+0000] {processor.py:183} INFO - Processing /opt/airflow/dags/data_pipeline.py took 2.832 seconds
[2025-09-11T00:40:19.224+0000] {processor.py:161} INFO - Started process (PID=362) to work on /opt/airflow/dags/data_pipeline.py
[2025-09-11T00:40:19.235+0000] {processor.py:830} INFO - Processing file /opt/airflow/dags/data_pipeline.py for tasks to queue
[2025-09-11T00:40:19.257+0000] {logging_mixin.py:188} INFO - [2025-09-11T00:40:19.254+0000] {dagbag.py:538} INFO - Filling up the DagBag from /opt/airflow/dags/data_pipeline.py
[2025-09-11T00:40:24.636+0000] {logging_mixin.py:188} INFO - Pyspark version: 3.5.1
[2025-09-11T00:40:24.762+0000] {logging_mixin.py:188} INFO - [2025-09-11T00:40:24.746+0000] {dagbag.py:348} ERROR - Failed to import: /opt/airflow/dags/data_pipeline.py
Traceback (most recent call last):
  File "/home/airflow/.local/lib/python3.8/site-packages/airflow/models/dagbag.py", line 344, in parse
    loader.exec_module(new_module)
  File "<frozen importlib._bootstrap_external>", line 843, in exec_module
  File "<frozen importlib._bootstrap>", line 219, in _call_with_frames_removed
  File "/opt/airflow/dags/data_pipeline.py", line 12, in <module>
    from ingestion.local_producer_host import purchase_event
  File "/opt/airflow/ingestion/local_producer_host.py", line 1, in <module>
    from confluent_kafka import Producer
ModuleNotFoundError: No module named 'confluent_kafka'
[2025-09-11T00:40:24.766+0000] {processor.py:842} WARNING - No viable dags retrieved from /opt/airflow/dags/data_pipeline.py
[2025-09-11T00:40:25.033+0000] {processor.py:183} INFO - Processing /opt/airflow/dags/data_pipeline.py took 5.864 seconds
[2025-09-11T00:40:55.232+0000] {processor.py:161} INFO - Started process (PID=363) to work on /opt/airflow/dags/data_pipeline.py
[2025-09-11T00:40:55.240+0000] {processor.py:830} INFO - Processing file /opt/airflow/dags/data_pipeline.py for tasks to queue
[2025-09-11T00:40:55.266+0000] {logging_mixin.py:188} INFO - [2025-09-11T00:40:55.264+0000] {dagbag.py:538} INFO - Filling up the DagBag from /opt/airflow/dags/data_pipeline.py
[2025-09-11T00:40:57.694+0000] {logging_mixin.py:188} INFO - Pyspark version: 3.5.1
[2025-09-11T00:40:57.740+0000] {logging_mixin.py:188} INFO - [2025-09-11T00:40:57.726+0000] {dagbag.py:348} ERROR - Failed to import: /opt/airflow/dags/data_pipeline.py
Traceback (most recent call last):
  File "/home/airflow/.local/lib/python3.8/site-packages/airflow/models/dagbag.py", line 344, in parse
    loader.exec_module(new_module)
  File "<frozen importlib._bootstrap_external>", line 843, in exec_module
  File "<frozen importlib._bootstrap>", line 219, in _call_with_frames_removed
  File "/opt/airflow/dags/data_pipeline.py", line 12, in <module>
    from ingestion.local_producer_host import purchase_event
  File "/opt/airflow/ingestion/local_producer_host.py", line 1, in <module>
    from confluent_kafka import Producer
ModuleNotFoundError: No module named 'confluent_kafka'
[2025-09-11T00:40:57.745+0000] {processor.py:842} WARNING - No viable dags retrieved from /opt/airflow/dags/data_pipeline.py
[2025-09-11T00:40:58.087+0000] {processor.py:183} INFO - Processing /opt/airflow/dags/data_pipeline.py took 2.882 seconds
[2025-09-11T00:41:28.647+0000] {processor.py:161} INFO - Started process (PID=364) to work on /opt/airflow/dags/data_pipeline.py
[2025-09-11T00:41:28.658+0000] {processor.py:830} INFO - Processing file /opt/airflow/dags/data_pipeline.py for tasks to queue
[2025-09-11T00:41:28.712+0000] {logging_mixin.py:188} INFO - [2025-09-11T00:41:28.707+0000] {dagbag.py:538} INFO - Filling up the DagBag from /opt/airflow/dags/data_pipeline.py
[2025-09-11T00:41:30.573+0000] {logging_mixin.py:188} INFO - Pyspark version: 3.5.1
[2025-09-11T00:41:30.627+0000] {logging_mixin.py:188} INFO - [2025-09-11T00:41:30.618+0000] {dagbag.py:348} ERROR - Failed to import: /opt/airflow/dags/data_pipeline.py
Traceback (most recent call last):
  File "/home/airflow/.local/lib/python3.8/site-packages/airflow/models/dagbag.py", line 344, in parse
    loader.exec_module(new_module)
  File "<frozen importlib._bootstrap_external>", line 843, in exec_module
  File "<frozen importlib._bootstrap>", line 219, in _call_with_frames_removed
  File "/opt/airflow/dags/data_pipeline.py", line 12, in <module>
    from ingestion.local_producer_host import purchase_event
  File "/opt/airflow/ingestion/local_producer_host.py", line 1, in <module>
    from confluent_kafka import Producer
ModuleNotFoundError: No module named 'confluent_kafka'
[2025-09-11T00:41:30.631+0000] {processor.py:842} WARNING - No viable dags retrieved from /opt/airflow/dags/data_pipeline.py
[2025-09-11T00:41:30.827+0000] {processor.py:183} INFO - Processing /opt/airflow/dags/data_pipeline.py took 2.237 seconds
[2025-09-11T00:42:02.186+0000] {processor.py:161} INFO - Started process (PID=365) to work on /opt/airflow/dags/data_pipeline.py
[2025-09-11T00:42:02.194+0000] {processor.py:830} INFO - Processing file /opt/airflow/dags/data_pipeline.py for tasks to queue
[2025-09-11T00:42:02.222+0000] {logging_mixin.py:188} INFO - [2025-09-11T00:42:02.220+0000] {dagbag.py:538} INFO - Filling up the DagBag from /opt/airflow/dags/data_pipeline.py
[2025-09-11T00:42:04.602+0000] {logging_mixin.py:188} INFO - Pyspark version: 3.5.1
[2025-09-11T00:42:04.654+0000] {logging_mixin.py:188} INFO - [2025-09-11T00:42:04.636+0000] {dagbag.py:348} ERROR - Failed to import: /opt/airflow/dags/data_pipeline.py
Traceback (most recent call last):
  File "/home/airflow/.local/lib/python3.8/site-packages/airflow/models/dagbag.py", line 344, in parse
    loader.exec_module(new_module)
  File "<frozen importlib._bootstrap_external>", line 843, in exec_module
  File "<frozen importlib._bootstrap>", line 219, in _call_with_frames_removed
  File "/opt/airflow/dags/data_pipeline.py", line 12, in <module>
    from ingestion.local_producer_host import purchase_event
  File "/opt/airflow/ingestion/local_producer_host.py", line 1, in <module>
    from confluent_kafka import Producer
ModuleNotFoundError: No module named 'confluent_kafka'
[2025-09-11T00:42:04.660+0000] {processor.py:842} WARNING - No viable dags retrieved from /opt/airflow/dags/data_pipeline.py
[2025-09-11T00:42:04.978+0000] {processor.py:183} INFO - Processing /opt/airflow/dags/data_pipeline.py took 2.875 seconds
[2025-09-11T00:42:36.380+0000] {processor.py:161} INFO - Started process (PID=366) to work on /opt/airflow/dags/data_pipeline.py
[2025-09-11T00:42:36.390+0000] {processor.py:830} INFO - Processing file /opt/airflow/dags/data_pipeline.py for tasks to queue
[2025-09-11T00:42:36.414+0000] {logging_mixin.py:188} INFO - [2025-09-11T00:42:36.411+0000] {dagbag.py:538} INFO - Filling up the DagBag from /opt/airflow/dags/data_pipeline.py
[2025-09-11T00:42:38.515+0000] {logging_mixin.py:188} INFO - Pyspark version: 3.5.1
[2025-09-11T00:42:38.668+0000] {logging_mixin.py:188} INFO - [2025-09-11T00:42:38.646+0000] {dagbag.py:348} ERROR - Failed to import: /opt/airflow/dags/data_pipeline.py
Traceback (most recent call last):
  File "/home/airflow/.local/lib/python3.8/site-packages/airflow/models/dagbag.py", line 344, in parse
    loader.exec_module(new_module)
  File "<frozen importlib._bootstrap_external>", line 843, in exec_module
  File "<frozen importlib._bootstrap>", line 219, in _call_with_frames_removed
  File "/opt/airflow/dags/data_pipeline.py", line 12, in <module>
    from ingestion.local_producer_host import purchase_event
  File "/opt/airflow/ingestion/local_producer_host.py", line 1, in <module>
    from confluent_kafka import Producer
ModuleNotFoundError: No module named 'confluent_kafka'
[2025-09-11T00:42:38.673+0000] {processor.py:842} WARNING - No viable dags retrieved from /opt/airflow/dags/data_pipeline.py
[2025-09-11T00:42:38.988+0000] {processor.py:183} INFO - Processing /opt/airflow/dags/data_pipeline.py took 2.676 seconds
[2025-09-11T00:43:09.443+0000] {processor.py:161} INFO - Started process (PID=367) to work on /opt/airflow/dags/data_pipeline.py
[2025-09-11T00:43:09.452+0000] {processor.py:830} INFO - Processing file /opt/airflow/dags/data_pipeline.py for tasks to queue
[2025-09-11T00:43:09.478+0000] {logging_mixin.py:188} INFO - [2025-09-11T00:43:09.474+0000] {dagbag.py:538} INFO - Filling up the DagBag from /opt/airflow/dags/data_pipeline.py
[2025-09-11T00:43:11.579+0000] {logging_mixin.py:188} INFO - Pyspark version: 3.5.1
[2025-09-11T00:43:11.758+0000] {logging_mixin.py:188} INFO - [2025-09-11T00:43:11.744+0000] {dagbag.py:348} ERROR - Failed to import: /opt/airflow/dags/data_pipeline.py
Traceback (most recent call last):
  File "/home/airflow/.local/lib/python3.8/site-packages/airflow/models/dagbag.py", line 344, in parse
    loader.exec_module(new_module)
  File "<frozen importlib._bootstrap_external>", line 843, in exec_module
  File "<frozen importlib._bootstrap>", line 219, in _call_with_frames_removed
  File "/opt/airflow/dags/data_pipeline.py", line 12, in <module>
    from ingestion.local_producer_host import purchase_event
  File "/opt/airflow/ingestion/local_producer_host.py", line 1, in <module>
    from confluent_kafka import Producer
ModuleNotFoundError: No module named 'confluent_kafka'
[2025-09-11T00:43:11.762+0000] {processor.py:842} WARNING - No viable dags retrieved from /opt/airflow/dags/data_pipeline.py
[2025-09-11T00:43:11.978+0000] {processor.py:183} INFO - Processing /opt/airflow/dags/data_pipeline.py took 2.576 seconds
[2025-09-11T00:43:42.328+0000] {processor.py:161} INFO - Started process (PID=368) to work on /opt/airflow/dags/data_pipeline.py
[2025-09-11T00:43:42.335+0000] {processor.py:830} INFO - Processing file /opt/airflow/dags/data_pipeline.py for tasks to queue
[2025-09-11T00:43:42.362+0000] {logging_mixin.py:188} INFO - [2025-09-11T00:43:42.360+0000] {dagbag.py:538} INFO - Filling up the DagBag from /opt/airflow/dags/data_pipeline.py
[2025-09-11T00:43:44.476+0000] {logging_mixin.py:188} INFO - Pyspark version: 3.5.1
[2025-09-11T00:43:44.543+0000] {logging_mixin.py:188} INFO - [2025-09-11T00:43:44.532+0000] {dagbag.py:348} ERROR - Failed to import: /opt/airflow/dags/data_pipeline.py
Traceback (most recent call last):
  File "/home/airflow/.local/lib/python3.8/site-packages/airflow/models/dagbag.py", line 344, in parse
    loader.exec_module(new_module)
  File "<frozen importlib._bootstrap_external>", line 843, in exec_module
  File "<frozen importlib._bootstrap>", line 219, in _call_with_frames_removed
  File "/opt/airflow/dags/data_pipeline.py", line 12, in <module>
    from ingestion.local_producer_host import purchase_event
  File "/opt/airflow/ingestion/local_producer_host.py", line 1, in <module>
    from confluent_kafka import Producer
ModuleNotFoundError: No module named 'confluent_kafka'
[2025-09-11T00:43:44.547+0000] {processor.py:842} WARNING - No viable dags retrieved from /opt/airflow/dags/data_pipeline.py
[2025-09-11T00:43:44.710+0000] {processor.py:183} INFO - Processing /opt/airflow/dags/data_pipeline.py took 2.431 seconds
[2025-09-11T00:44:15.196+0000] {processor.py:161} INFO - Started process (PID=369) to work on /opt/airflow/dags/data_pipeline.py
[2025-09-11T00:44:15.204+0000] {processor.py:830} INFO - Processing file /opt/airflow/dags/data_pipeline.py for tasks to queue
[2025-09-11T00:44:15.216+0000] {logging_mixin.py:188} INFO - [2025-09-11T00:44:15.214+0000] {dagbag.py:538} INFO - Filling up the DagBag from /opt/airflow/dags/data_pipeline.py
[2025-09-11T00:44:16.259+0000] {logging_mixin.py:188} INFO - Pyspark version: 3.5.1
[2025-09-11T00:44:16.297+0000] {logging_mixin.py:188} INFO - [2025-09-11T00:44:16.284+0000] {dagbag.py:348} ERROR - Failed to import: /opt/airflow/dags/data_pipeline.py
Traceback (most recent call last):
  File "/home/airflow/.local/lib/python3.8/site-packages/airflow/models/dagbag.py", line 344, in parse
    loader.exec_module(new_module)
  File "<frozen importlib._bootstrap_external>", line 843, in exec_module
  File "<frozen importlib._bootstrap>", line 219, in _call_with_frames_removed
  File "/opt/airflow/dags/data_pipeline.py", line 12, in <module>
    from ingestion.local_producer_host import purchase_event
  File "/opt/airflow/ingestion/local_producer_host.py", line 1, in <module>
    from confluent_kafka import Producer
ModuleNotFoundError: No module named 'confluent_kafka'
[2025-09-11T00:44:16.300+0000] {processor.py:842} WARNING - No viable dags retrieved from /opt/airflow/dags/data_pipeline.py
[2025-09-11T00:44:16.424+0000] {processor.py:183} INFO - Processing /opt/airflow/dags/data_pipeline.py took 1.259 seconds
[2025-09-11T00:44:47.029+0000] {processor.py:161} INFO - Started process (PID=370) to work on /opt/airflow/dags/data_pipeline.py
[2025-09-11T00:44:47.038+0000] {processor.py:830} INFO - Processing file /opt/airflow/dags/data_pipeline.py for tasks to queue
[2025-09-11T00:44:47.057+0000] {logging_mixin.py:188} INFO - [2025-09-11T00:44:47.053+0000] {dagbag.py:538} INFO - Filling up the DagBag from /opt/airflow/dags/data_pipeline.py
[2025-09-11T00:44:48.518+0000] {logging_mixin.py:188} INFO - Pyspark version: 3.5.1
[2025-09-11T00:44:48.573+0000] {logging_mixin.py:188} INFO - [2025-09-11T00:44:48.556+0000] {dagbag.py:348} ERROR - Failed to import: /opt/airflow/dags/data_pipeline.py
Traceback (most recent call last):
  File "/home/airflow/.local/lib/python3.8/site-packages/airflow/models/dagbag.py", line 344, in parse
    loader.exec_module(new_module)
  File "<frozen importlib._bootstrap_external>", line 843, in exec_module
  File "<frozen importlib._bootstrap>", line 219, in _call_with_frames_removed
  File "/opt/airflow/dags/data_pipeline.py", line 12, in <module>
    from ingestion.local_producer_host import purchase_event
  File "/opt/airflow/ingestion/local_producer_host.py", line 1, in <module>
    from confluent_kafka import Producer
ModuleNotFoundError: No module named 'confluent_kafka'
[2025-09-11T00:44:48.580+0000] {processor.py:842} WARNING - No viable dags retrieved from /opt/airflow/dags/data_pipeline.py
[2025-09-11T00:44:48.748+0000] {processor.py:183} INFO - Processing /opt/airflow/dags/data_pipeline.py took 1.752 seconds
[2025-09-11T00:45:19.763+0000] {processor.py:161} INFO - Started process (PID=371) to work on /opt/airflow/dags/data_pipeline.py
[2025-09-11T00:45:19.768+0000] {processor.py:830} INFO - Processing file /opt/airflow/dags/data_pipeline.py for tasks to queue
[2025-09-11T00:45:19.779+0000] {logging_mixin.py:188} INFO - [2025-09-11T00:45:19.778+0000] {dagbag.py:538} INFO - Filling up the DagBag from /opt/airflow/dags/data_pipeline.py
[2025-09-11T00:45:21.499+0000] {logging_mixin.py:188} INFO - Pyspark version: 3.5.1
[2025-09-11T00:45:21.601+0000] {logging_mixin.py:188} INFO - [2025-09-11T00:45:21.561+0000] {dagbag.py:348} ERROR - Failed to import: /opt/airflow/dags/data_pipeline.py
Traceback (most recent call last):
  File "/home/airflow/.local/lib/python3.8/site-packages/airflow/models/dagbag.py", line 344, in parse
    loader.exec_module(new_module)
  File "<frozen importlib._bootstrap_external>", line 843, in exec_module
  File "<frozen importlib._bootstrap>", line 219, in _call_with_frames_removed
  File "/opt/airflow/dags/data_pipeline.py", line 12, in <module>
    from ingestion.local_producer_host import purchase_event
  File "/opt/airflow/ingestion/local_producer_host.py", line 1, in <module>
    from confluent_kafka import Producer
ModuleNotFoundError: No module named 'confluent_kafka'
[2025-09-11T00:45:21.609+0000] {processor.py:842} WARNING - No viable dags retrieved from /opt/airflow/dags/data_pipeline.py
[2025-09-11T00:45:21.943+0000] {processor.py:183} INFO - Processing /opt/airflow/dags/data_pipeline.py took 2.202 seconds
[2025-09-11T00:45:52.850+0000] {processor.py:161} INFO - Started process (PID=372) to work on /opt/airflow/dags/data_pipeline.py
[2025-09-11T00:45:52.855+0000] {processor.py:830} INFO - Processing file /opt/airflow/dags/data_pipeline.py for tasks to queue
[2025-09-11T00:45:52.875+0000] {logging_mixin.py:188} INFO - [2025-09-11T00:45:52.873+0000] {dagbag.py:538} INFO - Filling up the DagBag from /opt/airflow/dags/data_pipeline.py
[2025-09-11T00:45:54.542+0000] {logging_mixin.py:188} INFO - Pyspark version: 3.5.1
[2025-09-11T00:45:54.594+0000] {logging_mixin.py:188} INFO - [2025-09-11T00:45:54.583+0000] {dagbag.py:348} ERROR - Failed to import: /opt/airflow/dags/data_pipeline.py
Traceback (most recent call last):
  File "/home/airflow/.local/lib/python3.8/site-packages/airflow/models/dagbag.py", line 344, in parse
    loader.exec_module(new_module)
  File "<frozen importlib._bootstrap_external>", line 843, in exec_module
  File "<frozen importlib._bootstrap>", line 219, in _call_with_frames_removed
  File "/opt/airflow/dags/data_pipeline.py", line 12, in <module>
    from ingestion.local_producer_host import purchase_event
  File "/opt/airflow/ingestion/local_producer_host.py", line 1, in <module>
    from confluent_kafka import Producer
ModuleNotFoundError: No module named 'confluent_kafka'
[2025-09-11T00:45:54.601+0000] {processor.py:842} WARNING - No viable dags retrieved from /opt/airflow/dags/data_pipeline.py
[2025-09-11T00:45:54.774+0000] {processor.py:183} INFO - Processing /opt/airflow/dags/data_pipeline.py took 1.944 seconds
[2025-09-11T00:46:24.890+0000] {processor.py:161} INFO - Started process (PID=373) to work on /opt/airflow/dags/data_pipeline.py
[2025-09-11T00:46:24.895+0000] {processor.py:830} INFO - Processing file /opt/airflow/dags/data_pipeline.py for tasks to queue
[2025-09-11T00:46:24.909+0000] {logging_mixin.py:188} INFO - [2025-09-11T00:46:24.908+0000] {dagbag.py:538} INFO - Filling up the DagBag from /opt/airflow/dags/data_pipeline.py
[2025-09-11T00:46:26.110+0000] {logging_mixin.py:188} INFO - Pyspark version: 3.5.1
[2025-09-11T00:46:26.148+0000] {logging_mixin.py:188} INFO - [2025-09-11T00:46:26.138+0000] {dagbag.py:348} ERROR - Failed to import: /opt/airflow/dags/data_pipeline.py
Traceback (most recent call last):
  File "/home/airflow/.local/lib/python3.8/site-packages/airflow/models/dagbag.py", line 344, in parse
    loader.exec_module(new_module)
  File "<frozen importlib._bootstrap_external>", line 843, in exec_module
  File "<frozen importlib._bootstrap>", line 219, in _call_with_frames_removed
  File "/opt/airflow/dags/data_pipeline.py", line 12, in <module>
    from ingestion.local_producer_host import purchase_event
  File "/opt/airflow/ingestion/local_producer_host.py", line 1, in <module>
    from confluent_kafka import Producer
ModuleNotFoundError: No module named 'confluent_kafka'
[2025-09-11T00:46:26.152+0000] {processor.py:842} WARNING - No viable dags retrieved from /opt/airflow/dags/data_pipeline.py
[2025-09-11T00:46:26.276+0000] {processor.py:183} INFO - Processing /opt/airflow/dags/data_pipeline.py took 1.405 seconds
[2025-09-11T00:46:56.738+0000] {processor.py:161} INFO - Started process (PID=374) to work on /opt/airflow/dags/data_pipeline.py
[2025-09-11T00:46:56.740+0000] {processor.py:830} INFO - Processing file /opt/airflow/dags/data_pipeline.py for tasks to queue
[2025-09-11T00:46:56.749+0000] {logging_mixin.py:188} INFO - [2025-09-11T00:46:56.748+0000] {dagbag.py:538} INFO - Filling up the DagBag from /opt/airflow/dags/data_pipeline.py
[2025-09-11T00:46:57.159+0000] {logging_mixin.py:188} INFO - Pyspark version: 3.5.1
[2025-09-11T00:46:57.172+0000] {logging_mixin.py:188} INFO - [2025-09-11T00:46:57.169+0000] {dagbag.py:348} ERROR - Failed to import: /opt/airflow/dags/data_pipeline.py
Traceback (most recent call last):
  File "/home/airflow/.local/lib/python3.8/site-packages/airflow/models/dagbag.py", line 344, in parse
    loader.exec_module(new_module)
  File "<frozen importlib._bootstrap_external>", line 843, in exec_module
  File "<frozen importlib._bootstrap>", line 219, in _call_with_frames_removed
  File "/opt/airflow/dags/data_pipeline.py", line 12, in <module>
    from ingestion.local_producer_host import purchase_event
  File "/opt/airflow/ingestion/local_producer_host.py", line 1, in <module>
    from confluent_kafka import Producer
ModuleNotFoundError: No module named 'confluent_kafka'
[2025-09-11T00:46:57.174+0000] {processor.py:842} WARNING - No viable dags retrieved from /opt/airflow/dags/data_pipeline.py
[2025-09-11T00:46:57.230+0000] {processor.py:183} INFO - Processing /opt/airflow/dags/data_pipeline.py took 0.504 seconds
[2025-09-11T00:47:27.656+0000] {processor.py:161} INFO - Started process (PID=375) to work on /opt/airflow/dags/data_pipeline.py
[2025-09-11T00:47:27.658+0000] {processor.py:830} INFO - Processing file /opt/airflow/dags/data_pipeline.py for tasks to queue
[2025-09-11T00:47:27.664+0000] {logging_mixin.py:188} INFO - [2025-09-11T00:47:27.663+0000] {dagbag.py:538} INFO - Filling up the DagBag from /opt/airflow/dags/data_pipeline.py
[2025-09-11T00:47:28.264+0000] {logging_mixin.py:188} INFO - Pyspark version: 3.5.1
[2025-09-11T00:47:28.286+0000] {logging_mixin.py:188} INFO - [2025-09-11T00:47:28.278+0000] {dagbag.py:348} ERROR - Failed to import: /opt/airflow/dags/data_pipeline.py
Traceback (most recent call last):
  File "/home/airflow/.local/lib/python3.8/site-packages/airflow/models/dagbag.py", line 344, in parse
    loader.exec_module(new_module)
  File "<frozen importlib._bootstrap_external>", line 843, in exec_module
  File "<frozen importlib._bootstrap>", line 219, in _call_with_frames_removed
  File "/opt/airflow/dags/data_pipeline.py", line 12, in <module>
    from ingestion.local_producer_host import purchase_event
  File "/opt/airflow/ingestion/local_producer_host.py", line 1, in <module>
    from confluent_kafka import Producer
ModuleNotFoundError: No module named 'confluent_kafka'
[2025-09-11T00:47:28.288+0000] {processor.py:842} WARNING - No viable dags retrieved from /opt/airflow/dags/data_pipeline.py
[2025-09-11T00:47:28.365+0000] {processor.py:183} INFO - Processing /opt/airflow/dags/data_pipeline.py took 0.717 seconds
[2025-09-11T00:47:58.899+0000] {processor.py:161} INFO - Started process (PID=376) to work on /opt/airflow/dags/data_pipeline.py
[2025-09-11T00:47:58.905+0000] {processor.py:830} INFO - Processing file /opt/airflow/dags/data_pipeline.py for tasks to queue
[2025-09-11T00:47:58.916+0000] {logging_mixin.py:188} INFO - [2025-09-11T00:47:58.915+0000] {dagbag.py:538} INFO - Filling up the DagBag from /opt/airflow/dags/data_pipeline.py
[2025-09-11T00:48:00.072+0000] {logging_mixin.py:188} INFO - Pyspark version: 3.5.1
[2025-09-11T00:48:00.122+0000] {logging_mixin.py:188} INFO - [2025-09-11T00:48:00.109+0000] {dagbag.py:348} ERROR - Failed to import: /opt/airflow/dags/data_pipeline.py
Traceback (most recent call last):
  File "/home/airflow/.local/lib/python3.8/site-packages/airflow/models/dagbag.py", line 344, in parse
    loader.exec_module(new_module)
  File "<frozen importlib._bootstrap_external>", line 843, in exec_module
  File "<frozen importlib._bootstrap>", line 219, in _call_with_frames_removed
  File "/opt/airflow/dags/data_pipeline.py", line 12, in <module>
    from ingestion.local_producer_host import purchase_event
  File "/opt/airflow/ingestion/local_producer_host.py", line 1, in <module>
    from confluent_kafka import Producer
ModuleNotFoundError: No module named 'confluent_kafka'
[2025-09-11T00:48:00.124+0000] {processor.py:842} WARNING - No viable dags retrieved from /opt/airflow/dags/data_pipeline.py
[2025-09-11T00:48:00.389+0000] {processor.py:183} INFO - Processing /opt/airflow/dags/data_pipeline.py took 1.509 seconds
[2025-09-11T11:57:37.020+0000] {processor.py:161} INFO - Started process (PID=25) to work on /opt/airflow/dags/data_pipeline.py
[2025-09-11T11:57:37.024+0000] {processor.py:830} INFO - Processing file /opt/airflow/dags/data_pipeline.py for tasks to queue
[2025-09-11T11:57:37.030+0000] {logging_mixin.py:188} INFO - [2025-09-11T11:57:37.030+0000] {dagbag.py:538} INFO - Filling up the DagBag from /opt/airflow/dags/data_pipeline.py
[2025-09-11T11:57:37.265+0000] {logging_mixin.py:188} INFO - Pyspark version: 3.5.1
[2025-09-11T11:57:37.288+0000] {logging_mixin.py:188} INFO - [2025-09-11T11:57:37.282+0000] {dagbag.py:348} ERROR - Failed to import: /opt/airflow/dags/data_pipeline.py
Traceback (most recent call last):
  File "/home/airflow/.local/lib/python3.8/site-packages/airflow/models/dagbag.py", line 344, in parse
    loader.exec_module(new_module)
  File "<frozen importlib._bootstrap_external>", line 843, in exec_module
  File "<frozen importlib._bootstrap>", line 219, in _call_with_frames_removed
  File "/opt/airflow/dags/data_pipeline.py", line 12, in <module>
    from ingestion.local_producer_host import purchase_event
  File "/opt/airflow/ingestion/local_producer_host.py", line 1, in <module>
    from confluent_kafka import Producer
ModuleNotFoundError: No module named 'confluent_kafka'
[2025-09-11T11:57:37.289+0000] {processor.py:842} WARNING - No viable dags retrieved from /opt/airflow/dags/data_pipeline.py
[2025-09-11T11:57:37.383+0000] {processor.py:183} INFO - Processing /opt/airflow/dags/data_pipeline.py took 0.373 seconds
[2025-09-11T11:58:07.605+0000] {processor.py:161} INFO - Started process (PID=26) to work on /opt/airflow/dags/data_pipeline.py
[2025-09-11T11:58:07.608+0000] {processor.py:830} INFO - Processing file /opt/airflow/dags/data_pipeline.py for tasks to queue
[2025-09-11T11:58:07.621+0000] {logging_mixin.py:188} INFO - [2025-09-11T11:58:07.619+0000] {dagbag.py:538} INFO - Filling up the DagBag from /opt/airflow/dags/data_pipeline.py
[2025-09-11T11:58:07.849+0000] {logging_mixin.py:188} INFO - Pyspark version: 3.5.1
[2025-09-11T11:58:07.865+0000] {logging_mixin.py:188} INFO - [2025-09-11T11:58:07.860+0000] {dagbag.py:348} ERROR - Failed to import: /opt/airflow/dags/data_pipeline.py
Traceback (most recent call last):
  File "/home/airflow/.local/lib/python3.8/site-packages/airflow/models/dagbag.py", line 344, in parse
    loader.exec_module(new_module)
  File "<frozen importlib._bootstrap_external>", line 843, in exec_module
  File "<frozen importlib._bootstrap>", line 219, in _call_with_frames_removed
  File "/opt/airflow/dags/data_pipeline.py", line 12, in <module>
    from ingestion.local_producer_host import purchase_event
  File "/opt/airflow/ingestion/local_producer_host.py", line 1, in <module>
    from confluent_kafka import Producer
ModuleNotFoundError: No module named 'confluent_kafka'
[2025-09-11T11:58:07.866+0000] {processor.py:842} WARNING - No viable dags retrieved from /opt/airflow/dags/data_pipeline.py
[2025-09-11T11:58:07.932+0000] {processor.py:183} INFO - Processing /opt/airflow/dags/data_pipeline.py took 0.345 seconds
[2025-09-11T11:58:38.906+0000] {processor.py:161} INFO - Started process (PID=27) to work on /opt/airflow/dags/data_pipeline.py
[2025-09-11T11:58:38.911+0000] {processor.py:830} INFO - Processing file /opt/airflow/dags/data_pipeline.py for tasks to queue
[2025-09-11T11:58:38.923+0000] {logging_mixin.py:188} INFO - [2025-09-11T11:58:38.921+0000] {dagbag.py:538} INFO - Filling up the DagBag from /opt/airflow/dags/data_pipeline.py
[2025-09-11T11:58:39.260+0000] {logging_mixin.py:188} INFO - Pyspark version: 3.5.1
[2025-09-11T11:58:39.282+0000] {logging_mixin.py:188} INFO - [2025-09-11T11:58:39.275+0000] {dagbag.py:348} ERROR - Failed to import: /opt/airflow/dags/data_pipeline.py
Traceback (most recent call last):
  File "/home/airflow/.local/lib/python3.8/site-packages/airflow/models/dagbag.py", line 344, in parse
    loader.exec_module(new_module)
  File "<frozen importlib._bootstrap_external>", line 843, in exec_module
  File "<frozen importlib._bootstrap>", line 219, in _call_with_frames_removed
  File "/opt/airflow/dags/data_pipeline.py", line 12, in <module>
    from ingestion.local_producer_host import purchase_event
  File "/opt/airflow/ingestion/local_producer_host.py", line 1, in <module>
    from confluent_kafka import Producer
ModuleNotFoundError: No module named 'confluent_kafka'
[2025-09-11T11:58:39.284+0000] {processor.py:842} WARNING - No viable dags retrieved from /opt/airflow/dags/data_pipeline.py
[2025-09-11T11:58:39.394+0000] {processor.py:183} INFO - Processing /opt/airflow/dags/data_pipeline.py took 0.513 seconds
[2025-09-11T11:59:10.020+0000] {processor.py:161} INFO - Started process (PID=28) to work on /opt/airflow/dags/data_pipeline.py
[2025-09-11T11:59:10.047+0000] {processor.py:830} INFO - Processing file /opt/airflow/dags/data_pipeline.py for tasks to queue
[2025-09-11T11:59:10.214+0000] {logging_mixin.py:188} INFO - [2025-09-11T11:59:10.204+0000] {dagbag.py:538} INFO - Filling up the DagBag from /opt/airflow/dags/data_pipeline.py
[2025-09-11T11:59:10.771+0000] {logging_mixin.py:188} INFO - Pyspark version: 3.5.1
[2025-09-11T11:59:10.814+0000] {logging_mixin.py:188} INFO - [2025-09-11T11:59:10.793+0000] {dagbag.py:348} ERROR - Failed to import: /opt/airflow/dags/data_pipeline.py
Traceback (most recent call last):
  File "/home/airflow/.local/lib/python3.8/site-packages/airflow/models/dagbag.py", line 344, in parse
    loader.exec_module(new_module)
  File "<frozen importlib._bootstrap_external>", line 843, in exec_module
  File "<frozen importlib._bootstrap>", line 219, in _call_with_frames_removed
  File "/opt/airflow/dags/data_pipeline.py", line 12, in <module>
    from ingestion.local_producer_host import purchase_event
  File "/opt/airflow/ingestion/local_producer_host.py", line 1, in <module>
    from confluent_kafka import Producer
ModuleNotFoundError: No module named 'confluent_kafka'
[2025-09-11T11:59:10.818+0000] {processor.py:842} WARNING - No viable dags retrieved from /opt/airflow/dags/data_pipeline.py
[2025-09-11T11:59:11.012+0000] {processor.py:183} INFO - Processing /opt/airflow/dags/data_pipeline.py took 1.253 seconds
[2025-09-11T12:07:03.101+0000] {processor.py:161} INFO - Started process (PID=25) to work on /opt/airflow/dags/data_pipeline.py
[2025-09-11T12:07:03.157+0000] {processor.py:830} INFO - Processing file /opt/airflow/dags/data_pipeline.py for tasks to queue
[2025-09-11T12:07:03.265+0000] {logging_mixin.py:188} INFO - [2025-09-11T12:07:03.254+0000] {dagbag.py:538} INFO - Filling up the DagBag from /opt/airflow/dags/data_pipeline.py
[2025-09-11T12:07:04.563+0000] {logging_mixin.py:188} INFO - Pyspark version: 3.5.1
[2025-09-11T12:07:04.618+0000] {logging_mixin.py:188} INFO - [2025-09-11T12:07:04.604+0000] {dagbag.py:348} ERROR - Failed to import: /opt/airflow/dags/data_pipeline.py
Traceback (most recent call last):
  File "/home/airflow/.local/lib/python3.8/site-packages/airflow/models/dagbag.py", line 344, in parse
    loader.exec_module(new_module)
  File "<frozen importlib._bootstrap_external>", line 843, in exec_module
  File "<frozen importlib._bootstrap>", line 219, in _call_with_frames_removed
  File "/opt/airflow/dags/data_pipeline.py", line 12, in <module>
    from ingestion.local_producer_host import purchase_event
  File "/opt/airflow/ingestion/local_producer_host.py", line 1, in <module>
    from confluent_kafka import Producer
ModuleNotFoundError: No module named 'confluent_kafka'
[2025-09-11T12:07:04.619+0000] {processor.py:842} WARNING - No viable dags retrieved from /opt/airflow/dags/data_pipeline.py
[2025-09-11T12:07:04.913+0000] {processor.py:183} INFO - Processing /opt/airflow/dags/data_pipeline.py took 1.831 seconds
[2025-09-11T12:07:35.560+0000] {processor.py:161} INFO - Started process (PID=26) to work on /opt/airflow/dags/data_pipeline.py
[2025-09-11T12:07:35.573+0000] {processor.py:830} INFO - Processing file /opt/airflow/dags/data_pipeline.py for tasks to queue
[2025-09-11T12:07:35.730+0000] {logging_mixin.py:188} INFO - [2025-09-11T12:07:35.688+0000] {dagbag.py:538} INFO - Filling up the DagBag from /opt/airflow/dags/data_pipeline.py
[2025-09-11T12:07:37.039+0000] {logging_mixin.py:188} INFO - Pyspark version: 3.5.1
[2025-09-11T12:07:37.071+0000] {logging_mixin.py:188} INFO - [2025-09-11T12:07:37.057+0000] {dagbag.py:348} ERROR - Failed to import: /opt/airflow/dags/data_pipeline.py
Traceback (most recent call last):
  File "/home/airflow/.local/lib/python3.8/site-packages/airflow/models/dagbag.py", line 344, in parse
    loader.exec_module(new_module)
  File "<frozen importlib._bootstrap_external>", line 843, in exec_module
  File "<frozen importlib._bootstrap>", line 219, in _call_with_frames_removed
  File "/opt/airflow/dags/data_pipeline.py", line 12, in <module>
    from ingestion.local_producer_host import purchase_event
  File "/opt/airflow/ingestion/local_producer_host.py", line 1, in <module>
    from confluent_kafka import Producer
ModuleNotFoundError: No module named 'confluent_kafka'
[2025-09-11T12:07:37.073+0000] {processor.py:842} WARNING - No viable dags retrieved from /opt/airflow/dags/data_pipeline.py
[2025-09-11T12:07:37.344+0000] {processor.py:183} INFO - Processing /opt/airflow/dags/data_pipeline.py took 1.889 seconds
[2025-09-11T12:08:08.477+0000] {processor.py:161} INFO - Started process (PID=27) to work on /opt/airflow/dags/data_pipeline.py
[2025-09-11T12:08:08.483+0000] {processor.py:830} INFO - Processing file /opt/airflow/dags/data_pipeline.py for tasks to queue
[2025-09-11T12:08:08.493+0000] {logging_mixin.py:188} INFO - [2025-09-11T12:08:08.491+0000] {dagbag.py:538} INFO - Filling up the DagBag from /opt/airflow/dags/data_pipeline.py
[2025-09-11T12:08:08.866+0000] {logging_mixin.py:188} INFO - Pyspark version: 3.5.1
[2025-09-11T12:08:08.892+0000] {logging_mixin.py:188} INFO - [2025-09-11T12:08:08.886+0000] {dagbag.py:348} ERROR - Failed to import: /opt/airflow/dags/data_pipeline.py
Traceback (most recent call last):
  File "/home/airflow/.local/lib/python3.8/site-packages/airflow/models/dagbag.py", line 344, in parse
    loader.exec_module(new_module)
  File "<frozen importlib._bootstrap_external>", line 843, in exec_module
  File "<frozen importlib._bootstrap>", line 219, in _call_with_frames_removed
  File "/opt/airflow/dags/data_pipeline.py", line 12, in <module>
    from ingestion.local_producer_host import purchase_event
  File "/opt/airflow/ingestion/local_producer_host.py", line 1, in <module>
    from confluent_kafka import Producer
ModuleNotFoundError: No module named 'confluent_kafka'
[2025-09-11T12:08:08.893+0000] {processor.py:842} WARNING - No viable dags retrieved from /opt/airflow/dags/data_pipeline.py
[2025-09-11T12:08:09.012+0000] {processor.py:183} INFO - Processing /opt/airflow/dags/data_pipeline.py took 0.549 seconds
[2025-09-11T12:08:39.508+0000] {processor.py:161} INFO - Started process (PID=28) to work on /opt/airflow/dags/data_pipeline.py
[2025-09-11T12:08:39.510+0000] {processor.py:830} INFO - Processing file /opt/airflow/dags/data_pipeline.py for tasks to queue
[2025-09-11T12:08:39.517+0000] {logging_mixin.py:188} INFO - [2025-09-11T12:08:39.516+0000] {dagbag.py:538} INFO - Filling up the DagBag from /opt/airflow/dags/data_pipeline.py
[2025-09-11T12:08:39.660+0000] {logging_mixin.py:188} INFO - Pyspark version: 3.5.1
[2025-09-11T12:08:39.683+0000] {logging_mixin.py:188} INFO - [2025-09-11T12:08:39.679+0000] {dagbag.py:348} ERROR - Failed to import: /opt/airflow/dags/data_pipeline.py
Traceback (most recent call last):
  File "/home/airflow/.local/lib/python3.8/site-packages/airflow/models/dagbag.py", line 344, in parse
    loader.exec_module(new_module)
  File "<frozen importlib._bootstrap_external>", line 843, in exec_module
  File "<frozen importlib._bootstrap>", line 219, in _call_with_frames_removed
  File "/opt/airflow/dags/data_pipeline.py", line 12, in <module>
    from ingestion.local_producer_host import purchase_event
  File "/opt/airflow/ingestion/local_producer_host.py", line 1, in <module>
    from confluent_kafka import Producer
ModuleNotFoundError: No module named 'confluent_kafka'
[2025-09-11T12:08:39.683+0000] {processor.py:842} WARNING - No viable dags retrieved from /opt/airflow/dags/data_pipeline.py
[2025-09-11T12:08:39.795+0000] {processor.py:183} INFO - Processing /opt/airflow/dags/data_pipeline.py took 0.296 seconds
[2025-09-11T12:09:10.179+0000] {processor.py:161} INFO - Started process (PID=29) to work on /opt/airflow/dags/data_pipeline.py
[2025-09-11T12:09:10.181+0000] {processor.py:830} INFO - Processing file /opt/airflow/dags/data_pipeline.py for tasks to queue
[2025-09-11T12:09:10.191+0000] {logging_mixin.py:188} INFO - [2025-09-11T12:09:10.190+0000] {dagbag.py:538} INFO - Filling up the DagBag from /opt/airflow/dags/data_pipeline.py
[2025-09-11T12:09:10.323+0000] {logging_mixin.py:188} INFO - Pyspark version: 3.5.1
[2025-09-11T12:09:10.338+0000] {logging_mixin.py:188} INFO - [2025-09-11T12:09:10.334+0000] {dagbag.py:348} ERROR - Failed to import: /opt/airflow/dags/data_pipeline.py
Traceback (most recent call last):
  File "/home/airflow/.local/lib/python3.8/site-packages/airflow/models/dagbag.py", line 344, in parse
    loader.exec_module(new_module)
  File "<frozen importlib._bootstrap_external>", line 843, in exec_module
  File "<frozen importlib._bootstrap>", line 219, in _call_with_frames_removed
  File "/opt/airflow/dags/data_pipeline.py", line 12, in <module>
    from ingestion.local_producer_host import purchase_event
  File "/opt/airflow/ingestion/local_producer_host.py", line 1, in <module>
    from confluent_kafka import Producer
ModuleNotFoundError: No module named 'confluent_kafka'
[2025-09-11T12:09:10.338+0000] {processor.py:842} WARNING - No viable dags retrieved from /opt/airflow/dags/data_pipeline.py
[2025-09-11T12:09:10.374+0000] {processor.py:183} INFO - Processing /opt/airflow/dags/data_pipeline.py took 0.207 seconds
[2025-09-11T12:09:40.788+0000] {processor.py:161} INFO - Started process (PID=30) to work on /opt/airflow/dags/data_pipeline.py
[2025-09-11T12:09:40.792+0000] {processor.py:830} INFO - Processing file /opt/airflow/dags/data_pipeline.py for tasks to queue
[2025-09-11T12:09:40.799+0000] {logging_mixin.py:188} INFO - [2025-09-11T12:09:40.798+0000] {dagbag.py:538} INFO - Filling up the DagBag from /opt/airflow/dags/data_pipeline.py
[2025-09-11T12:09:41.111+0000] {logging_mixin.py:188} INFO - Pyspark version: 3.5.1
[2025-09-11T12:09:41.155+0000] {logging_mixin.py:188} INFO - [2025-09-11T12:09:41.148+0000] {dagbag.py:348} ERROR - Failed to import: /opt/airflow/dags/data_pipeline.py
Traceback (most recent call last):
  File "/home/airflow/.local/lib/python3.8/site-packages/airflow/models/dagbag.py", line 344, in parse
    loader.exec_module(new_module)
  File "<frozen importlib._bootstrap_external>", line 843, in exec_module
  File "<frozen importlib._bootstrap>", line 219, in _call_with_frames_removed
  File "/opt/airflow/dags/data_pipeline.py", line 12, in <module>
    from ingestion.local_producer_host import purchase_event
  File "/opt/airflow/ingestion/local_producer_host.py", line 1, in <module>
    from confluent_kafka import Producer
ModuleNotFoundError: No module named 'confluent_kafka'
[2025-09-11T12:09:41.157+0000] {processor.py:842} WARNING - No viable dags retrieved from /opt/airflow/dags/data_pipeline.py
[2025-09-11T12:09:41.267+0000] {processor.py:183} INFO - Processing /opt/airflow/dags/data_pipeline.py took 0.490 seconds
[2025-09-11T12:10:11.695+0000] {processor.py:161} INFO - Started process (PID=31) to work on /opt/airflow/dags/data_pipeline.py
[2025-09-11T12:10:11.697+0000] {processor.py:830} INFO - Processing file /opt/airflow/dags/data_pipeline.py for tasks to queue
[2025-09-11T12:10:11.701+0000] {logging_mixin.py:188} INFO - [2025-09-11T12:10:11.700+0000] {dagbag.py:538} INFO - Filling up the DagBag from /opt/airflow/dags/data_pipeline.py
[2025-09-11T12:10:11.851+0000] {logging_mixin.py:188} INFO - Pyspark version: 3.5.1
[2025-09-11T12:10:11.866+0000] {logging_mixin.py:188} INFO - [2025-09-11T12:10:11.861+0000] {dagbag.py:348} ERROR - Failed to import: /opt/airflow/dags/data_pipeline.py
Traceback (most recent call last):
  File "/home/airflow/.local/lib/python3.8/site-packages/airflow/models/dagbag.py", line 344, in parse
    loader.exec_module(new_module)
  File "<frozen importlib._bootstrap_external>", line 843, in exec_module
  File "<frozen importlib._bootstrap>", line 219, in _call_with_frames_removed
  File "/opt/airflow/dags/data_pipeline.py", line 12, in <module>
    from ingestion.local_producer_host import purchase_event
  File "/opt/airflow/ingestion/local_producer_host.py", line 1, in <module>
    from confluent_kafka import Producer
ModuleNotFoundError: No module named 'confluent_kafka'
[2025-09-11T12:10:11.869+0000] {processor.py:842} WARNING - No viable dags retrieved from /opt/airflow/dags/data_pipeline.py
[2025-09-11T12:10:11.920+0000] {processor.py:183} INFO - Processing /opt/airflow/dags/data_pipeline.py took 0.232 seconds
[2025-09-11T12:10:42.037+0000] {processor.py:161} INFO - Started process (PID=32) to work on /opt/airflow/dags/data_pipeline.py
[2025-09-11T12:10:42.045+0000] {processor.py:830} INFO - Processing file /opt/airflow/dags/data_pipeline.py for tasks to queue
[2025-09-11T12:10:42.065+0000] {logging_mixin.py:188} INFO - [2025-09-11T12:10:42.064+0000] {dagbag.py:538} INFO - Filling up the DagBag from /opt/airflow/dags/data_pipeline.py
[2025-09-11T12:10:42.994+0000] {logging_mixin.py:188} INFO - Pyspark version: 3.5.1
[2025-09-11T12:10:43.058+0000] {logging_mixin.py:188} INFO - [2025-09-11T12:10:43.050+0000] {dagbag.py:348} ERROR - Failed to import: /opt/airflow/dags/data_pipeline.py
Traceback (most recent call last):
  File "/home/airflow/.local/lib/python3.8/site-packages/airflow/models/dagbag.py", line 344, in parse
    loader.exec_module(new_module)
  File "<frozen importlib._bootstrap_external>", line 843, in exec_module
  File "<frozen importlib._bootstrap>", line 219, in _call_with_frames_removed
  File "/opt/airflow/dags/data_pipeline.py", line 12, in <module>
    from ingestion.local_producer_host import purchase_event
  File "/opt/airflow/ingestion/local_producer_host.py", line 1, in <module>
    from confluent_kafka import Producer
ModuleNotFoundError: No module named 'confluent_kafka'
[2025-09-11T12:10:43.060+0000] {processor.py:842} WARNING - No viable dags retrieved from /opt/airflow/dags/data_pipeline.py
[2025-09-11T12:10:43.207+0000] {processor.py:183} INFO - Processing /opt/airflow/dags/data_pipeline.py took 1.189 seconds
[2025-09-11T12:11:13.506+0000] {processor.py:161} INFO - Started process (PID=33) to work on /opt/airflow/dags/data_pipeline.py
[2025-09-11T12:11:13.513+0000] {processor.py:830} INFO - Processing file /opt/airflow/dags/data_pipeline.py for tasks to queue
[2025-09-11T12:11:13.527+0000] {logging_mixin.py:188} INFO - [2025-09-11T12:11:13.525+0000] {dagbag.py:538} INFO - Filling up the DagBag from /opt/airflow/dags/data_pipeline.py
[2025-09-11T12:11:13.762+0000] {logging_mixin.py:188} INFO - Pyspark version: 3.5.1
[2025-09-11T12:11:13.775+0000] {logging_mixin.py:188} INFO - [2025-09-11T12:11:13.772+0000] {dagbag.py:348} ERROR - Failed to import: /opt/airflow/dags/data_pipeline.py
Traceback (most recent call last):
  File "/home/airflow/.local/lib/python3.8/site-packages/airflow/models/dagbag.py", line 344, in parse
    loader.exec_module(new_module)
  File "<frozen importlib._bootstrap_external>", line 843, in exec_module
  File "<frozen importlib._bootstrap>", line 219, in _call_with_frames_removed
  File "/opt/airflow/dags/data_pipeline.py", line 12, in <module>
    from ingestion.local_producer_host import purchase_event
  File "/opt/airflow/ingestion/local_producer_host.py", line 1, in <module>
    from confluent_kafka import Producer
ModuleNotFoundError: No module named 'confluent_kafka'
[2025-09-11T12:11:13.775+0000] {processor.py:842} WARNING - No viable dags retrieved from /opt/airflow/dags/data_pipeline.py
[2025-09-11T12:11:13.810+0000] {processor.py:183} INFO - Processing /opt/airflow/dags/data_pipeline.py took 0.323 seconds
[2025-09-11T12:11:43.852+0000] {processor.py:161} INFO - Started process (PID=34) to work on /opt/airflow/dags/data_pipeline.py
[2025-09-11T12:11:43.854+0000] {processor.py:830} INFO - Processing file /opt/airflow/dags/data_pipeline.py for tasks to queue
[2025-09-11T12:11:43.859+0000] {logging_mixin.py:188} INFO - [2025-09-11T12:11:43.858+0000] {dagbag.py:538} INFO - Filling up the DagBag from /opt/airflow/dags/data_pipeline.py
[2025-09-11T12:11:44.007+0000] {logging_mixin.py:188} INFO - Pyspark version: 3.5.1
[2025-09-11T12:11:44.015+0000] {logging_mixin.py:188} INFO - [2025-09-11T12:11:44.013+0000] {dagbag.py:348} ERROR - Failed to import: /opt/airflow/dags/data_pipeline.py
Traceback (most recent call last):
  File "/home/airflow/.local/lib/python3.8/site-packages/airflow/models/dagbag.py", line 344, in parse
    loader.exec_module(new_module)
  File "<frozen importlib._bootstrap_external>", line 843, in exec_module
  File "<frozen importlib._bootstrap>", line 219, in _call_with_frames_removed
  File "/opt/airflow/dags/data_pipeline.py", line 12, in <module>
    from ingestion.local_producer_host import purchase_event
  File "/opt/airflow/ingestion/local_producer_host.py", line 1, in <module>
    from confluent_kafka import Producer
ModuleNotFoundError: No module named 'confluent_kafka'
[2025-09-11T12:11:44.016+0000] {processor.py:842} WARNING - No viable dags retrieved from /opt/airflow/dags/data_pipeline.py
[2025-09-11T12:11:44.055+0000] {processor.py:183} INFO - Processing /opt/airflow/dags/data_pipeline.py took 0.210 seconds
[2025-09-11T12:12:14.255+0000] {processor.py:161} INFO - Started process (PID=35) to work on /opt/airflow/dags/data_pipeline.py
[2025-09-11T12:12:14.257+0000] {processor.py:830} INFO - Processing file /opt/airflow/dags/data_pipeline.py for tasks to queue
[2025-09-11T12:12:14.262+0000] {logging_mixin.py:188} INFO - [2025-09-11T12:12:14.261+0000] {dagbag.py:538} INFO - Filling up the DagBag from /opt/airflow/dags/data_pipeline.py
[2025-09-11T12:12:14.428+0000] {logging_mixin.py:188} INFO - Pyspark version: 3.5.1
[2025-09-11T12:12:14.440+0000] {logging_mixin.py:188} INFO - [2025-09-11T12:12:14.438+0000] {dagbag.py:348} ERROR - Failed to import: /opt/airflow/dags/data_pipeline.py
Traceback (most recent call last):
  File "/home/airflow/.local/lib/python3.8/site-packages/airflow/models/dagbag.py", line 344, in parse
    loader.exec_module(new_module)
  File "<frozen importlib._bootstrap_external>", line 843, in exec_module
  File "<frozen importlib._bootstrap>", line 219, in _call_with_frames_removed
  File "/opt/airflow/dags/data_pipeline.py", line 12, in <module>
    from ingestion.local_producer_host import purchase_event
  File "/opt/airflow/ingestion/local_producer_host.py", line 1, in <module>
    from confluent_kafka import Producer
ModuleNotFoundError: No module named 'confluent_kafka'
[2025-09-11T12:12:14.441+0000] {processor.py:842} WARNING - No viable dags retrieved from /opt/airflow/dags/data_pipeline.py
[2025-09-11T12:12:14.471+0000] {processor.py:183} INFO - Processing /opt/airflow/dags/data_pipeline.py took 0.222 seconds
[2025-09-11T12:12:44.601+0000] {processor.py:161} INFO - Started process (PID=36) to work on /opt/airflow/dags/data_pipeline.py
[2025-09-11T12:12:44.603+0000] {processor.py:830} INFO - Processing file /opt/airflow/dags/data_pipeline.py for tasks to queue
[2025-09-11T12:12:44.608+0000] {logging_mixin.py:188} INFO - [2025-09-11T12:12:44.608+0000] {dagbag.py:538} INFO - Filling up the DagBag from /opt/airflow/dags/data_pipeline.py
[2025-09-11T12:12:44.711+0000] {logging_mixin.py:188} INFO - Pyspark version: 3.5.1
[2025-09-11T12:12:44.722+0000] {logging_mixin.py:188} INFO - [2025-09-11T12:12:44.719+0000] {dagbag.py:348} ERROR - Failed to import: /opt/airflow/dags/data_pipeline.py
Traceback (most recent call last):
  File "/home/airflow/.local/lib/python3.8/site-packages/airflow/models/dagbag.py", line 344, in parse
    loader.exec_module(new_module)
  File "<frozen importlib._bootstrap_external>", line 843, in exec_module
  File "<frozen importlib._bootstrap>", line 219, in _call_with_frames_removed
  File "/opt/airflow/dags/data_pipeline.py", line 12, in <module>
    from ingestion.local_producer_host import purchase_event
  File "/opt/airflow/ingestion/local_producer_host.py", line 1, in <module>
    from confluent_kafka import Producer
ModuleNotFoundError: No module named 'confluent_kafka'
[2025-09-11T12:12:44.723+0000] {processor.py:842} WARNING - No viable dags retrieved from /opt/airflow/dags/data_pipeline.py
[2025-09-11T12:12:44.757+0000] {processor.py:183} INFO - Processing /opt/airflow/dags/data_pipeline.py took 0.163 seconds
[2025-09-11T12:13:14.907+0000] {processor.py:161} INFO - Started process (PID=37) to work on /opt/airflow/dags/data_pipeline.py
[2025-09-11T12:13:14.908+0000] {processor.py:830} INFO - Processing file /opt/airflow/dags/data_pipeline.py for tasks to queue
[2025-09-11T12:13:14.914+0000] {logging_mixin.py:188} INFO - [2025-09-11T12:13:14.913+0000] {dagbag.py:538} INFO - Filling up the DagBag from /opt/airflow/dags/data_pipeline.py
[2025-09-11T12:13:15.018+0000] {logging_mixin.py:188} INFO - Pyspark version: 3.5.1
[2025-09-11T12:13:15.026+0000] {logging_mixin.py:188} INFO - [2025-09-11T12:13:15.024+0000] {dagbag.py:348} ERROR - Failed to import: /opt/airflow/dags/data_pipeline.py
Traceback (most recent call last):
  File "/home/airflow/.local/lib/python3.8/site-packages/airflow/models/dagbag.py", line 344, in parse
    loader.exec_module(new_module)
  File "<frozen importlib._bootstrap_external>", line 843, in exec_module
  File "<frozen importlib._bootstrap>", line 219, in _call_with_frames_removed
  File "/opt/airflow/dags/data_pipeline.py", line 12, in <module>
    from ingestion.local_producer_host import purchase_event
  File "/opt/airflow/ingestion/local_producer_host.py", line 1, in <module>
    from confluent_kafka import Producer
ModuleNotFoundError: No module named 'confluent_kafka'
[2025-09-11T12:13:15.027+0000] {processor.py:842} WARNING - No viable dags retrieved from /opt/airflow/dags/data_pipeline.py
[2025-09-11T12:13:15.060+0000] {processor.py:183} INFO - Processing /opt/airflow/dags/data_pipeline.py took 0.162 seconds
[2025-09-11T12:13:45.354+0000] {processor.py:161} INFO - Started process (PID=38) to work on /opt/airflow/dags/data_pipeline.py
[2025-09-11T12:13:45.357+0000] {processor.py:830} INFO - Processing file /opt/airflow/dags/data_pipeline.py for tasks to queue
[2025-09-11T12:13:45.364+0000] {logging_mixin.py:188} INFO - [2025-09-11T12:13:45.363+0000] {dagbag.py:538} INFO - Filling up the DagBag from /opt/airflow/dags/data_pipeline.py
[2025-09-11T12:13:45.477+0000] {logging_mixin.py:188} INFO - Pyspark version: 3.5.1
[2025-09-11T12:13:45.486+0000] {logging_mixin.py:188} INFO - [2025-09-11T12:13:45.483+0000] {dagbag.py:348} ERROR - Failed to import: /opt/airflow/dags/data_pipeline.py
Traceback (most recent call last):
  File "/home/airflow/.local/lib/python3.8/site-packages/airflow/models/dagbag.py", line 344, in parse
    loader.exec_module(new_module)
  File "<frozen importlib._bootstrap_external>", line 843, in exec_module
  File "<frozen importlib._bootstrap>", line 219, in _call_with_frames_removed
  File "/opt/airflow/dags/data_pipeline.py", line 12, in <module>
    from ingestion.local_producer_host import purchase_event
  File "/opt/airflow/ingestion/local_producer_host.py", line 1, in <module>
    from confluent_kafka import Producer
ModuleNotFoundError: No module named 'confluent_kafka'
[2025-09-11T12:13:45.487+0000] {processor.py:842} WARNING - No viable dags retrieved from /opt/airflow/dags/data_pipeline.py
[2025-09-11T12:13:45.527+0000] {processor.py:183} INFO - Processing /opt/airflow/dags/data_pipeline.py took 0.182 seconds
[2025-09-11T12:14:16.424+0000] {processor.py:161} INFO - Started process (PID=39) to work on /opt/airflow/dags/data_pipeline.py
[2025-09-11T12:14:16.442+0000] {processor.py:830} INFO - Processing file /opt/airflow/dags/data_pipeline.py for tasks to queue
[2025-09-11T12:14:16.493+0000] {logging_mixin.py:188} INFO - [2025-09-11T12:14:16.485+0000] {dagbag.py:538} INFO - Filling up the DagBag from /opt/airflow/dags/data_pipeline.py
[2025-09-11T12:14:17.325+0000] {logging_mixin.py:188} INFO - Pyspark version: 3.5.1
[2025-09-11T12:14:17.352+0000] {logging_mixin.py:188} INFO - [2025-09-11T12:14:17.343+0000] {dagbag.py:348} ERROR - Failed to import: /opt/airflow/dags/data_pipeline.py
Traceback (most recent call last):
  File "/home/airflow/.local/lib/python3.8/site-packages/airflow/models/dagbag.py", line 344, in parse
    loader.exec_module(new_module)
  File "<frozen importlib._bootstrap_external>", line 843, in exec_module
  File "<frozen importlib._bootstrap>", line 219, in _call_with_frames_removed
  File "/opt/airflow/dags/data_pipeline.py", line 12, in <module>
    from ingestion.local_producer_host import purchase_event
  File "/opt/airflow/ingestion/local_producer_host.py", line 1, in <module>
    from confluent_kafka import Producer
ModuleNotFoundError: No module named 'confluent_kafka'
[2025-09-11T12:14:17.354+0000] {processor.py:842} WARNING - No viable dags retrieved from /opt/airflow/dags/data_pipeline.py
[2025-09-11T12:14:17.430+0000] {processor.py:183} INFO - Processing /opt/airflow/dags/data_pipeline.py took 1.085 seconds
[2025-09-11T12:14:48.370+0000] {processor.py:161} INFO - Started process (PID=40) to work on /opt/airflow/dags/data_pipeline.py
[2025-09-11T12:14:48.375+0000] {processor.py:830} INFO - Processing file /opt/airflow/dags/data_pipeline.py for tasks to queue
[2025-09-11T12:14:48.382+0000] {logging_mixin.py:188} INFO - [2025-09-11T12:14:48.382+0000] {dagbag.py:538} INFO - Filling up the DagBag from /opt/airflow/dags/data_pipeline.py
[2025-09-11T12:14:48.726+0000] {logging_mixin.py:188} INFO - Pyspark version: 3.5.1
[2025-09-11T12:14:48.745+0000] {logging_mixin.py:188} INFO - [2025-09-11T12:14:48.739+0000] {dagbag.py:348} ERROR - Failed to import: /opt/airflow/dags/data_pipeline.py
Traceback (most recent call last):
  File "/home/airflow/.local/lib/python3.8/site-packages/airflow/models/dagbag.py", line 344, in parse
    loader.exec_module(new_module)
  File "<frozen importlib._bootstrap_external>", line 843, in exec_module
  File "<frozen importlib._bootstrap>", line 219, in _call_with_frames_removed
  File "/opt/airflow/dags/data_pipeline.py", line 12, in <module>
    from ingestion.local_producer_host import purchase_event
  File "/opt/airflow/ingestion/local_producer_host.py", line 1, in <module>
    from confluent_kafka import Producer
ModuleNotFoundError: No module named 'confluent_kafka'
[2025-09-11T12:14:48.746+0000] {processor.py:842} WARNING - No viable dags retrieved from /opt/airflow/dags/data_pipeline.py
[2025-09-11T12:14:48.803+0000] {processor.py:183} INFO - Processing /opt/airflow/dags/data_pipeline.py took 0.443 seconds
[2025-09-11T12:15:19.190+0000] {processor.py:161} INFO - Started process (PID=41) to work on /opt/airflow/dags/data_pipeline.py
[2025-09-11T12:15:19.192+0000] {processor.py:830} INFO - Processing file /opt/airflow/dags/data_pipeline.py for tasks to queue
[2025-09-11T12:15:19.197+0000] {logging_mixin.py:188} INFO - [2025-09-11T12:15:19.197+0000] {dagbag.py:538} INFO - Filling up the DagBag from /opt/airflow/dags/data_pipeline.py
[2025-09-11T12:15:19.403+0000] {logging_mixin.py:188} INFO - Pyspark version: 3.5.1
[2025-09-11T12:15:19.417+0000] {logging_mixin.py:188} INFO - [2025-09-11T12:15:19.412+0000] {dagbag.py:348} ERROR - Failed to import: /opt/airflow/dags/data_pipeline.py
Traceback (most recent call last):
  File "/home/airflow/.local/lib/python3.8/site-packages/airflow/models/dagbag.py", line 344, in parse
    loader.exec_module(new_module)
  File "<frozen importlib._bootstrap_external>", line 843, in exec_module
  File "<frozen importlib._bootstrap>", line 219, in _call_with_frames_removed
  File "/opt/airflow/dags/data_pipeline.py", line 12, in <module>
    from ingestion.local_producer_host import purchase_event
  File "/opt/airflow/ingestion/local_producer_host.py", line 1, in <module>
    from confluent_kafka import Producer
ModuleNotFoundError: No module named 'confluent_kafka'
[2025-09-11T12:15:19.419+0000] {processor.py:842} WARNING - No viable dags retrieved from /opt/airflow/dags/data_pipeline.py
[2025-09-11T12:15:19.476+0000] {processor.py:183} INFO - Processing /opt/airflow/dags/data_pipeline.py took 0.298 seconds
[2025-09-11T12:15:49.623+0000] {processor.py:161} INFO - Started process (PID=42) to work on /opt/airflow/dags/data_pipeline.py
[2025-09-11T12:15:49.627+0000] {processor.py:830} INFO - Processing file /opt/airflow/dags/data_pipeline.py for tasks to queue
[2025-09-11T12:15:49.634+0000] {logging_mixin.py:188} INFO - [2025-09-11T12:15:49.633+0000] {dagbag.py:538} INFO - Filling up the DagBag from /opt/airflow/dags/data_pipeline.py
[2025-09-11T12:15:50.356+0000] {logging_mixin.py:188} INFO - Pyspark version: 3.5.1
[2025-09-11T12:15:50.373+0000] {logging_mixin.py:188} INFO - [2025-09-11T12:15:50.368+0000] {dagbag.py:348} ERROR - Failed to import: /opt/airflow/dags/data_pipeline.py
Traceback (most recent call last):
  File "/home/airflow/.local/lib/python3.8/site-packages/airflow/models/dagbag.py", line 344, in parse
    loader.exec_module(new_module)
  File "<frozen importlib._bootstrap_external>", line 843, in exec_module
  File "<frozen importlib._bootstrap>", line 219, in _call_with_frames_removed
  File "/opt/airflow/dags/data_pipeline.py", line 12, in <module>
    from ingestion.local_producer_host import purchase_event
  File "/opt/airflow/ingestion/local_producer_host.py", line 1, in <module>
    from confluent_kafka import Producer
ModuleNotFoundError: No module named 'confluent_kafka'
[2025-09-11T12:15:50.375+0000] {processor.py:842} WARNING - No viable dags retrieved from /opt/airflow/dags/data_pipeline.py
[2025-09-11T12:15:50.447+0000] {processor.py:183} INFO - Processing /opt/airflow/dags/data_pipeline.py took 0.841 seconds
