[2025-09-08T15:06:46.844+0000] {manager.py:469} INFO - Processing files using up to 2 processes at a time 
[2025-09-08T15:06:46.846+0000] {manager.py:470} INFO - Process each file at most once every 30 seconds
[2025-09-08T15:06:46.849+0000] {manager.py:471} INFO - Checking for new files in /opt/airflow/dags every 300 seconds
[2025-09-08T15:06:46.852+0000] {manager.py:738} INFO - Searching for files in /opt/airflow/dags
[2025-09-08T15:06:46.905+0000] {manager.py:741} INFO - There are 1 files in /opt/airflow/dags
[2025-09-08T15:06:47.329+0000] {manager.py:879} INFO - 
================================================================================
DAG File Processing Stats

File Path                        PID  Runtime      # DAGs    # Errors  Last Runtime    Last Run
-----------------------------  -----  ---------  --------  ----------  --------------  ----------
/opt/airflow/dags/pipeline.py     25  0.25s             0           0
================================================================================
[2025-09-08T15:07:17.367+0000] {manager.py:879} INFO - 
================================================================================
DAG File Processing Stats

File Path                      PID    Runtime      # DAGs    # Errors  Last Runtime    Last Run
-----------------------------  -----  ---------  --------  ----------  --------------  -------------------
/opt/airflow/dags/pipeline.py                           1           0  0.74s           2025-09-08T15:06:47
================================================================================
[2025-09-08T15:07:48.056+0000] {manager.py:879} INFO - 
================================================================================
DAG File Processing Stats

File Path                      PID    Runtime      # DAGs    # Errors  Last Runtime    Last Run
-----------------------------  -----  ---------  --------  ----------  --------------  -------------------
/opt/airflow/dags/pipeline.py                           1           0  1.09s           2025-09-08T15:07:19
================================================================================
[2025-09-08T15:08:18.234+0000] {manager.py:879} INFO - 
================================================================================
DAG File Processing Stats

File Path                      PID    Runtime      # DAGs    # Errors  Last Runtime    Last Run
-----------------------------  -----  ---------  --------  ----------  --------------  -------------------
/opt/airflow/dags/pipeline.py                           1           0  1.95s           2025-09-08T15:07:51
================================================================================
[2025-09-08T15:08:48.893+0000] {manager.py:879} INFO - 
================================================================================
DAG File Processing Stats

File Path                      PID    Runtime      # DAGs    # Errors  Last Runtime    Last Run
-----------------------------  -----  ---------  --------  ----------  --------------  -------------------
/opt/airflow/dags/pipeline.py                           1           0  2.41s           2025-09-08T15:08:24
================================================================================
[2025-09-08T15:09:19.641+0000] {manager.py:879} INFO - 
================================================================================
DAG File Processing Stats

File Path                      PID    Runtime      # DAGs    # Errors  Last Runtime    Last Run
-----------------------------  -----  ---------  --------  ----------  --------------  -------------------
/opt/airflow/dags/pipeline.py                           1           0  1.39s           2025-09-08T15:08:56
================================================================================
[2025-09-08T15:09:49.851+0000] {manager.py:879} INFO - 
================================================================================
DAG File Processing Stats

File Path                      PID    Runtime      # DAGs    # Errors  Last Runtime    Last Run
-----------------------------  -----  ---------  --------  ----------  --------------  -------------------
/opt/airflow/dags/pipeline.py                           1           0  1.92s           2025-09-08T15:09:28
================================================================================
[2025-09-08T15:10:20.322+0000] {manager.py:879} INFO - 
================================================================================
DAG File Processing Stats

File Path                      PID    Runtime      # DAGs    # Errors  Last Runtime    Last Run
-----------------------------  -----  ---------  --------  ----------  --------------  -------------------
/opt/airflow/dags/pipeline.py                           1           0  1.67s           2025-09-08T15:10:01
================================================================================
[2025-09-08T15:10:50.195+0000] {manager.py:879} INFO - 
================================================================================
DAG File Processing Stats

File Path                      PID    Runtime      # DAGs    # Errors  Last Runtime    Last Run
-----------------------------  -----  ---------  --------  ----------  --------------  -------------------
/opt/airflow/dags/pipeline.py                           1           0  2.16s           2025-09-08T15:10:34
================================================================================
[2025-09-08T15:11:20.585+0000] {manager.py:879} INFO - 
================================================================================
DAG File Processing Stats

File Path                      PID    Runtime      # DAGs    # Errors  Last Runtime    Last Run
-----------------------------  -----  ---------  --------  ----------  --------------  -------------------
/opt/airflow/dags/pipeline.py                           1           0  0.84s           2025-09-08T15:11:05
================================================================================
[2025-09-08T15:11:47.545+0000] {manager.py:738} INFO - Searching for files in /opt/airflow/dags
[2025-09-08T15:11:47.592+0000] {manager.py:741} INFO - There are 1 files in /opt/airflow/dags
[2025-09-08T15:11:51.075+0000] {manager.py:879} INFO - 
================================================================================
DAG File Processing Stats

File Path                      PID    Runtime      # DAGs    # Errors  Last Runtime    Last Run
-----------------------------  -----  ---------  --------  ----------  --------------  -------------------
/opt/airflow/dags/pipeline.py                           1           0  0.52s           2025-09-08T15:11:35
================================================================================
[2025-09-08T15:12:21.471+0000] {manager.py:879} INFO - 
================================================================================
DAG File Processing Stats

File Path                      PID    Runtime      # DAGs    # Errors  Last Runtime    Last Run
-----------------------------  -----  ---------  --------  ----------  --------------  -------------------
/opt/airflow/dags/pipeline.py                           1           0  0.20s           2025-09-08T15:12:06
================================================================================
[2025-09-08T15:12:51.973+0000] {manager.py:879} INFO - 
================================================================================
DAG File Processing Stats

File Path                      PID    Runtime      # DAGs    # Errors  Last Runtime    Last Run
-----------------------------  -----  ---------  --------  ----------  --------------  -------------------
/opt/airflow/dags/pipeline.py                           1           0  0.24s           2025-09-08T15:12:36
================================================================================
[2025-09-08T15:13:22.149+0000] {manager.py:879} INFO - 
================================================================================
DAG File Processing Stats

File Path                      PID    Runtime      # DAGs    # Errors  Last Runtime    Last Run
-----------------------------  -----  ---------  --------  ----------  --------------  -------------------
/opt/airflow/dags/pipeline.py                           1           0  0.54s           2025-09-08T15:13:07
================================================================================
[2025-09-08T15:13:52.535+0000] {manager.py:879} INFO - 
================================================================================
DAG File Processing Stats

File Path                      PID    Runtime      # DAGs    # Errors  Last Runtime    Last Run
-----------------------------  -----  ---------  --------  ----------  --------------  -------------------
/opt/airflow/dags/pipeline.py                           1           0  0.29s           2025-09-08T15:13:38
================================================================================
[2025-09-08T15:14:22.846+0000] {manager.py:879} INFO - 
================================================================================
DAG File Processing Stats

File Path                      PID    Runtime      # DAGs    # Errors  Last Runtime    Last Run
-----------------------------  -----  ---------  --------  ----------  --------------  -------------------
/opt/airflow/dags/pipeline.py                           1           0  0.17s           2025-09-08T15:14:08
================================================================================
[2025-09-08T15:14:53.166+0000] {manager.py:879} INFO - 
================================================================================
DAG File Processing Stats

File Path                      PID    Runtime      # DAGs    # Errors  Last Runtime    Last Run
-----------------------------  -----  ---------  --------  ----------  --------------  -------------------
/opt/airflow/dags/pipeline.py                           1           0  0.78s           2025-09-08T15:14:39
================================================================================
[2025-09-08T15:15:23.666+0000] {manager.py:879} INFO - 
================================================================================
DAG File Processing Stats

File Path                      PID    Runtime      # DAGs    # Errors  Last Runtime    Last Run
-----------------------------  -----  ---------  --------  ----------  --------------  -------------------
/opt/airflow/dags/pipeline.py                           1           0  0.17s           2025-09-08T15:15:10
================================================================================
[2025-09-08T15:15:53.973+0000] {manager.py:879} INFO - 
================================================================================
DAG File Processing Stats

File Path                      PID    Runtime      # DAGs    # Errors  Last Runtime    Last Run
-----------------------------  -----  ---------  --------  ----------  --------------  -------------------
/opt/airflow/dags/pipeline.py                           1           0  0.14s           2025-09-08T15:15:40
================================================================================
[2025-09-08T15:16:24.210+0000] {manager.py:879} INFO - 
================================================================================
DAG File Processing Stats

File Path                      PID    Runtime      # DAGs    # Errors  Last Runtime    Last Run
-----------------------------  -----  ---------  --------  ----------  --------------  -------------------
/opt/airflow/dags/pipeline.py                           1           0  0.84s           2025-09-08T15:16:12
================================================================================
[2025-09-08T15:16:47.604+0000] {manager.py:738} INFO - Searching for files in /opt/airflow/dags
[2025-09-08T15:16:47.618+0000] {manager.py:741} INFO - There are 1 files in /opt/airflow/dags
[2025-09-08T15:16:54.626+0000] {manager.py:879} INFO - 
================================================================================
DAG File Processing Stats

File Path                      PID    Runtime      # DAGs    # Errors  Last Runtime    Last Run
-----------------------------  -----  ---------  --------  ----------  --------------  -------------------
/opt/airflow/dags/pipeline.py                           1           0  0.18s           2025-09-08T15:16:42
================================================================================
[2025-09-08T15:17:25.035+0000] {manager.py:879} INFO - 
================================================================================
DAG File Processing Stats

File Path                      PID    Runtime      # DAGs    # Errors  Last Runtime    Last Run
-----------------------------  -----  ---------  --------  ----------  --------------  -------------------
/opt/airflow/dags/pipeline.py                           1           0  0.17s           2025-09-08T15:17:12
================================================================================
[2025-09-08T15:17:55.476+0000] {manager.py:879} INFO - 
================================================================================
DAG File Processing Stats

File Path                      PID    Runtime      # DAGs    # Errors  Last Runtime    Last Run
-----------------------------  -----  ---------  --------  ----------  --------------  -------------------
/opt/airflow/dags/pipeline.py                           1           0  0.18s           2025-09-08T15:17:43
================================================================================
[2025-09-08T15:18:25.830+0000] {manager.py:879} INFO - 
================================================================================
DAG File Processing Stats

File Path                      PID    Runtime      # DAGs    # Errors  Last Runtime    Last Run
-----------------------------  -----  ---------  --------  ----------  --------------  -------------------
/opt/airflow/dags/pipeline.py                           1           0  0.17s           2025-09-08T15:18:13
================================================================================
[2025-09-08T15:18:56.227+0000] {manager.py:879} INFO - 
================================================================================
DAG File Processing Stats

File Path                      PID    Runtime      # DAGs    # Errors  Last Runtime    Last Run
-----------------------------  -----  ---------  --------  ----------  --------------  -------------------
/opt/airflow/dags/pipeline.py                           1           0  0.23s           2025-09-08T15:18:44
================================================================================
[2025-09-08T15:19:26.548+0000] {manager.py:879} INFO - 
================================================================================
DAG File Processing Stats

File Path                      PID    Runtime      # DAGs    # Errors  Last Runtime    Last Run
-----------------------------  -----  ---------  --------  ----------  --------------  -------------------
/opt/airflow/dags/pipeline.py                           1           0  0.17s           2025-09-08T15:19:14
================================================================================
[2025-09-08T15:19:56.705+0000] {manager.py:879} INFO - 
================================================================================
DAG File Processing Stats

File Path                      PID    Runtime      # DAGs    # Errors  Last Runtime    Last Run
-----------------------------  -----  ---------  --------  ----------  --------------  -------------------
/opt/airflow/dags/pipeline.py                           1           0  0.53s           2025-09-08T15:19:45
================================================================================
[2025-09-08T15:20:26.812+0000] {manager.py:879} INFO - 
================================================================================
DAG File Processing Stats

File Path                      PID    Runtime      # DAGs    # Errors  Last Runtime    Last Run
-----------------------------  -----  ---------  --------  ----------  --------------  -------------------
/opt/airflow/dags/pipeline.py                           1           0  0.17s           2025-09-08T15:20:15
================================================================================
[2025-09-08T15:20:57.303+0000] {manager.py:879} INFO - 
================================================================================
DAG File Processing Stats

File Path                      PID    Runtime      # DAGs    # Errors  Last Runtime    Last Run
-----------------------------  -----  ---------  --------  ----------  --------------  -------------------
/opt/airflow/dags/pipeline.py                           1           0  0.18s           2025-09-08T15:20:46
================================================================================
[2025-09-08T15:21:27.692+0000] {manager.py:879} INFO - 
================================================================================
DAG File Processing Stats

File Path                      PID    Runtime      # DAGs    # Errors  Last Runtime    Last Run
-----------------------------  -----  ---------  --------  ----------  --------------  -------------------
/opt/airflow/dags/pipeline.py                           1           0  0.41s           2025-09-08T15:21:16
================================================================================
[2025-09-08T15:21:47.797+0000] {manager.py:738} INFO - Searching for files in /opt/airflow/dags
[2025-09-08T15:21:47.809+0000] {manager.py:741} INFO - There are 1 files in /opt/airflow/dags
[2025-09-08T15:21:57.933+0000] {manager.py:879} INFO - 
================================================================================
DAG File Processing Stats

File Path                      PID    Runtime      # DAGs    # Errors  Last Runtime    Last Run
-----------------------------  -----  ---------  --------  ----------  --------------  -------------------
/opt/airflow/dags/pipeline.py                           1           0  0.33s           2025-09-08T15:21:47
================================================================================
[2025-09-08T15:22:28.305+0000] {manager.py:879} INFO - 
================================================================================
DAG File Processing Stats

File Path                      PID    Runtime      # DAGs    # Errors  Last Runtime    Last Run
-----------------------------  -----  ---------  --------  ----------  --------------  -------------------
/opt/airflow/dags/pipeline.py                           0           1  0.20s           2025-09-08T15:22:18
================================================================================
[2025-09-08T15:22:58.686+0000] {manager.py:879} INFO - 
================================================================================
DAG File Processing Stats

File Path                      PID    Runtime      # DAGs    # Errors  Last Runtime    Last Run
-----------------------------  -----  ---------  --------  ----------  --------------  -------------------
/opt/airflow/dags/pipeline.py                           0           1  0.11s           2025-09-08T15:22:48
================================================================================
[2025-09-08T15:23:29.522+0000] {manager.py:879} INFO - 
================================================================================
DAG File Processing Stats

File Path                      PID    Runtime      # DAGs    # Errors  Last Runtime    Last Run
-----------------------------  -----  ---------  --------  ----------  --------------  -------------------
/opt/airflow/dags/pipeline.py                           0           1  0.21s           2025-09-08T15:23:19
================================================================================
[2025-09-08T15:23:59.925+0000] {manager.py:879} INFO - 
================================================================================
DAG File Processing Stats

File Path                      PID    Runtime      # DAGs    # Errors  Last Runtime    Last Run
-----------------------------  -----  ---------  --------  ----------  --------------  -------------------
/opt/airflow/dags/pipeline.py                           0           1  0.11s           2025-09-08T15:23:49
================================================================================
[2025-09-08T15:24:30.301+0000] {manager.py:879} INFO - 
================================================================================
DAG File Processing Stats

File Path                      PID    Runtime      # DAGs    # Errors  Last Runtime    Last Run
-----------------------------  -----  ---------  --------  ----------  --------------  -------------------
/opt/airflow/dags/pipeline.py                           0           1  0.13s           2025-09-08T15:24:20
================================================================================
[2025-09-08T15:25:00.700+0000] {manager.py:879} INFO - 
================================================================================
DAG File Processing Stats

File Path                      PID    Runtime      # DAGs    # Errors  Last Runtime    Last Run
-----------------------------  -----  ---------  --------  ----------  --------------  -------------------
/opt/airflow/dags/pipeline.py                           0           1  0.12s           2025-09-08T15:24:50
================================================================================
[2025-09-08T15:25:31.041+0000] {manager.py:879} INFO - 
================================================================================
DAG File Processing Stats

File Path                      PID    Runtime      # DAGs    # Errors  Last Runtime    Last Run
-----------------------------  -----  ---------  --------  ----------  --------------  -------------------
/opt/airflow/dags/pipeline.py                           0           1  0.11s           2025-09-08T15:25:21
================================================================================
[2025-09-08T15:26:01.758+0000] {manager.py:879} INFO - 
================================================================================
DAG File Processing Stats

File Path                      PID    Runtime      # DAGs    # Errors  Last Runtime    Last Run
-----------------------------  -----  ---------  --------  ----------  --------------  -------------------
/opt/airflow/dags/pipeline.py                           0           1  0.38s           2025-09-08T15:25:51
================================================================================
[2025-09-08T15:26:32.078+0000] {manager.py:879} INFO - 
================================================================================
DAG File Processing Stats

File Path                      PID    Runtime      # DAGs    # Errors  Last Runtime    Last Run
-----------------------------  -----  ---------  --------  ----------  --------------  -------------------
/opt/airflow/dags/pipeline.py                           0           1  0.11s           2025-09-08T15:26:22
================================================================================
[2025-09-08T15:26:48.246+0000] {manager.py:738} INFO - Searching for files in /opt/airflow/dags
[2025-09-08T15:26:48.268+0000] {manager.py:741} INFO - There are 1 files in /opt/airflow/dags
[2025-09-08T15:27:02.483+0000] {manager.py:879} INFO - 
================================================================================
DAG File Processing Stats

File Path                      PID    Runtime      # DAGs    # Errors  Last Runtime    Last Run
-----------------------------  -----  ---------  --------  ----------  --------------  -------------------
/opt/airflow/dags/pipeline.py                           0           1  0.10s           2025-09-08T15:26:52
================================================================================
[2025-09-08T15:27:33.030+0000] {manager.py:879} INFO - 
================================================================================
DAG File Processing Stats

File Path                      PID    Runtime      # DAGs    # Errors  Last Runtime    Last Run
-----------------------------  -----  ---------  --------  ----------  --------------  -------------------
/opt/airflow/dags/pipeline.py                           0           1  0.15s           2025-09-08T15:27:23
================================================================================
[2025-09-08T15:28:03.214+0000] {manager.py:879} INFO - 
================================================================================
DAG File Processing Stats

File Path                      PID    Runtime      # DAGs    # Errors  Last Runtime    Last Run
-----------------------------  -----  ---------  --------  ----------  --------------  -------------------
/opt/airflow/dags/pipeline.py                           0           1  0.49s           2025-09-08T15:27:53
================================================================================
[2025-09-08T15:28:33.295+0000] {manager.py:879} INFO - 
================================================================================
DAG File Processing Stats

File Path                      PID    Runtime      # DAGs    # Errors  Last Runtime    Last Run
-----------------------------  -----  ---------  --------  ----------  --------------  -------------------
/opt/airflow/dags/pipeline.py                           0           1  0.11s           2025-09-08T15:28:24
================================================================================
[2025-09-08T15:29:03.905+0000] {manager.py:879} INFO - 
================================================================================
DAG File Processing Stats

File Path                      PID    Runtime      # DAGs    # Errors  Last Runtime    Last Run
-----------------------------  -----  ---------  --------  ----------  --------------  -------------------
/opt/airflow/dags/pipeline.py                           0           1  0.50s           2025-09-08T15:28:55
================================================================================
[2025-09-08T15:29:34.207+0000] {manager.py:879} INFO - 
================================================================================
DAG File Processing Stats

File Path                      PID    Runtime      # DAGs    # Errors  Last Runtime    Last Run
-----------------------------  -----  ---------  --------  ----------  --------------  -------------------
/opt/airflow/dags/pipeline.py                           0           1  0.13s           2025-09-08T15:29:25
================================================================================
[2025-09-08T15:30:04.742+0000] {manager.py:879} INFO - 
================================================================================
DAG File Processing Stats

File Path                      PID    Runtime      # DAGs    # Errors  Last Runtime    Last Run
-----------------------------  -----  ---------  --------  ----------  --------------  -------------------
/opt/airflow/dags/pipeline.py                           0           1  0.11s           2025-09-08T15:29:55
================================================================================
[2025-09-08T15:30:35.075+0000] {manager.py:879} INFO - 
================================================================================
DAG File Processing Stats

File Path                      PID    Runtime      # DAGs    # Errors  Last Runtime    Last Run
-----------------------------  -----  ---------  --------  ----------  --------------  -------------------
/opt/airflow/dags/pipeline.py                           0           1  0.18s           2025-09-08T15:30:26
================================================================================
[2025-09-08T15:31:05.499+0000] {manager.py:879} INFO - 
================================================================================
DAG File Processing Stats

File Path                      PID    Runtime      # DAGs    # Errors  Last Runtime    Last Run
-----------------------------  -----  ---------  --------  ----------  --------------  -------------------
/opt/airflow/dags/pipeline.py                           0           1  0.16s           2025-09-08T15:30:56
================================================================================
[2025-09-08T15:31:35.880+0000] {manager.py:879} INFO - 
================================================================================
DAG File Processing Stats

File Path                      PID    Runtime      # DAGs    # Errors  Last Runtime    Last Run
-----------------------------  -----  ---------  --------  ----------  --------------  -------------------
/opt/airflow/dags/pipeline.py                           0           1  0.13s           2025-09-08T15:31:26
================================================================================
[2025-09-08T15:31:49.013+0000] {manager.py:738} INFO - Searching for files in /opt/airflow/dags
[2025-09-08T15:31:49.035+0000] {manager.py:741} INFO - There are 1 files in /opt/airflow/dags
[2025-09-08T15:32:06.517+0000] {manager.py:879} INFO - 
================================================================================
DAG File Processing Stats

File Path                      PID    Runtime      # DAGs    # Errors  Last Runtime    Last Run
-----------------------------  -----  ---------  --------  ----------  --------------  -------------------
/opt/airflow/dags/pipeline.py                           0           1  0.31s           2025-09-08T15:31:57
================================================================================
[2025-09-08T15:32:36.964+0000] {manager.py:879} INFO - 
================================================================================
DAG File Processing Stats

File Path                      PID    Runtime      # DAGs    # Errors  Last Runtime    Last Run
-----------------------------  -----  ---------  --------  ----------  --------------  -------------------
/opt/airflow/dags/pipeline.py                           0           1  0.12s           2025-09-08T15:32:27
================================================================================
[2025-09-08T15:33:07.919+0000] {manager.py:879} INFO - 
================================================================================
DAG File Processing Stats

File Path                      PID    Runtime      # DAGs    # Errors  Last Runtime    Last Run
-----------------------------  -----  ---------  --------  ----------  --------------  -------------------
/opt/airflow/dags/pipeline.py                           0           1  0.30s           2025-09-08T15:32:58
================================================================================
[2025-09-08T15:33:38.522+0000] {manager.py:879} INFO - 
================================================================================
DAG File Processing Stats

File Path                      PID    Runtime      # DAGs    # Errors  Last Runtime    Last Run
-----------------------------  -----  ---------  --------  ----------  --------------  -------------------
/opt/airflow/dags/pipeline.py                           0           1  0.11s           2025-09-08T15:33:29
================================================================================
[2025-09-08T15:34:09.165+0000] {manager.py:879} INFO - 
================================================================================
DAG File Processing Stats

File Path                      PID    Runtime      # DAGs    # Errors  Last Runtime    Last Run
-----------------------------  -----  ---------  --------  ----------  --------------  -------------------
/opt/airflow/dags/pipeline.py                           0           1  0.18s           2025-09-08T15:34:00
================================================================================
[2025-09-08T15:34:39.720+0000] {manager.py:879} INFO - 
================================================================================
DAG File Processing Stats

File Path                      PID    Runtime      # DAGs    # Errors  Last Runtime    Last Run
-----------------------------  -----  ---------  --------  ----------  --------------  -------------------
/opt/airflow/dags/pipeline.py                           0           1  0.26s           2025-09-08T15:34:30
================================================================================
[2025-09-08T15:34:53.909+0000] {manager.py:451} INFO - Exiting gracefully upon receiving signal 15
[2025-09-08T23:37:01.594+0000] {manager.py:469} INFO - Processing files using up to 2 processes at a time 
[2025-09-08T23:37:01.605+0000] {manager.py:470} INFO - Process each file at most once every 30 seconds
[2025-09-08T23:37:01.609+0000] {manager.py:471} INFO - Checking for new files in /opt/airflow/dags every 300 seconds
[2025-09-08T23:37:01.626+0000] {manager.py:738} INFO - Searching for files in /opt/airflow/dags
[2025-09-08T23:37:01.724+0000] {manager.py:741} INFO - There are 1 files in /opt/airflow/dags
[2025-09-08T23:37:02.886+0000] {manager.py:879} INFO - 
================================================================================
DAG File Processing Stats

File Path                        PID  Runtime      # DAGs    # Errors  Last Runtime    Last Run
-----------------------------  -----  ---------  --------  ----------  --------------  ----------
/opt/airflow/dags/pipeline.py     26  0.37s             0           0
================================================================================
[2025-09-08T23:37:33.689+0000] {manager.py:879} INFO - 
================================================================================
DAG File Processing Stats

File Path                        PID  Runtime      # DAGs    # Errors  Last Runtime    Last Run
-----------------------------  -----  ---------  --------  ----------  --------------  -------------------
/opt/airflow/dags/pipeline.py     27  0.04s             0           1  0.72s           2025-09-08T23:37:03
================================================================================
[2025-09-08T23:38:04.000+0000] {manager.py:879} INFO - 
================================================================================
DAG File Processing Stats

File Path                      PID    Runtime      # DAGs    # Errors  Last Runtime    Last Run
-----------------------------  -----  ---------  --------  ----------  --------------  -------------------
/opt/airflow/dags/pipeline.py                           0           1  0.46s           2025-09-08T23:37:34
================================================================================
[2025-09-08T23:38:34.525+0000] {manager.py:879} INFO - 
================================================================================
DAG File Processing Stats

File Path                      PID    Runtime      # DAGs    # Errors  Last Runtime    Last Run
-----------------------------  -----  ---------  --------  ----------  --------------  -------------------
/opt/airflow/dags/pipeline.py                           0           1  0.50s           2025-09-08T23:38:04
================================================================================
[2025-09-08T23:39:05.767+0000] {manager.py:879} INFO - 
================================================================================
DAG File Processing Stats

File Path                      PID    Runtime      # DAGs    # Errors  Last Runtime    Last Run
-----------------------------  -----  ---------  --------  ----------  --------------  -------------------
/opt/airflow/dags/pipeline.py                           0           1  1.43s           2025-09-08T23:38:36
================================================================================
[2025-09-08T23:39:36.436+0000] {manager.py:879} INFO - 
================================================================================
DAG File Processing Stats

File Path                      PID    Runtime      # DAGs    # Errors  Last Runtime    Last Run
-----------------------------  -----  ---------  --------  ----------  --------------  -------------------
/opt/airflow/dags/pipeline.py                           0           1  0.23s           2025-09-08T23:39:07
================================================================================
[2025-09-08T23:40:07.353+0000] {manager.py:879} INFO - 
================================================================================
DAG File Processing Stats

File Path                      PID    Runtime      # DAGs    # Errors  Last Runtime    Last Run
-----------------------------  -----  ---------  --------  ----------  --------------  -------------------
/opt/airflow/dags/pipeline.py                           0           1  2.31s           2025-09-08T23:39:39
================================================================================
[2025-09-08T23:40:37.466+0000] {manager.py:879} INFO - 
================================================================================
DAG File Processing Stats

File Path                      PID    Runtime      # DAGs    # Errors  Last Runtime    Last Run
-----------------------------  -----  ---------  --------  ----------  --------------  -------------------
/opt/airflow/dags/pipeline.py                           0           1  0.37s           2025-09-08T23:40:10
================================================================================
[2025-09-08T23:41:07.480+0000] {manager.py:879} INFO - 
================================================================================
DAG File Processing Stats

File Path                      PID    Runtime      # DAGs    # Errors  Last Runtime    Last Run
-----------------------------  -----  ---------  --------  ----------  --------------  -------------------
/opt/airflow/dags/pipeline.py                           0           1  2.19s           2025-09-08T23:40:43
================================================================================
[2025-09-08T23:41:37.517+0000] {manager.py:879} INFO - 
================================================================================
DAG File Processing Stats

File Path                      PID    Runtime      # DAGs    # Errors  Last Runtime    Last Run
-----------------------------  -----  ---------  --------  ----------  --------------  -------------------
/opt/airflow/dags/pipeline.py                           0           1  1.21s           2025-09-08T23:41:15
================================================================================
[2025-09-08T23:42:02.610+0000] {manager.py:738} INFO - Searching for files in /opt/airflow/dags
[2025-09-08T23:42:02.662+0000] {manager.py:741} INFO - There are 1 files in /opt/airflow/dags
[2025-09-08T23:42:07.943+0000] {manager.py:879} INFO - 
================================================================================
DAG File Processing Stats

File Path                           PID    Runtime      # DAGs    # Errors  Last Runtime    Last Run
----------------------------------  -----  ---------  --------  ----------  --------------  -------------------
/opt/airflow/dags/data_pipeline.py                           0           1  0.70s           2025-09-08T23:42:03
================================================================================
[2025-09-08T23:42:38.190+0000] {manager.py:879} INFO - 
================================================================================
DAG File Processing Stats

File Path                           PID    Runtime      # DAGs    # Errors  Last Runtime    Last Run
----------------------------------  -----  ---------  --------  ----------  --------------  -------------------
/opt/airflow/dags/data_pipeline.py                           0           1  2.96s           2025-09-08T23:42:37
================================================================================
[2025-09-08T23:43:23.827+0000] {manager.py:879} INFO - 
================================================================================
DAG File Processing Stats

File Path                             PID  Runtime      # DAGs    # Errors  Last Runtime    Last Run
----------------------------------  -----  ---------  --------  ----------  --------------  -------------------
/opt/airflow/dags/data_pipeline.py     38  0.13s             0           1  2.96s           2025-09-08T23:42:37
================================================================================
[2025-09-08T23:43:55.145+0000] {manager.py:879} INFO - 
================================================================================
DAG File Processing Stats

File Path                           PID    Runtime      # DAGs    # Errors  Last Runtime    Last Run
----------------------------------  -----  ---------  --------  ----------  --------------  -------------------
/opt/airflow/dags/data_pipeline.py                           0           1  8.65s           2025-09-08T23:43:31
================================================================================
[2025-09-08T23:44:25.361+0000] {manager.py:879} INFO - 
================================================================================
DAG File Processing Stats

File Path                           PID    Runtime      # DAGs    # Errors  Last Runtime    Last Run
----------------------------------  -----  ---------  --------  ----------  --------------  -------------------
/opt/airflow/dags/data_pipeline.py                           0           1  0.70s           2025-09-08T23:44:02
================================================================================
[2025-09-08T23:44:55.565+0000] {manager.py:879} INFO - 
================================================================================
DAG File Processing Stats

File Path                           PID    Runtime      # DAGs    # Errors  Last Runtime    Last Run
----------------------------------  -----  ---------  --------  ----------  --------------  -------------------
/opt/airflow/dags/data_pipeline.py                           0           1  0.41s           2025-09-08T23:44:33
================================================================================
[2025-09-08T23:45:25.697+0000] {manager.py:879} INFO - 
================================================================================
DAG File Processing Stats

File Path                           PID    Runtime      # DAGs    # Errors  Last Runtime    Last Run
----------------------------------  -----  ---------  --------  ----------  --------------  -------------------
/opt/airflow/dags/data_pipeline.py                           0           1  0.79s           2025-09-08T23:45:04
================================================================================
[2025-09-08T23:45:55.897+0000] {manager.py:879} INFO - 
================================================================================
DAG File Processing Stats

File Path                           PID    Runtime      # DAGs    # Errors  Last Runtime    Last Run
----------------------------------  -----  ---------  --------  ----------  --------------  -------------------
/opt/airflow/dags/data_pipeline.py                           0           1  1.09s           2025-09-08T23:45:36
================================================================================
[2025-09-08T23:46:26.591+0000] {manager.py:879} INFO - 
================================================================================
DAG File Processing Stats

File Path                           PID    Runtime      # DAGs    # Errors  Last Runtime    Last Run
----------------------------------  -----  ---------  --------  ----------  --------------  -------------------
/opt/airflow/dags/data_pipeline.py                           0           1  0.58s           2025-09-08T23:46:07
================================================================================
[2025-09-08T23:46:57.337+0000] {manager.py:879} INFO - 
================================================================================
DAG File Processing Stats

File Path                           PID    Runtime      # DAGs    # Errors  Last Runtime    Last Run
----------------------------------  -----  ---------  --------  ----------  --------------  -------------------
/opt/airflow/dags/data_pipeline.py                           0           1  0.40s           2025-09-08T23:46:38
================================================================================
[2025-09-08T23:47:02.682+0000] {manager.py:738} INFO - Searching for files in /opt/airflow/dags
[2025-09-08T23:47:02.699+0000] {manager.py:741} INFO - There are 1 files in /opt/airflow/dags
[2025-09-08T23:47:27.638+0000] {manager.py:879} INFO - 
================================================================================
DAG File Processing Stats

File Path                           PID    Runtime      # DAGs    # Errors  Last Runtime    Last Run
----------------------------------  -----  ---------  --------  ----------  --------------  -------------------
/opt/airflow/dags/data_pipeline.py                           0           1  0.11s           2025-09-08T23:47:08
================================================================================
[2025-09-08T23:47:58.032+0000] {manager.py:879} INFO - 
================================================================================
DAG File Processing Stats

File Path                           PID    Runtime      # DAGs    # Errors  Last Runtime    Last Run
----------------------------------  -----  ---------  --------  ----------  --------------  -------------------
/opt/airflow/dags/data_pipeline.py                           0           1  0.10s           2025-09-08T23:47:38
================================================================================
[2025-09-08T23:48:18.852+0000] {manager.py:451} INFO - Exiting gracefully upon receiving signal 15
[2025-09-08T23:59:24.216+0000] {manager.py:469} INFO - Processing files using up to 2 processes at a time 
[2025-09-08T23:59:24.224+0000] {manager.py:470} INFO - Process each file at most once every 30 seconds
[2025-09-08T23:59:24.225+0000] {manager.py:471} INFO - Checking for new files in /opt/airflow/dags every 300 seconds
[2025-09-08T23:59:24.231+0000] {manager.py:738} INFO - Searching for files in /opt/airflow/dags
[2025-09-08T23:59:24.269+0000] {manager.py:741} INFO - There are 1 files in /opt/airflow/dags
[2025-09-08T23:59:24.739+0000] {manager.py:879} INFO - 
================================================================================
DAG File Processing Stats

File Path                             PID  Runtime      # DAGs    # Errors  Last Runtime    Last Run
----------------------------------  -----  ---------  --------  ----------  --------------  ----------
/opt/airflow/dags/data_pipeline.py     25  0.21s             0           0
================================================================================
[2025-09-08T23:59:55.293+0000] {manager.py:879} INFO - 
================================================================================
DAG File Processing Stats

File Path                             PID  Runtime      # DAGs    # Errors  Last Runtime    Last Run
----------------------------------  -----  ---------  --------  ----------  --------------  -------------------
/opt/airflow/dags/data_pipeline.py     26  0.03s             0           1  0.28s           2025-09-08T23:59:24
================================================================================
[2025-09-09T00:00:26.164+0000] {manager.py:879} INFO - 
================================================================================
DAG File Processing Stats

File Path                             PID  Runtime      # DAGs    # Errors  Last Runtime    Last Run
----------------------------------  -----  ---------  --------  ----------  --------------  -------------------
/opt/airflow/dags/data_pipeline.py     27  0.04s             0           1  0.29s           2025-09-08T23:59:55
================================================================================
[2025-09-09T00:00:56.654+0000] {manager.py:879} INFO - 
================================================================================
DAG File Processing Stats

File Path                           PID    Runtime      # DAGs    # Errors  Last Runtime    Last Run
----------------------------------  -----  ---------  --------  ----------  --------------  -------------------
/opt/airflow/dags/data_pipeline.py                           0           1  1.06s           2025-09-09T00:00:27
================================================================================
[2025-09-09T00:01:26.811+0000] {manager.py:879} INFO - 
================================================================================
DAG File Processing Stats

File Path                           PID    Runtime      # DAGs    # Errors  Last Runtime    Last Run
----------------------------------  -----  ---------  --------  ----------  --------------  -------------------
/opt/airflow/dags/data_pipeline.py                           0           1  0.63s           2025-09-09T00:00:58
================================================================================
[2025-09-09T00:01:57.022+0000] {manager.py:879} INFO - 
================================================================================
DAG File Processing Stats

File Path                           PID    Runtime      # DAGs    # Errors  Last Runtime    Last Run
----------------------------------  -----  ---------  --------  ----------  --------------  -------------------
/opt/airflow/dags/data_pipeline.py                           0           1  0.51s           2025-09-09T00:01:29
================================================================================
[2025-09-09T00:02:27.096+0000] {manager.py:879} INFO - 
================================================================================
DAG File Processing Stats

File Path                           PID    Runtime      # DAGs    # Errors  Last Runtime    Last Run
----------------------------------  -----  ---------  --------  ----------  --------------  -------------------
/opt/airflow/dags/data_pipeline.py                           0           1  0.38s           2025-09-09T00:02:00
================================================================================
[2025-09-09T00:02:57.607+0000] {manager.py:879} INFO - 
================================================================================
DAG File Processing Stats

File Path                           PID    Runtime      # DAGs    # Errors  Last Runtime    Last Run
----------------------------------  -----  ---------  --------  ----------  --------------  -------------------
/opt/airflow/dags/data_pipeline.py                           0           1  0.15s           2025-09-09T00:02:30
================================================================================
[2025-09-09T00:03:27.750+0000] {manager.py:879} INFO - 
================================================================================
DAG File Processing Stats

File Path                           PID    Runtime      # DAGs    # Errors  Last Runtime    Last Run
----------------------------------  -----  ---------  --------  ----------  --------------  -------------------
/opt/airflow/dags/data_pipeline.py                           0           1  0.20s           2025-09-09T00:03:00
================================================================================
[2025-09-09T00:03:57.803+0000] {manager.py:879} INFO - 
================================================================================
DAG File Processing Stats

File Path                           PID    Runtime      # DAGs    # Errors  Last Runtime    Last Run
----------------------------------  -----  ---------  --------  ----------  --------------  -------------------
/opt/airflow/dags/data_pipeline.py                           0           1  0.28s           2025-09-09T00:03:31
================================================================================
[2025-09-09T00:04:24.796+0000] {manager.py:738} INFO - Searching for files in /opt/airflow/dags
[2025-09-09T00:04:24.829+0000] {manager.py:741} INFO - There are 1 files in /opt/airflow/dags
[2025-09-09T00:04:27.975+0000] {manager.py:879} INFO - 
================================================================================
DAG File Processing Stats

File Path                           PID    Runtime      # DAGs    # Errors  Last Runtime    Last Run
----------------------------------  -----  ---------  --------  ----------  --------------  -------------------
/opt/airflow/dags/data_pipeline.py                           0           1  0.47s           2025-09-09T00:04:02
================================================================================
[2025-09-09T00:04:58.038+0000] {manager.py:879} INFO - 
================================================================================
DAG File Processing Stats

File Path                           PID    Runtime      # DAGs    # Errors  Last Runtime    Last Run
----------------------------------  -----  ---------  --------  ----------  --------------  -------------------
/opt/airflow/dags/data_pipeline.py                           0           1  0.38s           2025-09-09T00:04:32
================================================================================
[2025-09-09T00:05:28.743+0000] {manager.py:879} INFO - 
================================================================================
DAG File Processing Stats

File Path                           PID    Runtime      # DAGs    # Errors  Last Runtime    Last Run
----------------------------------  -----  ---------  --------  ----------  --------------  -------------------
/opt/airflow/dags/data_pipeline.py                           0           1  0.38s           2025-09-09T00:05:03
================================================================================
[2025-09-09T00:05:46.361+0000] {manager.py:451} INFO - Exiting gracefully upon receiving signal 15
[2025-09-09T01:47:53.338+0000] {manager.py:469} INFO - Processing files using up to 2 processes at a time 
[2025-09-09T01:47:53.345+0000] {manager.py:470} INFO - Process each file at most once every 30 seconds
[2025-09-09T01:47:53.348+0000] {manager.py:471} INFO - Checking for new files in /opt/airflow/dags every 300 seconds
[2025-09-09T01:47:53.364+0000] {manager.py:738} INFO - Searching for files in /opt/airflow/dags
[2025-09-09T01:47:53.464+0000] {manager.py:741} INFO - There are 1 files in /opt/airflow/dags
[2025-09-09T01:47:56.662+0000] {manager.py:879} INFO - 
================================================================================
DAG File Processing Stats

File Path                             PID  Runtime      # DAGs    # Errors  Last Runtime    Last Run
----------------------------------  -----  ---------  --------  ----------  --------------  ----------
/opt/airflow/dags/data_pipeline.py     25  1.52s             0           0
================================================================================
[2025-09-09T01:48:26.808+0000] {manager.py:879} INFO - 
================================================================================
DAG File Processing Stats

File Path                           PID    Runtime      # DAGs    # Errors  Last Runtime    Last Run
----------------------------------  -----  ---------  --------  ----------  --------------  -------------------
/opt/airflow/dags/data_pipeline.py                           0           1  14.89s          2025-09-09T01:48:09
================================================================================
[2025-09-09T01:48:57.274+0000] {manager.py:879} INFO - 
================================================================================
DAG File Processing Stats

File Path                           PID    Runtime      # DAGs    # Errors  Last Runtime    Last Run
----------------------------------  -----  ---------  --------  ----------  --------------  -------------------
/opt/airflow/dags/data_pipeline.py                           0           1  15.72s          2025-09-09T01:48:56
================================================================================
[2025-09-09T01:49:27.542+0000] {manager.py:879} INFO - 
================================================================================
DAG File Processing Stats

File Path                             PID  Runtime      # DAGs    # Errors  Last Runtime    Last Run
----------------------------------  -----  ---------  --------  ----------  --------------  -------------------
/opt/airflow/dags/data_pipeline.py     27  0.25s             0           1  15.72s          2025-09-09T01:48:56
================================================================================
[2025-09-09T01:49:57.788+0000] {manager.py:879} INFO - 
================================================================================
DAG File Processing Stats

File Path                           PID    Runtime      # DAGs    # Errors  Last Runtime    Last Run
----------------------------------  -----  ---------  --------  ----------  --------------  -------------------
/opt/airflow/dags/data_pipeline.py                           0           1  5.35s           2025-09-09T01:49:32
================================================================================
[2025-09-09T01:50:28.188+0000] {manager.py:879} INFO - 
================================================================================
DAG File Processing Stats

File Path                           PID    Runtime      # DAGs    # Errors  Last Runtime    Last Run
----------------------------------  -----  ---------  --------  ----------  --------------  -------------------
/opt/airflow/dags/data_pipeline.py                           0           1  4.02s           2025-09-09T01:50:06
================================================================================
[2025-09-09T01:50:58.388+0000] {manager.py:879} INFO - 
================================================================================
DAG File Processing Stats

File Path                           PID    Runtime      # DAGs    # Errors  Last Runtime    Last Run
----------------------------------  -----  ---------  --------  ----------  --------------  -------------------
/opt/airflow/dags/data_pipeline.py                           0           1  2.63s           2025-09-09T01:50:39
================================================================================
[2025-09-09T01:51:28.720+0000] {manager.py:879} INFO - 
================================================================================
DAG File Processing Stats

File Path                           PID    Runtime      # DAGs    # Errors  Last Runtime    Last Run
----------------------------------  -----  ---------  --------  ----------  --------------  -------------------
/opt/airflow/dags/data_pipeline.py                           0           1  2.86s           2025-09-09T01:51:12
================================================================================
[2025-09-09T01:51:59.337+0000] {manager.py:879} INFO - 
================================================================================
DAG File Processing Stats

File Path                           PID    Runtime      # DAGs    # Errors  Last Runtime    Last Run
----------------------------------  -----  ---------  --------  ----------  --------------  -------------------
/opt/airflow/dags/data_pipeline.py                           0           1  3.81s           2025-09-09T01:51:46
================================================================================
[2025-09-09T01:52:30.284+0000] {manager.py:879} INFO - 
================================================================================
DAG File Processing Stats

File Path                           PID    Runtime      # DAGs    # Errors  Last Runtime    Last Run
----------------------------------  -----  ---------  --------  ----------  --------------  -------------------
/opt/airflow/dags/data_pipeline.py                           0           1  2.42s           2025-09-09T01:52:19
================================================================================
[2025-09-09T01:52:53.992+0000] {manager.py:738} INFO - Searching for files in /opt/airflow/dags
[2025-09-09T01:52:54.158+0000] {manager.py:741} INFO - There are 1 files in /opt/airflow/dags
[2025-09-09T01:53:01.213+0000] {manager.py:879} INFO - 
================================================================================
DAG File Processing Stats

File Path                           PID    Runtime      # DAGs    # Errors  Last Runtime    Last Run
----------------------------------  -----  ---------  --------  ----------  --------------  -------------------
/opt/airflow/dags/data_pipeline.py                           0           1  3.39s           2025-09-09T01:52:53
================================================================================
[2025-09-09T01:53:31.363+0000] {manager.py:879} INFO - 
================================================================================
DAG File Processing Stats

File Path                             PID  Runtime      # DAGs    # Errors  Last Runtime    Last Run
----------------------------------  -----  ---------  --------  ----------  --------------  -------------------
/opt/airflow/dags/data_pipeline.py     34  7.99s             0           1  3.39s           2025-09-09T01:52:53
================================================================================
[2025-09-09T01:54:02.230+0000] {manager.py:879} INFO - 
================================================================================
DAG File Processing Stats

File Path                           PID    Runtime      # DAGs    # Errors  Last Runtime    Last Run
----------------------------------  -----  ---------  --------  ----------  --------------  -------------------
/opt/airflow/dags/data_pipeline.py                           0           1  11.08s          2025-09-09T01:53:34
================================================================================
[2025-09-09T01:54:32.488+0000] {manager.py:879} INFO - 
================================================================================
DAG File Processing Stats

File Path                           PID    Runtime      # DAGs    # Errors  Last Runtime    Last Run
----------------------------------  -----  ---------  --------  ----------  --------------  -------------------
/opt/airflow/dags/data_pipeline.py                           0           1  3.91s           2025-09-09T01:54:08
================================================================================
[2025-09-09T01:55:02.585+0000] {manager.py:879} INFO - 
================================================================================
DAG File Processing Stats

File Path                           PID    Runtime      # DAGs    # Errors  Last Runtime    Last Run
----------------------------------  -----  ---------  --------  ----------  --------------  -------------------
/opt/airflow/dags/data_pipeline.py                           0           1  2.87s           2025-09-09T01:54:41
================================================================================
[2025-09-09T01:55:33.076+0000] {manager.py:879} INFO - 
================================================================================
DAG File Processing Stats

File Path                           PID    Runtime      # DAGs    # Errors  Last Runtime    Last Run
----------------------------------  -----  ---------  --------  ----------  --------------  -------------------
/opt/airflow/dags/data_pipeline.py                           0           1  1.58s           2025-09-09T01:55:13
================================================================================
[2025-09-09T01:56:03.496+0000] {manager.py:879} INFO - 
================================================================================
DAG File Processing Stats

File Path                           PID    Runtime      # DAGs    # Errors  Last Runtime    Last Run
----------------------------------  -----  ---------  --------  ----------  --------------  -------------------
/opt/airflow/dags/data_pipeline.py                           0           1  1.60s           2025-09-09T01:55:46
================================================================================
[2025-09-09T01:56:33.872+0000] {manager.py:879} INFO - 
================================================================================
DAG File Processing Stats

File Path                           PID    Runtime      # DAGs    # Errors  Last Runtime    Last Run
----------------------------------  -----  ---------  --------  ----------  --------------  -------------------
/opt/airflow/dags/data_pipeline.py                           0           1  2.99s           2025-09-09T01:56:19
================================================================================
[2025-09-09T01:57:04.572+0000] {manager.py:879} INFO - 
================================================================================
DAG File Processing Stats

File Path                           PID    Runtime      # DAGs    # Errors  Last Runtime    Last Run
----------------------------------  -----  ---------  --------  ----------  --------------  -------------------
/opt/airflow/dags/data_pipeline.py                           0           1  3.01s           2025-09-09T01:56:52
================================================================================
[2025-09-09T01:57:34.920+0000] {manager.py:879} INFO - 
================================================================================
DAG File Processing Stats

File Path                           PID    Runtime      # DAGs    # Errors  Last Runtime    Last Run
----------------------------------  -----  ---------  --------  ----------  --------------  -------------------
/opt/airflow/dags/data_pipeline.py                           0           1  1.94s           2025-09-09T01:57:25
================================================================================
[2025-09-09T01:57:54.619+0000] {manager.py:738} INFO - Searching for files in /opt/airflow/dags
[2025-09-09T01:57:54.698+0000] {manager.py:741} INFO - There are 1 files in /opt/airflow/dags
[2025-09-09T01:58:05.462+0000] {manager.py:879} INFO - 
================================================================================
DAG File Processing Stats

File Path                           PID    Runtime      # DAGs    # Errors  Last Runtime    Last Run
----------------------------------  -----  ---------  --------  ----------  --------------  -------------------
/opt/airflow/dags/data_pipeline.py                           0           1  1.98s           2025-09-09T01:57:57
================================================================================
[2025-09-09T01:58:35.455+0000] {manager.py:879} INFO - 
================================================================================
DAG File Processing Stats

File Path                           PID    Runtime      # DAGs    # Errors  Last Runtime    Last Run
----------------------------------  -----  ---------  --------  ----------  --------------  -------------------
/opt/airflow/dags/data_pipeline.py                           0           1  3.18s           2025-09-09T01:58:31
================================================================================
[2025-09-09T01:59:05.550+0000] {manager.py:879} INFO - 
================================================================================
DAG File Processing Stats

File Path                           PID    Runtime      # DAGs    # Errors  Last Runtime    Last Run
----------------------------------  -----  ---------  --------  ----------  --------------  -------------------
/opt/airflow/dags/data_pipeline.py                           0           1  3.00s           2025-09-09T01:59:04
================================================================================
[2025-09-09T01:59:35.706+0000] {manager.py:879} INFO - 
================================================================================
DAG File Processing Stats

File Path                             PID  Runtime      # DAGs    # Errors  Last Runtime    Last Run
----------------------------------  -----  ---------  --------  ----------  --------------  -------------------
/opt/airflow/dags/data_pipeline.py     45  0.18s             0           1  3.00s           2025-09-09T01:59:04
================================================================================
[2025-09-09T02:00:06.124+0000] {manager.py:879} INFO - 
================================================================================
DAG File Processing Stats

File Path                           PID    Runtime      # DAGs    # Errors  Last Runtime    Last Run
----------------------------------  -----  ---------  --------  ----------  --------------  -------------------
/opt/airflow/dags/data_pipeline.py                           0           1  3.18s           2025-09-09T01:59:38
================================================================================
[2025-09-09T02:00:36.789+0000] {manager.py:879} INFO - 
================================================================================
DAG File Processing Stats

File Path                           PID    Runtime      # DAGs    # Errors  Last Runtime    Last Run
----------------------------------  -----  ---------  --------  ----------  --------------  -------------------
/opt/airflow/dags/data_pipeline.py                           0           1  1.78s           2025-09-09T02:00:11
================================================================================
[2025-09-09T02:01:07.561+0000] {manager.py:879} INFO - 
================================================================================
DAG File Processing Stats

File Path                           PID    Runtime      # DAGs    # Errors  Last Runtime    Last Run
----------------------------------  -----  ---------  --------  ----------  --------------  -------------------
/opt/airflow/dags/data_pipeline.py                           0           1  7.24s           2025-09-09T02:00:48
================================================================================
[2025-09-09T02:01:37.862+0000] {manager.py:879} INFO - 
================================================================================
DAG File Processing Stats

File Path                           PID    Runtime      # DAGs    # Errors  Last Runtime    Last Run
----------------------------------  -----  ---------  --------  ----------  --------------  -------------------
/opt/airflow/dags/data_pipeline.py                           0           1  2.47s           2025-09-09T02:01:21
================================================================================
[2025-09-09T02:02:07.995+0000] {manager.py:879} INFO - 
================================================================================
DAG File Processing Stats

File Path                           PID    Runtime      # DAGs    # Errors  Last Runtime    Last Run
----------------------------------  -----  ---------  --------  ----------  --------------  -------------------
/opt/airflow/dags/data_pipeline.py                           0           1  2.28s           2025-09-09T02:01:54
================================================================================
[2025-09-09T02:02:38.133+0000] {manager.py:879} INFO - 
================================================================================
DAG File Processing Stats

File Path                           PID    Runtime      # DAGs    # Errors  Last Runtime    Last Run
----------------------------------  -----  ---------  --------  ----------  --------------  -------------------
/opt/airflow/dags/data_pipeline.py                           0           1  4.28s           2025-09-09T02:02:29
================================================================================
[2025-09-09T02:02:55.458+0000] {manager.py:738} INFO - Searching for files in /opt/airflow/dags
[2025-09-09T02:02:55.681+0000] {manager.py:741} INFO - There are 1 files in /opt/airflow/dags
[2025-09-09T02:03:09.284+0000] {manager.py:879} INFO - 
================================================================================
DAG File Processing Stats

File Path                             PID  Runtime      # DAGs    # Errors  Last Runtime    Last Run
----------------------------------  -----  ---------  --------  ----------  --------------  -------------------
/opt/airflow/dags/data_pipeline.py     51  9.34s             0           1  4.28s           2025-09-09T02:02:29
================================================================================
[2025-09-09T02:03:39.618+0000] {manager.py:879} INFO - 
================================================================================
DAG File Processing Stats

File Path                             PID  Runtime      # DAGs    # Errors  Last Runtime    Last Run
----------------------------------  -----  ---------  --------  ----------  --------------  -------------------
/opt/airflow/dags/data_pipeline.py     52  0.03s             0           1  9.92s           2025-09-09T02:03:09
================================================================================
[2025-09-09T02:04:10.362+0000] {manager.py:879} INFO - 
================================================================================
DAG File Processing Stats

File Path                           PID    Runtime      # DAGs    # Errors  Last Runtime    Last Run
----------------------------------  -----  ---------  --------  ----------  --------------  -------------------
/opt/airflow/dags/data_pipeline.py                           0           1  2.62s           2025-09-09T02:03:42
================================================================================
[2025-09-09T02:04:40.696+0000] {manager.py:879} INFO - 
================================================================================
DAG File Processing Stats

File Path                           PID    Runtime      # DAGs    # Errors  Last Runtime    Last Run
----------------------------------  -----  ---------  --------  ----------  --------------  -------------------
/opt/airflow/dags/data_pipeline.py                           0           1  5.41s           2025-09-09T02:04:18
================================================================================
[2025-09-09T02:05:11.363+0000] {manager.py:879} INFO - 
================================================================================
DAG File Processing Stats

File Path                           PID    Runtime      # DAGs    # Errors  Last Runtime    Last Run
----------------------------------  -----  ---------  --------  ----------  --------------  -------------------
/opt/airflow/dags/data_pipeline.py                           0           1  3.00s           2025-09-09T02:04:51
================================================================================
[2025-09-09T02:05:41.415+0000] {manager.py:879} INFO - 
================================================================================
DAG File Processing Stats

File Path                           PID    Runtime      # DAGs    # Errors  Last Runtime    Last Run
----------------------------------  -----  ---------  --------  ----------  --------------  -------------------
/opt/airflow/dags/data_pipeline.py                           0           1  1.93s           2025-09-09T02:05:24
================================================================================
[2025-09-09T02:06:12.170+0000] {manager.py:879} INFO - 
================================================================================
DAG File Processing Stats

File Path                           PID    Runtime      # DAGs    # Errors  Last Runtime    Last Run
----------------------------------  -----  ---------  --------  ----------  --------------  -------------------
/opt/airflow/dags/data_pipeline.py                           0           1  2.10s           2025-09-09T02:05:57
================================================================================
[2025-09-09T02:06:42.760+0000] {manager.py:879} INFO - 
================================================================================
DAG File Processing Stats

File Path                           PID    Runtime      # DAGs    # Errors  Last Runtime    Last Run
----------------------------------  -----  ---------  --------  ----------  --------------  -------------------
/opt/airflow/dags/data_pipeline.py                           0           1  1.82s           2025-09-09T02:06:29
================================================================================
[2025-09-09T02:07:13.052+0000] {manager.py:879} INFO - 
================================================================================
DAG File Processing Stats

File Path                           PID    Runtime      # DAGs    # Errors  Last Runtime    Last Run
----------------------------------  -----  ---------  --------  ----------  --------------  -------------------
/opt/airflow/dags/data_pipeline.py                           0           1  3.57s           2025-09-09T02:07:03
================================================================================
[2025-09-09T02:07:42.713+0000] {manager.py:879} INFO - 
================================================================================
DAG File Processing Stats

File Path                             PID  Runtime      # DAGs    # Errors  Last Runtime    Last Run
----------------------------------  -----  ---------  --------  ----------  --------------  -------------------
/opt/airflow/dags/data_pipeline.py     59  8.94s             0           1  3.57s           2025-09-09T02:07:03
================================================================================
[2025-09-09T02:07:55.478+0000] {manager.py:738} INFO - Searching for files in /opt/airflow/dags
[2025-09-09T02:07:55.977+0000] {manager.py:741} INFO - There are 1 files in /opt/airflow/dags
[2025-09-09T02:08:14.097+0000] {manager.py:879} INFO - 
================================================================================
DAG File Processing Stats

File Path                             PID  Runtime      # DAGs    # Errors  Last Runtime    Last Run
----------------------------------  -----  ---------  --------  ----------  --------------  -------------------
/opt/airflow/dags/data_pipeline.py     60  0.03s             0           1  9.47s           2025-09-09T02:07:43
================================================================================
[2025-09-09T02:08:45.242+0000] {manager.py:879} INFO - 
================================================================================
DAG File Processing Stats

File Path                           PID    Runtime      # DAGs    # Errors  Last Runtime    Last Run
----------------------------------  -----  ---------  --------  ----------  --------------  -------------------
/opt/airflow/dags/data_pipeline.py                           0           1  1.84s           2025-09-09T02:08:15
================================================================================
[2025-09-09T02:09:15.398+0000] {manager.py:879} INFO - 
================================================================================
DAG File Processing Stats

File Path                           PID    Runtime      # DAGs    # Errors  Last Runtime    Last Run
----------------------------------  -----  ---------  --------  ----------  --------------  -------------------
/opt/airflow/dags/data_pipeline.py                           0           1  3.17s           2025-09-09T02:08:49
================================================================================
[2025-09-09T02:09:45.632+0000] {manager.py:879} INFO - 
================================================================================
DAG File Processing Stats

File Path                           PID    Runtime      # DAGs    # Errors  Last Runtime    Last Run
----------------------------------  -----  ---------  --------  ----------  --------------  -------------------
/opt/airflow/dags/data_pipeline.py                           0           1  1.99s           2025-09-09T02:09:22
================================================================================
[2025-09-09T02:10:16.347+0000] {manager.py:879} INFO - 
================================================================================
DAG File Processing Stats

File Path                           PID    Runtime      # DAGs    # Errors  Last Runtime    Last Run
----------------------------------  -----  ---------  --------  ----------  --------------  -------------------
/opt/airflow/dags/data_pipeline.py                           0           1  1.13s           2025-09-09T02:09:53
================================================================================
[2025-09-09T02:10:46.785+0000] {manager.py:879} INFO - 
================================================================================
DAG File Processing Stats

File Path                           PID    Runtime      # DAGs    # Errors  Last Runtime    Last Run
----------------------------------  -----  ---------  --------  ----------  --------------  -------------------
/opt/airflow/dags/data_pipeline.py                           0           1  1.73s           2025-09-09T02:10:25
================================================================================
[2025-09-09T02:11:17.262+0000] {manager.py:879} INFO - 
================================================================================
DAG File Processing Stats

File Path                           PID    Runtime      # DAGs    # Errors  Last Runtime    Last Run
----------------------------------  -----  ---------  --------  ----------  --------------  -------------------
/opt/airflow/dags/data_pipeline.py                           0           1  2.72s           2025-09-09T02:10:58
================================================================================
[2025-09-09T02:11:47.880+0000] {manager.py:879} INFO - 
================================================================================
DAG File Processing Stats

File Path                           PID    Runtime      # DAGs    # Errors  Last Runtime    Last Run
----------------------------------  -----  ---------  --------  ----------  --------------  -------------------
/opt/airflow/dags/data_pipeline.py                           0           1  2.38s           2025-09-09T02:11:31
================================================================================
[2025-09-09T02:12:18.176+0000] {manager.py:879} INFO - 
================================================================================
DAG File Processing Stats

File Path                           PID    Runtime      # DAGs    # Errors  Last Runtime    Last Run
----------------------------------  -----  ---------  --------  ----------  --------------  -------------------
/opt/airflow/dags/data_pipeline.py                           0           1  5.30s           2025-09-09T02:12:06
================================================================================
[2025-09-09T02:12:48.616+0000] {manager.py:879} INFO - 
================================================================================
DAG File Processing Stats

File Path                           PID    Runtime      # DAGs    # Errors  Last Runtime    Last Run
----------------------------------  -----  ---------  --------  ----------  --------------  -------------------
/opt/airflow/dags/data_pipeline.py                           0           1  1.19s           2025-09-09T02:12:38
================================================================================
[2025-09-09T02:12:56.068+0000] {manager.py:738} INFO - Searching for files in /opt/airflow/dags
[2025-09-09T02:12:56.234+0000] {manager.py:741} INFO - There are 1 files in /opt/airflow/dags
[2025-09-09T02:13:19.114+0000] {manager.py:879} INFO - 
================================================================================
DAG File Processing Stats

File Path                           PID    Runtime      # DAGs    # Errors  Last Runtime    Last Run
----------------------------------  -----  ---------  --------  ----------  --------------  -------------------
/opt/airflow/dags/data_pipeline.py                           0           1  1.85s           2025-09-09T02:13:10
================================================================================
[2025-09-09T02:13:49.145+0000] {manager.py:879} INFO - 
================================================================================
DAG File Processing Stats

File Path                           PID    Runtime      # DAGs    # Errors  Last Runtime    Last Run
----------------------------------  -----  ---------  --------  ----------  --------------  -------------------
/opt/airflow/dags/data_pipeline.py                           0           1  1.87s           2025-09-09T02:13:42
================================================================================
[2025-09-09T02:14:19.228+0000] {manager.py:879} INFO - 
================================================================================
DAG File Processing Stats

File Path                           PID    Runtime      # DAGs    # Errors  Last Runtime    Last Run
----------------------------------  -----  ---------  --------  ----------  --------------  -------------------
/opt/airflow/dags/data_pipeline.py                           0           1  2.25s           2025-09-09T02:14:15
================================================================================
[2025-09-09T02:14:49.249+0000] {manager.py:879} INFO - 
================================================================================
DAG File Processing Stats

File Path                           PID    Runtime      # DAGs    # Errors  Last Runtime    Last Run
----------------------------------  -----  ---------  --------  ----------  --------------  -------------------
/opt/airflow/dags/data_pipeline.py                           0           1  1.70s           2025-09-09T02:14:47
================================================================================
[2025-09-09T02:15:20.142+0000] {manager.py:879} INFO - 
================================================================================
DAG File Processing Stats

File Path                           PID    Runtime      # DAGs    # Errors  Last Runtime    Last Run
----------------------------------  -----  ---------  --------  ----------  --------------  -------------------
/opt/airflow/dags/data_pipeline.py                           0           1  1.20s           2025-09-09T02:15:19
================================================================================
[2025-09-09T02:15:50.963+0000] {manager.py:879} INFO - 
================================================================================
DAG File Processing Stats

File Path                           PID    Runtime      # DAGs    # Errors  Last Runtime    Last Run
----------------------------------  -----  ---------  --------  ----------  --------------  -------------------
/opt/airflow/dags/data_pipeline.py                           0           1  0.93s           2025-09-09T02:15:50
================================================================================
[2025-09-09T02:16:21.120+0000] {manager.py:879} INFO - 
================================================================================
DAG File Processing Stats

File Path                             PID  Runtime      # DAGs    # Errors  Last Runtime    Last Run
----------------------------------  -----  ---------  --------  ----------  --------------  -------------------
/opt/airflow/dags/data_pipeline.py     75  0.02s             0           1  0.93s           2025-09-09T02:15:50
================================================================================
[2025-09-09T02:16:51.587+0000] {manager.py:879} INFO - 
================================================================================
DAG File Processing Stats

File Path                           PID    Runtime      # DAGs    # Errors  Last Runtime    Last Run
----------------------------------  -----  ---------  --------  ----------  --------------  -------------------
/opt/airflow/dags/data_pipeline.py                           0           1  0.83s           2025-09-09T02:16:21
================================================================================
[2025-09-09T02:17:22.087+0000] {manager.py:879} INFO - 
================================================================================
DAG File Processing Stats

File Path                           PID    Runtime      # DAGs    # Errors  Last Runtime    Last Run
----------------------------------  -----  ---------  --------  ----------  --------------  -------------------
/opt/airflow/dags/data_pipeline.py                           0           1  0.93s           2025-09-09T02:16:53
================================================================================
[2025-09-09T02:17:52.395+0000] {manager.py:879} INFO - 
================================================================================
DAG File Processing Stats

File Path                           PID    Runtime      # DAGs    # Errors  Last Runtime    Last Run
----------------------------------  -----  ---------  --------  ----------  --------------  -------------------
/opt/airflow/dags/data_pipeline.py                           0           1  0.82s           2025-09-09T02:17:24
================================================================================
[2025-09-09T02:17:56.173+0000] {manager.py:738} INFO - Searching for files in /opt/airflow/dags
[2025-09-09T02:17:56.201+0000] {manager.py:741} INFO - There are 1 files in /opt/airflow/dags
[2025-09-09T02:18:22.658+0000] {manager.py:879} INFO - 
================================================================================
DAG File Processing Stats

File Path                           PID    Runtime      # DAGs    # Errors  Last Runtime    Last Run
----------------------------------  -----  ---------  --------  ----------  --------------  -------------------
/opt/airflow/dags/data_pipeline.py                           0           1  0.70s           2025-09-09T02:17:56
================================================================================
[2025-09-09T02:18:53.441+0000] {manager.py:879} INFO - 
================================================================================
DAG File Processing Stats

File Path                           PID    Runtime      # DAGs    # Errors  Last Runtime    Last Run
----------------------------------  -----  ---------  --------  ----------  --------------  -------------------
/opt/airflow/dags/data_pipeline.py                           0           1  0.58s           2025-09-09T02:18:26
================================================================================
[2025-09-09T02:19:23.741+0000] {manager.py:879} INFO - 
================================================================================
DAG File Processing Stats

File Path                           PID    Runtime      # DAGs    # Errors  Last Runtime    Last Run
----------------------------------  -----  ---------  --------  ----------  --------------  -------------------
/opt/airflow/dags/data_pipeline.py                           0           1  0.83s           2025-09-09T02:18:58
================================================================================
[2025-09-09T02:19:54.561+0000] {manager.py:879} INFO - 
================================================================================
DAG File Processing Stats

File Path                           PID    Runtime      # DAGs    # Errors  Last Runtime    Last Run
----------------------------------  -----  ---------  --------  ----------  --------------  -------------------
/opt/airflow/dags/data_pipeline.py                           0           1  0.44s           2025-09-09T02:19:29
================================================================================
[2025-09-09T02:20:24.661+0000] {manager.py:879} INFO - 
================================================================================
DAG File Processing Stats

File Path                           PID    Runtime      # DAGs    # Errors  Last Runtime    Last Run
----------------------------------  -----  ---------  --------  ----------  --------------  -------------------
/opt/airflow/dags/data_pipeline.py                           0           1  2.83s           2025-09-09T02:20:02
================================================================================
[2025-09-09T02:20:54.784+0000] {manager.py:879} INFO - 
================================================================================
DAG File Processing Stats

File Path                           PID    Runtime      # DAGs    # Errors  Last Runtime    Last Run
----------------------------------  -----  ---------  --------  ----------  --------------  -------------------
/opt/airflow/dags/data_pipeline.py                           0           1  0.69s           2025-09-09T02:20:33
================================================================================
[2025-09-09T02:21:24.969+0000] {manager.py:879} INFO - 
================================================================================
DAG File Processing Stats

File Path                           PID    Runtime      # DAGs    # Errors  Last Runtime    Last Run
----------------------------------  -----  ---------  --------  ----------  --------------  -------------------
/opt/airflow/dags/data_pipeline.py                           0           1  1.17s           2025-09-09T02:21:04
================================================================================
[2025-09-09T02:21:54.992+0000] {manager.py:879} INFO - 
================================================================================
DAG File Processing Stats

File Path                           PID    Runtime      # DAGs    # Errors  Last Runtime    Last Run
----------------------------------  -----  ---------  --------  ----------  --------------  -------------------
/opt/airflow/dags/data_pipeline.py                           0           1  0.62s           2025-09-09T02:21:35
================================================================================
[2025-09-09T02:22:25.080+0000] {manager.py:879} INFO - 
================================================================================
DAG File Processing Stats

File Path                           PID    Runtime      # DAGs    # Errors  Last Runtime    Last Run
----------------------------------  -----  ---------  --------  ----------  --------------  -------------------
/opt/airflow/dags/data_pipeline.py                           0           1  0.59s           2025-09-09T02:22:06
================================================================================
[2025-09-09T02:22:55.453+0000] {manager.py:879} INFO - 
================================================================================
DAG File Processing Stats

File Path                           PID    Runtime      # DAGs    # Errors  Last Runtime    Last Run
----------------------------------  -----  ---------  --------  ----------  --------------  -------------------
/opt/airflow/dags/data_pipeline.py                           0           1  0.76s           2025-09-09T02:22:38
================================================================================
[2025-09-09T02:22:56.479+0000] {manager.py:738} INFO - Searching for files in /opt/airflow/dags
[2025-09-09T02:22:56.543+0000] {manager.py:741} INFO - There are 1 files in /opt/airflow/dags
[2025-09-09T02:23:25.702+0000] {manager.py:879} INFO - 
================================================================================
DAG File Processing Stats

File Path                           PID    Runtime      # DAGs    # Errors  Last Runtime    Last Run
----------------------------------  -----  ---------  --------  ----------  --------------  -------------------
/opt/airflow/dags/data_pipeline.py                           0           1  1.15s           2025-09-09T02:23:09
================================================================================
[2025-09-09T02:23:55.858+0000] {manager.py:879} INFO - 
================================================================================
DAG File Processing Stats

File Path                           PID    Runtime      # DAGs    # Errors  Last Runtime    Last Run
----------------------------------  -----  ---------  --------  ----------  --------------  -------------------
/opt/airflow/dags/data_pipeline.py                           0           1  0.62s           2025-09-09T02:23:40
================================================================================
[2025-09-09T02:24:26.377+0000] {manager.py:879} INFO - 
================================================================================
DAG File Processing Stats

File Path                           PID    Runtime      # DAGs    # Errors  Last Runtime    Last Run
----------------------------------  -----  ---------  --------  ----------  --------------  -------------------
/opt/airflow/dags/data_pipeline.py                           0           1  1.27s           2025-09-09T02:24:12
================================================================================
[2025-09-09T02:24:56.601+0000] {manager.py:879} INFO - 
================================================================================
DAG File Processing Stats

File Path                           PID    Runtime      # DAGs    # Errors  Last Runtime    Last Run
----------------------------------  -----  ---------  --------  ----------  --------------  -------------------
/opt/airflow/dags/data_pipeline.py                           0           1  0.79s           2025-09-09T02:24:43
================================================================================
[2025-09-09T02:25:26.621+0000] {manager.py:879} INFO - 
================================================================================
DAG File Processing Stats

File Path                           PID    Runtime      # DAGs    # Errors  Last Runtime    Last Run
----------------------------------  -----  ---------  --------  ----------  --------------  -------------------
/opt/airflow/dags/data_pipeline.py                           0           1  0.57s           2025-09-09T02:25:14
================================================================================
[2025-09-09T02:25:56.988+0000] {manager.py:879} INFO - 
================================================================================
DAG File Processing Stats

File Path                           PID    Runtime      # DAGs    # Errors  Last Runtime    Last Run
----------------------------------  -----  ---------  --------  ----------  --------------  -------------------
/opt/airflow/dags/data_pipeline.py                           0           1  0.51s           2025-09-09T02:25:45
================================================================================
[2025-09-09T02:26:27.018+0000] {manager.py:879} INFO - 
================================================================================
DAG File Processing Stats

File Path                           PID    Runtime      # DAGs    # Errors  Last Runtime    Last Run
----------------------------------  -----  ---------  --------  ----------  --------------  -------------------
/opt/airflow/dags/data_pipeline.py                           0           1  0.72s           2025-09-09T02:26:16
================================================================================
[2025-09-09T02:26:57.510+0000] {manager.py:879} INFO - 
================================================================================
DAG File Processing Stats

File Path                           PID    Runtime      # DAGs    # Errors  Last Runtime    Last Run
----------------------------------  -----  ---------  --------  ----------  --------------  -------------------
/opt/airflow/dags/data_pipeline.py                           0           1  0.55s           2025-09-09T02:26:47
================================================================================
[2025-09-09T02:27:27.578+0000] {manager.py:879} INFO - 
================================================================================
DAG File Processing Stats

File Path                           PID    Runtime      # DAGs    # Errors  Last Runtime    Last Run
----------------------------------  -----  ---------  --------  ----------  --------------  -------------------
/opt/airflow/dags/data_pipeline.py                           0           1  0.60s           2025-09-09T02:27:18
================================================================================
[2025-09-09T02:27:56.529+0000] {manager.py:738} INFO - Searching for files in /opt/airflow/dags
[2025-09-09T02:27:56.561+0000] {manager.py:741} INFO - There are 1 files in /opt/airflow/dags
[2025-09-09T02:27:57.619+0000] {manager.py:879} INFO - 
================================================================================
DAG File Processing Stats

File Path                           PID    Runtime      # DAGs    # Errors  Last Runtime    Last Run
----------------------------------  -----  ---------  --------  ----------  --------------  -------------------
/opt/airflow/dags/data_pipeline.py                           0           1  0.58s           2025-09-09T02:27:49
================================================================================
[2025-09-09T02:28:27.621+0000] {manager.py:879} INFO - 
================================================================================
DAG File Processing Stats

File Path                           PID    Runtime      # DAGs    # Errors  Last Runtime    Last Run
----------------------------------  -----  ---------  --------  ----------  --------------  -------------------
/opt/airflow/dags/data_pipeline.py                           0           1  0.60s           2025-09-09T02:28:20
================================================================================
[2025-09-09T02:28:58.053+0000] {manager.py:879} INFO - 
================================================================================
DAG File Processing Stats

File Path                           PID    Runtime      # DAGs    # Errors  Last Runtime    Last Run
----------------------------------  -----  ---------  --------  ----------  --------------  -------------------
/opt/airflow/dags/data_pipeline.py                           0           1  0.74s           2025-09-09T02:28:51
================================================================================
[2025-09-09T02:29:28.387+0000] {manager.py:879} INFO - 
================================================================================
DAG File Processing Stats

File Path                           PID    Runtime      # DAGs    # Errors  Last Runtime    Last Run
----------------------------------  -----  ---------  --------  ----------  --------------  -------------------
/opt/airflow/dags/data_pipeline.py                           0           1  0.89s           2025-09-09T02:29:22
================================================================================
[2025-09-09T02:29:58.842+0000] {manager.py:879} INFO - 
================================================================================
DAG File Processing Stats

File Path                           PID    Runtime      # DAGs    # Errors  Last Runtime    Last Run
----------------------------------  -----  ---------  --------  ----------  --------------  -------------------
/opt/airflow/dags/data_pipeline.py                           0           1  0.56s           2025-09-09T02:29:52
================================================================================
[2025-09-09T02:30:29.377+0000] {manager.py:879} INFO - 
================================================================================
DAG File Processing Stats

File Path                           PID    Runtime      # DAGs    # Errors  Last Runtime    Last Run
----------------------------------  -----  ---------  --------  ----------  --------------  -------------------
/opt/airflow/dags/data_pipeline.py                           0           1  1.08s           2025-09-09T02:30:24
================================================================================
[2025-09-09T02:31:00.043+0000] {manager.py:879} INFO - 
================================================================================
DAG File Processing Stats

File Path                           PID    Runtime      # DAGs    # Errors  Last Runtime    Last Run
----------------------------------  -----  ---------  --------  ----------  --------------  -------------------
/opt/airflow/dags/data_pipeline.py                           0           1  0.70s           2025-09-09T02:30:55
================================================================================
[2025-09-09T02:31:30.181+0000] {manager.py:879} INFO - 
================================================================================
DAG File Processing Stats

File Path                           PID    Runtime      # DAGs    # Errors  Last Runtime    Last Run
----------------------------------  -----  ---------  --------  ----------  --------------  -------------------
/opt/airflow/dags/data_pipeline.py                           0           1  0.70s           2025-09-09T02:31:27
================================================================================
[2025-09-09T02:32:00.196+0000] {manager.py:879} INFO - 
================================================================================
DAG File Processing Stats

File Path                           PID    Runtime      # DAGs    # Errors  Last Runtime    Last Run
----------------------------------  -----  ---------  --------  ----------  --------------  -------------------
/opt/airflow/dags/data_pipeline.py                           0           1  0.65s           2025-09-09T02:31:58
================================================================================
[2025-09-09T02:32:30.708+0000] {manager.py:879} INFO - 
================================================================================
DAG File Processing Stats

File Path                           PID    Runtime      # DAGs    # Errors  Last Runtime    Last Run
----------------------------------  -----  ---------  --------  ----------  --------------  -------------------
/opt/airflow/dags/data_pipeline.py                           0           1  0.48s           2025-09-09T02:32:29
================================================================================
[2025-09-09T02:32:56.556+0000] {manager.py:738} INFO - Searching for files in /opt/airflow/dags
[2025-09-09T02:32:56.579+0000] {manager.py:741} INFO - There are 1 files in /opt/airflow/dags
[2025-09-09T02:33:00.751+0000] {manager.py:879} INFO - 
================================================================================
DAG File Processing Stats

File Path                             PID  Runtime      # DAGs    # Errors  Last Runtime    Last Run
----------------------------------  -----  ---------  --------  ----------  --------------  -------------------
/opt/airflow/dags/data_pipeline.py    107  1.05s             0           1  0.48s           2025-09-09T02:32:29
================================================================================
[2025-09-09T02:33:30.767+0000] {manager.py:879} INFO - 
================================================================================
DAG File Processing Stats

File Path                           PID    Runtime      # DAGs    # Errors  Last Runtime    Last Run
----------------------------------  -----  ---------  --------  ----------  --------------  -------------------
/opt/airflow/dags/data_pipeline.py                           0           1  1.52s           2025-09-09T02:33:01
================================================================================
[2025-09-09T02:34:01.329+0000] {manager.py:879} INFO - 
================================================================================
DAG File Processing Stats

File Path                           PID    Runtime      # DAGs    # Errors  Last Runtime    Last Run
----------------------------------  -----  ---------  --------  ----------  --------------  -------------------
/opt/airflow/dags/data_pipeline.py                           0           1  0.72s           2025-09-09T02:33:32
================================================================================
[2025-09-09T02:34:31.398+0000] {manager.py:879} INFO - 
================================================================================
DAG File Processing Stats

File Path                           PID    Runtime      # DAGs    # Errors  Last Runtime    Last Run
----------------------------------  -----  ---------  --------  ----------  --------------  -------------------
/opt/airflow/dags/data_pipeline.py                           0           1  0.63s           2025-09-09T02:34:02
================================================================================
[2025-09-09T02:35:01.458+0000] {manager.py:879} INFO - 
================================================================================
DAG File Processing Stats

File Path                           PID    Runtime      # DAGs    # Errors  Last Runtime    Last Run
----------------------------------  -----  ---------  --------  ----------  --------------  -------------------
/opt/airflow/dags/data_pipeline.py                           0           1  0.89s           2025-09-09T02:34:34
================================================================================
[2025-09-09T02:35:32.303+0000] {manager.py:879} INFO - 
================================================================================
DAG File Processing Stats

File Path                           PID    Runtime      # DAGs    # Errors  Last Runtime    Last Run
----------------------------------  -----  ---------  --------  ----------  --------------  -------------------
/opt/airflow/dags/data_pipeline.py                           0           1  0.62s           2025-09-09T02:35:05
================================================================================
[2025-09-09T02:36:02.788+0000] {manager.py:879} INFO - 
================================================================================
DAG File Processing Stats

File Path                           PID    Runtime      # DAGs    # Errors  Last Runtime    Last Run
----------------------------------  -----  ---------  --------  ----------  --------------  -------------------
/opt/airflow/dags/data_pipeline.py                           0           1  0.53s           2025-09-09T02:35:35
================================================================================
[2025-09-09T02:36:32.849+0000] {manager.py:879} INFO - 
================================================================================
DAG File Processing Stats

File Path                           PID    Runtime      # DAGs    # Errors  Last Runtime    Last Run
----------------------------------  -----  ---------  --------  ----------  --------------  -------------------
/opt/airflow/dags/data_pipeline.py                           0           1  0.30s           2025-09-09T02:36:06
================================================================================
[2025-09-09T02:37:03.412+0000] {manager.py:879} INFO - 
================================================================================
DAG File Processing Stats

File Path                           PID    Runtime      # DAGs    # Errors  Last Runtime    Last Run
----------------------------------  -----  ---------  --------  ----------  --------------  -------------------
/opt/airflow/dags/data_pipeline.py                           0           1  2.23s           2025-09-09T02:36:39
================================================================================
[2025-09-09T02:37:33.962+0000] {manager.py:879} INFO - 
================================================================================
DAG File Processing Stats

File Path                           PID    Runtime      # DAGs    # Errors  Last Runtime    Last Run
----------------------------------  -----  ---------  --------  ----------  --------------  -------------------
/opt/airflow/dags/data_pipeline.py                           0           1  1.16s           2025-09-09T02:37:10
================================================================================
[2025-09-09T02:37:56.909+0000] {manager.py:738} INFO - Searching for files in /opt/airflow/dags
[2025-09-09T02:37:56.949+0000] {manager.py:741} INFO - There are 1 files in /opt/airflow/dags
[2025-09-09T02:38:04.131+0000] {manager.py:879} INFO - 
================================================================================
DAG File Processing Stats

File Path                           PID    Runtime      # DAGs    # Errors  Last Runtime    Last Run
----------------------------------  -----  ---------  --------  ----------  --------------  -------------------
/opt/airflow/dags/data_pipeline.py                           0           1  0.63s           2025-09-09T02:37:41
================================================================================
[2025-09-09T02:38:34.393+0000] {manager.py:879} INFO - 
================================================================================
DAG File Processing Stats

File Path                           PID    Runtime      # DAGs    # Errors  Last Runtime    Last Run
----------------------------------  -----  ---------  --------  ----------  --------------  -------------------
/opt/airflow/dags/data_pipeline.py                           0           1  0.81s           2025-09-09T02:38:13
================================================================================
[2025-09-09T02:39:04.556+0000] {manager.py:879} INFO - 
================================================================================
DAG File Processing Stats

File Path                           PID    Runtime      # DAGs    # Errors  Last Runtime    Last Run
----------------------------------  -----  ---------  --------  ----------  --------------  -------------------
/opt/airflow/dags/data_pipeline.py                           0           1  0.72s           2025-09-09T02:38:44
================================================================================
[2025-09-09T02:39:34.977+0000] {manager.py:879} INFO - 
================================================================================
DAG File Processing Stats

File Path                           PID    Runtime      # DAGs    # Errors  Last Runtime    Last Run
----------------------------------  -----  ---------  --------  ----------  --------------  -------------------
/opt/airflow/dags/data_pipeline.py                           0           1  0.70s           2025-09-09T02:39:15
================================================================================
[2025-09-09T02:40:05.406+0000] {manager.py:879} INFO - 
================================================================================
DAG File Processing Stats

File Path                           PID    Runtime      # DAGs    # Errors  Last Runtime    Last Run
----------------------------------  -----  ---------  --------  ----------  --------------  -------------------
/opt/airflow/dags/data_pipeline.py                           0           1  0.58s           2025-09-09T02:39:46
================================================================================
[2025-09-09T02:40:35.579+0000] {manager.py:879} INFO - 
================================================================================
DAG File Processing Stats

File Path                           PID    Runtime      # DAGs    # Errors  Last Runtime    Last Run
----------------------------------  -----  ---------  --------  ----------  --------------  -------------------
/opt/airflow/dags/data_pipeline.py                           0           1  0.61s           2025-09-09T02:40:17
================================================================================
[2025-09-09T02:41:05.592+0000] {manager.py:879} INFO - 
================================================================================
DAG File Processing Stats

File Path                           PID    Runtime      # DAGs    # Errors  Last Runtime    Last Run
----------------------------------  -----  ---------  --------  ----------  --------------  -------------------
/opt/airflow/dags/data_pipeline.py                           0           1  0.70s           2025-09-09T02:40:48
================================================================================
[2025-09-09T02:41:35.918+0000] {manager.py:879} INFO - 
================================================================================
DAG File Processing Stats

File Path                           PID    Runtime      # DAGs    # Errors  Last Runtime    Last Run
----------------------------------  -----  ---------  --------  ----------  --------------  -------------------
/opt/airflow/dags/data_pipeline.py                           0           1  0.36s           2025-09-09T02:41:19
================================================================================
[2025-09-09T02:42:06.565+0000] {manager.py:879} INFO - 
================================================================================
DAG File Processing Stats

File Path                           PID    Runtime      # DAGs    # Errors  Last Runtime    Last Run
----------------------------------  -----  ---------  --------  ----------  --------------  -------------------
/opt/airflow/dags/data_pipeline.py                           0           1  0.30s           2025-09-09T02:41:49
================================================================================
[2025-09-09T02:42:37.148+0000] {manager.py:879} INFO - 
================================================================================
DAG File Processing Stats

File Path                           PID    Runtime      # DAGs    # Errors  Last Runtime    Last Run
----------------------------------  -----  ---------  --------  ----------  --------------  -------------------
/opt/airflow/dags/data_pipeline.py                           0           1  0.33s           2025-09-09T02:42:20
================================================================================
[2025-09-09T02:42:57.378+0000] {manager.py:738} INFO - Searching for files in /opt/airflow/dags
[2025-09-09T02:42:57.389+0000] {manager.py:741} INFO - There are 1 files in /opt/airflow/dags
[2025-09-09T02:43:07.522+0000] {manager.py:879} INFO - 
================================================================================
DAG File Processing Stats

File Path                           PID    Runtime      # DAGs    # Errors  Last Runtime    Last Run
----------------------------------  -----  ---------  --------  ----------  --------------  -------------------
/opt/airflow/dags/data_pipeline.py                           0           1  0.32s           2025-09-09T02:42:50
================================================================================
[2025-09-09T02:43:38.143+0000] {manager.py:879} INFO - 
================================================================================
DAG File Processing Stats

File Path                           PID    Runtime      # DAGs    # Errors  Last Runtime    Last Run
----------------------------------  -----  ---------  --------  ----------  --------------  -------------------
/opt/airflow/dags/data_pipeline.py                           0           1  0.40s           2025-09-09T02:43:21
================================================================================
[2025-09-09T02:44:08.779+0000] {manager.py:879} INFO - 
================================================================================
DAG File Processing Stats

File Path                           PID    Runtime      # DAGs    # Errors  Last Runtime    Last Run
----------------------------------  -----  ---------  --------  ----------  --------------  -------------------
/opt/airflow/dags/data_pipeline.py                           0           1  0.41s           2025-09-09T02:43:51
================================================================================
[2025-09-09T02:44:39.146+0000] {manager.py:879} INFO - 
================================================================================
DAG File Processing Stats

File Path                           PID    Runtime      # DAGs    # Errors  Last Runtime    Last Run
----------------------------------  -----  ---------  --------  ----------  --------------  -------------------
/opt/airflow/dags/data_pipeline.py                           0           1  0.90s           2025-09-09T02:44:22
================================================================================
[2025-09-09T02:45:09.860+0000] {manager.py:879} INFO - 
================================================================================
DAG File Processing Stats

File Path                           PID    Runtime      # DAGs    # Errors  Last Runtime    Last Run
----------------------------------  -----  ---------  --------  ----------  --------------  -------------------
/opt/airflow/dags/data_pipeline.py                           0           1  1.31s           2025-09-09T02:44:54
================================================================================
[2025-09-09T02:45:40.351+0000] {manager.py:879} INFO - 
================================================================================
DAG File Processing Stats

File Path                           PID    Runtime      # DAGs    # Errors  Last Runtime    Last Run
----------------------------------  -----  ---------  --------  ----------  --------------  -------------------
/opt/airflow/dags/data_pipeline.py                           0           1  1.54s           2025-09-09T02:45:26
================================================================================
[2025-09-09T02:46:10.596+0000] {manager.py:879} INFO - 
================================================================================
DAG File Processing Stats

File Path                           PID    Runtime      # DAGs    # Errors  Last Runtime    Last Run
----------------------------------  -----  ---------  --------  ----------  --------------  -------------------
/opt/airflow/dags/data_pipeline.py                           0           1  0.79s           2025-09-09T02:45:58
================================================================================
[2025-09-09T02:46:41.063+0000] {manager.py:879} INFO - 
================================================================================
DAG File Processing Stats

File Path                           PID    Runtime      # DAGs    # Errors  Last Runtime    Last Run
----------------------------------  -----  ---------  --------  ----------  --------------  -------------------
/opt/airflow/dags/data_pipeline.py                           0           1  0.58s           2025-09-09T02:46:29
================================================================================
[2025-09-09T02:47:11.532+0000] {manager.py:879} INFO - 
================================================================================
DAG File Processing Stats

File Path                           PID    Runtime      # DAGs    # Errors  Last Runtime    Last Run
----------------------------------  -----  ---------  --------  ----------  --------------  -------------------
/opt/airflow/dags/data_pipeline.py                           0           1  1.21s           2025-09-09T02:47:00
================================================================================
[2025-09-09T02:47:41.552+0000] {manager.py:879} INFO - 
================================================================================
DAG File Processing Stats

File Path                           PID    Runtime      # DAGs    # Errors  Last Runtime    Last Run
----------------------------------  -----  ---------  --------  ----------  --------------  -------------------
/opt/airflow/dags/data_pipeline.py                           0           1  0.61s           2025-09-09T02:47:31
================================================================================
[2025-09-09T02:47:57.708+0000] {manager.py:738} INFO - Searching for files in /opt/airflow/dags
[2025-09-09T02:47:57.729+0000] {manager.py:741} INFO - There are 1 files in /opt/airflow/dags
[2025-09-09T02:48:11.951+0000] {manager.py:879} INFO - 
================================================================================
DAG File Processing Stats

File Path                           PID    Runtime      # DAGs    # Errors  Last Runtime    Last Run
----------------------------------  -----  ---------  --------  ----------  --------------  -------------------
/opt/airflow/dags/data_pipeline.py                           0           1  0.38s           2025-09-09T02:48:02
================================================================================
[2025-09-09T02:48:42.065+0000] {manager.py:879} INFO - 
================================================================================
DAG File Processing Stats

File Path                           PID    Runtime      # DAGs    # Errors  Last Runtime    Last Run
----------------------------------  -----  ---------  --------  ----------  --------------  -------------------
/opt/airflow/dags/data_pipeline.py                           0           1  0.42s           2025-09-09T02:48:32
================================================================================
[2025-09-09T02:49:12.485+0000] {manager.py:879} INFO - 
================================================================================
DAG File Processing Stats

File Path                           PID    Runtime      # DAGs    # Errors  Last Runtime    Last Run
----------------------------------  -----  ---------  --------  ----------  --------------  -------------------
/opt/airflow/dags/data_pipeline.py                           0           1  0.48s           2025-09-09T02:49:03
================================================================================
[2025-09-09T02:49:42.987+0000] {manager.py:879} INFO - 
================================================================================
DAG File Processing Stats

File Path                           PID    Runtime      # DAGs    # Errors  Last Runtime    Last Run
----------------------------------  -----  ---------  --------  ----------  --------------  -------------------
/opt/airflow/dags/data_pipeline.py                           0           1  0.54s           2025-09-09T02:49:34
================================================================================
[2025-09-09T02:50:13.785+0000] {manager.py:879} INFO - 
================================================================================
DAG File Processing Stats

File Path                           PID    Runtime      # DAGs    # Errors  Last Runtime    Last Run
----------------------------------  -----  ---------  --------  ----------  --------------  -------------------
/opt/airflow/dags/data_pipeline.py                           0           1  3.01s           2025-09-09T02:50:07
================================================================================
[2025-09-09T02:50:43.837+0000] {manager.py:879} INFO - 
================================================================================
DAG File Processing Stats

File Path                           PID    Runtime      # DAGs    # Errors  Last Runtime    Last Run
----------------------------------  -----  ---------  --------  ----------  --------------  -------------------
/opt/airflow/dags/data_pipeline.py                           0           1  0.67s           2025-09-09T02:50:38
================================================================================
[2025-09-09T02:51:14.540+0000] {manager.py:879} INFO - 
================================================================================
DAG File Processing Stats

File Path                           PID    Runtime      # DAGs    # Errors  Last Runtime    Last Run
----------------------------------  -----  ---------  --------  ----------  --------------  -------------------
/opt/airflow/dags/data_pipeline.py                           0           1  0.40s           2025-09-09T02:51:09
================================================================================
[2025-09-09T02:51:44.547+0000] {manager.py:879} INFO - 
================================================================================
DAG File Processing Stats

File Path                           PID    Runtime      # DAGs    # Errors  Last Runtime    Last Run
----------------------------------  -----  ---------  --------  ----------  --------------  -------------------
/opt/airflow/dags/data_pipeline.py                           0           1  0.57s           2025-09-09T02:51:40
================================================================================
[2025-09-09T02:52:15.388+0000] {manager.py:879} INFO - 
================================================================================
DAG File Processing Stats

File Path                           PID    Runtime      # DAGs    # Errors  Last Runtime    Last Run
----------------------------------  -----  ---------  --------  ----------  --------------  -------------------
/opt/airflow/dags/data_pipeline.py                           0           1  0.50s           2025-09-09T02:52:11
================================================================================
[2025-09-09T02:52:45.640+0000] {manager.py:1017} ERROR - Processor for /opt/airflow/dags/data_pipeline.py exited with return code 1.
[2025-09-09T02:52:45.651+0000] {manager.py:879} INFO - 
================================================================================
DAG File Processing Stats

File Path                           PID    Runtime      # DAGs    # Errors  Last Runtime    Last Run
----------------------------------  -----  ---------  --------  ----------  --------------  -------------------
/opt/airflow/dags/data_pipeline.py                           0          -1  3.92s           2025-09-09T02:52:45
================================================================================
[2025-09-09T02:52:57.780+0000] {manager.py:738} INFO - Searching for files in /opt/airflow/dags
[2025-09-09T02:52:57.798+0000] {manager.py:741} INFO - There are 1 files in /opt/airflow/dags
[2025-09-09T02:53:16.023+0000] {manager.py:879} INFO - 
================================================================================
DAG File Processing Stats

File Path                             PID  Runtime      # DAGs    # Errors  Last Runtime    Last Run
----------------------------------  -----  ---------  --------  ----------  --------------  -