[2025-09-10T17:49:43.284+0000] {processor.py:161} INFO - Started process (PID=26) to work on /opt/airflow/dags/data_pipeline.py
[2025-09-10T17:49:43.294+0000] {processor.py:830} INFO - Processing file /opt/airflow/dags/data_pipeline.py for tasks to queue
[2025-09-10T17:49:43.317+0000] {logging_mixin.py:188} INFO - [2025-09-10T17:49:43.314+0000] {dagbag.py:538} INFO - Filling up the DagBag from /opt/airflow/dags/data_pipeline.py
[2025-09-10T17:49:43.953+0000] {logging_mixin.py:188} INFO - Pyspark version: 3.5.1
[2025-09-10T17:49:43.965+0000] {logging_mixin.py:188} INFO - [2025-09-10T17:49:43.959+0000] {dagbag.py:348} ERROR - Failed to import: /opt/airflow/dags/data_pipeline.py
Traceback (most recent call last):
  File "/home/airflow/.local/lib/python3.8/site-packages/airflow/models/dagbag.py", line 344, in parse
    loader.exec_module(new_module)
  File "<frozen importlib._bootstrap_external>", line 843, in exec_module
  File "<frozen importlib._bootstrap>", line 219, in _call_with_frames_removed
  File "/opt/airflow/dags/data_pipeline.py", line 11, in <module>
    from pipeline.silver_orders import silver_orders
  File "/opt/airflow/pipeline/silver_orders.py", line 50
    F.col("ingested_timestamp")
    ^
SyntaxError: invalid syntax
[2025-09-10T17:49:43.969+0000] {processor.py:842} WARNING - No viable dags retrieved from /opt/airflow/dags/data_pipeline.py
[2025-09-10T17:49:44.142+0000] {processor.py:183} INFO - Processing /opt/airflow/dags/data_pipeline.py took 0.887 seconds
[2025-09-10T17:50:15.254+0000] {processor.py:161} INFO - Started process (PID=27) to work on /opt/airflow/dags/data_pipeline.py
[2025-09-10T17:50:15.261+0000] {processor.py:830} INFO - Processing file /opt/airflow/dags/data_pipeline.py for tasks to queue
[2025-09-10T17:50:15.291+0000] {logging_mixin.py:188} INFO - [2025-09-10T17:50:15.283+0000] {dagbag.py:538} INFO - Filling up the DagBag from /opt/airflow/dags/data_pipeline.py
[2025-09-10T17:50:16.188+0000] {logging_mixin.py:188} INFO - Pyspark version: 3.5.1
[2025-09-10T17:50:16.202+0000] {logging_mixin.py:188} INFO - [2025-09-10T17:50:16.196+0000] {dagbag.py:348} ERROR - Failed to import: /opt/airflow/dags/data_pipeline.py
Traceback (most recent call last):
  File "/home/airflow/.local/lib/python3.8/site-packages/airflow/models/dagbag.py", line 344, in parse
    loader.exec_module(new_module)
  File "<frozen importlib._bootstrap_external>", line 843, in exec_module
  File "<frozen importlib._bootstrap>", line 219, in _call_with_frames_removed
  File "/opt/airflow/dags/data_pipeline.py", line 11, in <module>
    from pipeline.silver_orders import silver_orders
  File "/opt/airflow/pipeline/silver_orders.py", line 50
    F.col("ingested_timestamp")
    ^
SyntaxError: invalid syntax
[2025-09-10T17:50:16.204+0000] {processor.py:842} WARNING - No viable dags retrieved from /opt/airflow/dags/data_pipeline.py
[2025-09-10T17:50:16.332+0000] {processor.py:183} INFO - Processing /opt/airflow/dags/data_pipeline.py took 1.105 seconds
[2025-09-10T17:50:46.757+0000] {processor.py:161} INFO - Started process (PID=28) to work on /opt/airflow/dags/data_pipeline.py
[2025-09-10T17:50:46.787+0000] {processor.py:830} INFO - Processing file /opt/airflow/dags/data_pipeline.py for tasks to queue
[2025-09-10T17:50:46.891+0000] {logging_mixin.py:188} INFO - [2025-09-10T17:50:46.889+0000] {dagbag.py:538} INFO - Filling up the DagBag from /opt/airflow/dags/data_pipeline.py
[2025-09-10T17:50:47.964+0000] {logging_mixin.py:188} INFO - Pyspark version: 3.5.1
[2025-09-10T17:50:47.977+0000] {logging_mixin.py:188} INFO - [2025-09-10T17:50:47.971+0000] {dagbag.py:348} ERROR - Failed to import: /opt/airflow/dags/data_pipeline.py
Traceback (most recent call last):
  File "/home/airflow/.local/lib/python3.8/site-packages/airflow/models/dagbag.py", line 344, in parse
    loader.exec_module(new_module)
  File "<frozen importlib._bootstrap_external>", line 843, in exec_module
  File "<frozen importlib._bootstrap>", line 219, in _call_with_frames_removed
  File "/opt/airflow/dags/data_pipeline.py", line 11, in <module>
    from pipeline.silver_orders import silver_orders
  File "/opt/airflow/pipeline/silver_orders.py", line 50
    F.col("ingested_timestamp")
    ^
SyntaxError: invalid syntax
[2025-09-10T17:50:47.979+0000] {processor.py:842} WARNING - No viable dags retrieved from /opt/airflow/dags/data_pipeline.py
[2025-09-10T17:50:48.163+0000] {processor.py:183} INFO - Processing /opt/airflow/dags/data_pipeline.py took 1.469 seconds
[2025-09-10T17:51:19.021+0000] {processor.py:161} INFO - Started process (PID=29) to work on /opt/airflow/dags/data_pipeline.py
[2025-09-10T17:51:19.043+0000] {processor.py:830} INFO - Processing file /opt/airflow/dags/data_pipeline.py for tasks to queue
[2025-09-10T17:51:19.063+0000] {logging_mixin.py:188} INFO - [2025-09-10T17:51:19.062+0000] {dagbag.py:538} INFO - Filling up the DagBag from /opt/airflow/dags/data_pipeline.py
[2025-09-10T17:51:19.659+0000] {logging_mixin.py:188} INFO - Pyspark version: 3.5.1
[2025-09-10T17:51:19.678+0000] {logging_mixin.py:188} INFO - [2025-09-10T17:51:19.670+0000] {dagbag.py:348} ERROR - Failed to import: /opt/airflow/dags/data_pipeline.py
Traceback (most recent call last):
  File "/home/airflow/.local/lib/python3.8/site-packages/airflow/models/dagbag.py", line 344, in parse
    loader.exec_module(new_module)
  File "<frozen importlib._bootstrap_external>", line 843, in exec_module
  File "<frozen importlib._bootstrap>", line 219, in _call_with_frames_removed
  File "/opt/airflow/dags/data_pipeline.py", line 11, in <module>
    from pipeline.silver_orders import silver_orders
  File "/opt/airflow/pipeline/silver_orders.py", line 50
    F.col("ingested_timestamp")
    ^
SyntaxError: invalid syntax
[2025-09-10T17:51:19.681+0000] {processor.py:842} WARNING - No viable dags retrieved from /opt/airflow/dags/data_pipeline.py
[2025-09-10T17:51:19.813+0000] {processor.py:183} INFO - Processing /opt/airflow/dags/data_pipeline.py took 0.811 seconds
[2025-09-10T17:51:50.147+0000] {processor.py:161} INFO - Started process (PID=30) to work on /opt/airflow/dags/data_pipeline.py
[2025-09-10T17:51:50.150+0000] {processor.py:830} INFO - Processing file /opt/airflow/dags/data_pipeline.py for tasks to queue
[2025-09-10T17:51:50.154+0000] {logging_mixin.py:188} INFO - [2025-09-10T17:51:50.153+0000] {dagbag.py:538} INFO - Filling up the DagBag from /opt/airflow/dags/data_pipeline.py
[2025-09-10T17:51:50.458+0000] {logging_mixin.py:188} INFO - Pyspark version: 3.5.1
[2025-09-10T17:51:50.463+0000] {logging_mixin.py:188} INFO - [2025-09-10T17:51:50.461+0000] {dagbag.py:348} ERROR - Failed to import: /opt/airflow/dags/data_pipeline.py
Traceback (most recent call last):
  File "/home/airflow/.local/lib/python3.8/site-packages/airflow/models/dagbag.py", line 344, in parse
    loader.exec_module(new_module)
  File "<frozen importlib._bootstrap_external>", line 843, in exec_module
  File "<frozen importlib._bootstrap>", line 219, in _call_with_frames_removed
  File "/opt/airflow/dags/data_pipeline.py", line 11, in <module>
    from pipeline.silver_orders import silver_orders
  File "/opt/airflow/pipeline/silver_orders.py", line 50
    F.col("ingested_timestamp")
    ^
SyntaxError: invalid syntax
[2025-09-10T17:51:50.464+0000] {processor.py:842} WARNING - No viable dags retrieved from /opt/airflow/dags/data_pipeline.py
[2025-09-10T17:51:50.528+0000] {processor.py:183} INFO - Processing /opt/airflow/dags/data_pipeline.py took 0.393 seconds
[2025-09-10T17:52:20.878+0000] {processor.py:161} INFO - Started process (PID=31) to work on /opt/airflow/dags/data_pipeline.py
[2025-09-10T17:52:20.882+0000] {processor.py:830} INFO - Processing file /opt/airflow/dags/data_pipeline.py for tasks to queue
[2025-09-10T17:52:20.894+0000] {logging_mixin.py:188} INFO - [2025-09-10T17:52:20.893+0000] {dagbag.py:538} INFO - Filling up the DagBag from /opt/airflow/dags/data_pipeline.py
[2025-09-10T17:52:21.079+0000] {logging_mixin.py:188} INFO - Pyspark version: 3.5.1
[2025-09-10T17:52:21.084+0000] {logging_mixin.py:188} INFO - [2025-09-10T17:52:21.081+0000] {dagbag.py:348} ERROR - Failed to import: /opt/airflow/dags/data_pipeline.py
Traceback (most recent call last):
  File "/home/airflow/.local/lib/python3.8/site-packages/airflow/models/dagbag.py", line 344, in parse
    loader.exec_module(new_module)
  File "<frozen importlib._bootstrap_external>", line 843, in exec_module
  File "<frozen importlib._bootstrap>", line 219, in _call_with_frames_removed
  File "/opt/airflow/dags/data_pipeline.py", line 11, in <module>
    from pipeline.silver_orders import silver_orders
  File "/opt/airflow/pipeline/silver_orders.py", line 50
    F.col("ingested_timestamp")
    ^
SyntaxError: invalid syntax
[2025-09-10T17:52:21.085+0000] {processor.py:842} WARNING - No viable dags retrieved from /opt/airflow/dags/data_pipeline.py
[2025-09-10T17:52:21.123+0000] {processor.py:183} INFO - Processing /opt/airflow/dags/data_pipeline.py took 0.252 seconds
[2025-09-10T17:52:51.210+0000] {processor.py:161} INFO - Started process (PID=32) to work on /opt/airflow/dags/data_pipeline.py
[2025-09-10T17:52:51.212+0000] {processor.py:830} INFO - Processing file /opt/airflow/dags/data_pipeline.py for tasks to queue
[2025-09-10T17:52:51.217+0000] {logging_mixin.py:188} INFO - [2025-09-10T17:52:51.216+0000] {dagbag.py:538} INFO - Filling up the DagBag from /opt/airflow/dags/data_pipeline.py
[2025-09-10T17:52:51.313+0000] {logging_mixin.py:188} INFO - Pyspark version: 3.5.1
[2025-09-10T17:52:51.318+0000] {logging_mixin.py:188} INFO - [2025-09-10T17:52:51.316+0000] {dagbag.py:348} ERROR - Failed to import: /opt/airflow/dags/data_pipeline.py
Traceback (most recent call last):
  File "/home/airflow/.local/lib/python3.8/site-packages/airflow/models/dagbag.py", line 344, in parse
    loader.exec_module(new_module)
  File "<frozen importlib._bootstrap_external>", line 843, in exec_module
  File "<frozen importlib._bootstrap>", line 219, in _call_with_frames_removed
  File "/opt/airflow/dags/data_pipeline.py", line 11, in <module>
    from pipeline.silver_orders import silver_orders
  File "/opt/airflow/pipeline/silver_orders.py", line 50
    F.col("ingested_timestamp")
    ^
SyntaxError: invalid syntax
[2025-09-10T17:52:51.318+0000] {processor.py:842} WARNING - No viable dags retrieved from /opt/airflow/dags/data_pipeline.py
[2025-09-10T17:52:51.354+0000] {processor.py:183} INFO - Processing /opt/airflow/dags/data_pipeline.py took 0.151 seconds
[2025-09-10T17:53:21.519+0000] {processor.py:161} INFO - Started process (PID=33) to work on /opt/airflow/dags/data_pipeline.py
[2025-09-10T17:53:21.523+0000] {processor.py:830} INFO - Processing file /opt/airflow/dags/data_pipeline.py for tasks to queue
[2025-09-10T17:53:21.530+0000] {logging_mixin.py:188} INFO - [2025-09-10T17:53:21.528+0000] {dagbag.py:538} INFO - Filling up the DagBag from /opt/airflow/dags/data_pipeline.py
[2025-09-10T17:53:21.638+0000] {logging_mixin.py:188} INFO - Pyspark version: 3.5.1
[2025-09-10T17:53:21.643+0000] {logging_mixin.py:188} INFO - [2025-09-10T17:53:21.641+0000] {dagbag.py:348} ERROR - Failed to import: /opt/airflow/dags/data_pipeline.py
Traceback (most recent call last):
  File "/home/airflow/.local/lib/python3.8/site-packages/airflow/models/dagbag.py", line 344, in parse
    loader.exec_module(new_module)
  File "<frozen importlib._bootstrap_external>", line 843, in exec_module
  File "<frozen importlib._bootstrap>", line 219, in _call_with_frames_removed
  File "/opt/airflow/dags/data_pipeline.py", line 11, in <module>
    from pipeline.silver_orders import silver_orders
  File "/opt/airflow/pipeline/silver_orders.py", line 50
    F.col("ingested_timestamp")
    ^
SyntaxError: invalid syntax
[2025-09-10T17:53:21.644+0000] {processor.py:842} WARNING - No viable dags retrieved from /opt/airflow/dags/data_pipeline.py
[2025-09-10T17:53:21.687+0000] {processor.py:183} INFO - Processing /opt/airflow/dags/data_pipeline.py took 0.175 seconds
[2025-09-10T17:53:52.068+0000] {processor.py:161} INFO - Started process (PID=34) to work on /opt/airflow/dags/data_pipeline.py
[2025-09-10T17:53:52.109+0000] {processor.py:830} INFO - Processing file /opt/airflow/dags/data_pipeline.py for tasks to queue
[2025-09-10T17:53:52.186+0000] {logging_mixin.py:188} INFO - [2025-09-10T17:53:52.180+0000] {dagbag.py:538} INFO - Filling up the DagBag from /opt/airflow/dags/data_pipeline.py
[2025-09-10T17:53:52.634+0000] {logging_mixin.py:188} INFO - Pyspark version: 3.5.1
[2025-09-10T17:53:52.645+0000] {logging_mixin.py:188} INFO - [2025-09-10T17:53:52.639+0000] {dagbag.py:348} ERROR - Failed to import: /opt/airflow/dags/data_pipeline.py
Traceback (most recent call last):
  File "/home/airflow/.local/lib/python3.8/site-packages/airflow/models/dagbag.py", line 344, in parse
    loader.exec_module(new_module)
  File "<frozen importlib._bootstrap_external>", line 843, in exec_module
  File "<frozen importlib._bootstrap>", line 219, in _call_with_frames_removed
  File "/opt/airflow/dags/data_pipeline.py", line 11, in <module>
    from pipeline.silver_orders import silver_orders
  File "/opt/airflow/pipeline/silver_orders.py", line 50
    F.col("ingested_timestamp")
    ^
SyntaxError: invalid syntax
[2025-09-10T17:53:52.646+0000] {processor.py:842} WARNING - No viable dags retrieved from /opt/airflow/dags/data_pipeline.py
[2025-09-10T17:53:52.746+0000] {processor.py:183} INFO - Processing /opt/airflow/dags/data_pipeline.py took 0.747 seconds
[2025-09-10T19:54:09.481+0000] {processor.py:161} INFO - Started process (PID=36) to work on /opt/airflow/dags/data_pipeline.py
[2025-09-10T19:54:09.489+0000] {processor.py:830} INFO - Processing file /opt/airflow/dags/data_pipeline.py for tasks to queue
[2025-09-10T19:54:09.513+0000] {logging_mixin.py:188} INFO - [2025-09-10T19:54:09.511+0000] {dagbag.py:538} INFO - Filling up the DagBag from /opt/airflow/dags/data_pipeline.py
[2025-09-10T19:54:10.120+0000] {logging_mixin.py:188} INFO - Pyspark version: 3.5.1
[2025-09-10T19:54:10.148+0000] {logging_mixin.py:188} INFO - [2025-09-10T19:54:10.135+0000] {dagbag.py:348} ERROR - Failed to import: /opt/airflow/dags/data_pipeline.py
Traceback (most recent call last):
  File "/home/airflow/.local/lib/python3.8/site-packages/airflow/models/dagbag.py", line 344, in parse
    loader.exec_module(new_module)
  File "<frozen importlib._bootstrap_external>", line 843, in exec_module
  File "<frozen importlib._bootstrap>", line 219, in _call_with_frames_removed
  File "/opt/airflow/dags/data_pipeline.py", line 11, in <module>
    from pipeline.silver_orders import silver_orders
  File "/opt/airflow/pipeline/silver_orders.py", line 50
    F.col("ingested_timestamp")
    ^
SyntaxError: invalid syntax
[2025-09-10T19:54:10.151+0000] {processor.py:842} WARNING - No viable dags retrieved from /opt/airflow/dags/data_pipeline.py
[2025-09-10T19:54:10.336+0000] {processor.py:183} INFO - Processing /opt/airflow/dags/data_pipeline.py took 0.888 seconds
[2025-09-10T20:48:09.091+0000] {processor.py:161} INFO - Started process (PID=37) to work on /opt/airflow/dags/data_pipeline.py
[2025-09-10T20:48:09.093+0000] {processor.py:830} INFO - Processing file /opt/airflow/dags/data_pipeline.py for tasks to queue
[2025-09-10T20:48:09.109+0000] {logging_mixin.py:188} INFO - [2025-09-10T20:48:09.108+0000] {dagbag.py:538} INFO - Filling up the DagBag from /opt/airflow/dags/data_pipeline.py
[2025-09-10T20:48:09.758+0000] {logging_mixin.py:188} INFO - Pyspark version: 3.5.1
[2025-09-10T20:48:09.784+0000] {logging_mixin.py:188} INFO - [2025-09-10T20:48:09.767+0000] {dagbag.py:348} ERROR - Failed to import: /opt/airflow/dags/data_pipeline.py
Traceback (most recent call last):
  File "/home/airflow/.local/lib/python3.8/site-packages/airflow/models/dagbag.py", line 344, in parse
    loader.exec_module(new_module)
  File "<frozen importlib._bootstrap_external>", line 843, in exec_module
  File "<frozen importlib._bootstrap>", line 219, in _call_with_frames_removed
  File "/opt/airflow/dags/data_pipeline.py", line 11, in <module>
    from pipeline.silver_orders import silver_orders
  File "/opt/airflow/pipeline/silver_orders.py", line 50
    F.col("ingested_timestamp")
    ^
SyntaxError: invalid syntax
[2025-09-10T20:48:09.797+0000] {processor.py:842} WARNING - No viable dags retrieved from /opt/airflow/dags/data_pipeline.py
[2025-09-10T20:48:09.908+0000] {processor.py:183} INFO - Processing /opt/airflow/dags/data_pipeline.py took 0.825 seconds
[2025-09-10T20:48:40.898+0000] {processor.py:161} INFO - Started process (PID=38) to work on /opt/airflow/dags/data_pipeline.py
[2025-09-10T20:48:40.944+0000] {processor.py:830} INFO - Processing file /opt/airflow/dags/data_pipeline.py for tasks to queue
[2025-09-10T20:48:41.078+0000] {logging_mixin.py:188} INFO - [2025-09-10T20:48:41.062+0000] {dagbag.py:538} INFO - Filling up the DagBag from /opt/airflow/dags/data_pipeline.py
[2025-09-10T20:48:46.767+0000] {logging_mixin.py:188} INFO - Pyspark version: 3.5.1
[2025-09-10T20:48:46.852+0000] {logging_mixin.py:188} INFO - [2025-09-10T20:48:46.818+0000] {dagbag.py:348} ERROR - Failed to import: /opt/airflow/dags/data_pipeline.py
Traceback (most recent call last):
  File "/home/airflow/.local/lib/python3.8/site-packages/airflow/models/dagbag.py", line 344, in parse
    loader.exec_module(new_module)
  File "<frozen importlib._bootstrap_external>", line 843, in exec_module
  File "<frozen importlib._bootstrap>", line 219, in _call_with_frames_removed
  File "/opt/airflow/dags/data_pipeline.py", line 11, in <module>
    from pipeline.silver_orders import silver_orders
  File "/opt/airflow/pipeline/silver_orders.py", line 50
    F.col("ingested_timestamp")
    ^
SyntaxError: invalid syntax
[2025-09-10T20:48:46.867+0000] {processor.py:842} WARNING - No viable dags retrieved from /opt/airflow/dags/data_pipeline.py
[2025-09-10T20:48:48.149+0000] {processor.py:183} INFO - Processing /opt/airflow/dags/data_pipeline.py took 7.456 seconds
[2025-09-10T20:56:56.185+0000] {processor.py:161} INFO - Started process (PID=39) to work on /opt/airflow/dags/data_pipeline.py
[2025-09-10T20:56:56.192+0000] {processor.py:830} INFO - Processing file /opt/airflow/dags/data_pipeline.py for tasks to queue
[2025-09-10T20:56:56.211+0000] {logging_mixin.py:188} INFO - [2025-09-10T20:56:56.206+0000] {dagbag.py:538} INFO - Filling up the DagBag from /opt/airflow/dags/data_pipeline.py
[2025-09-10T20:57:28.768+0000] {processor.py:161} INFO - Started process (PID=40) to work on /opt/airflow/dags/data_pipeline.py
[2025-09-10T20:57:28.777+0000] {processor.py:830} INFO - Processing file /opt/airflow/dags/data_pipeline.py for tasks to queue
[2025-09-10T20:57:28.818+0000] {logging_mixin.py:188} INFO - [2025-09-10T20:57:28.812+0000] {dagbag.py:538} INFO - Filling up the DagBag from /opt/airflow/dags/data_pipeline.py
[2025-09-10T20:57:29.928+0000] {logging_mixin.py:188} INFO - Pyspark version: 3.5.1
[2025-09-10T20:57:29.961+0000] {logging_mixin.py:188} INFO - [2025-09-10T20:57:29.943+0000] {dagbag.py:348} ERROR - Failed to import: /opt/airflow/dags/data_pipeline.py
Traceback (most recent call last):
  File "/home/airflow/.local/lib/python3.8/site-packages/airflow/models/dagbag.py", line 344, in parse
    loader.exec_module(new_module)
  File "<frozen importlib._bootstrap_external>", line 843, in exec_module
  File "<frozen importlib._bootstrap>", line 219, in _call_with_frames_removed
  File "/opt/airflow/dags/data_pipeline.py", line 11, in <module>
    from pipeline.silver_orders import silver_orders
  File "/opt/airflow/pipeline/silver_orders.py", line 50
    F.col("ingested_timestamp")
    ^
SyntaxError: invalid syntax
[2025-09-10T20:57:29.964+0000] {processor.py:842} WARNING - No viable dags retrieved from /opt/airflow/dags/data_pipeline.py
[2025-09-10T20:57:30.131+0000] {processor.py:183} INFO - Processing /opt/airflow/dags/data_pipeline.py took 1.650 seconds
[2025-09-10T20:58:01.176+0000] {processor.py:161} INFO - Started process (PID=41) to work on /opt/airflow/dags/data_pipeline.py
[2025-09-10T20:58:01.179+0000] {processor.py:830} INFO - Processing file /opt/airflow/dags/data_pipeline.py for tasks to queue
[2025-09-10T20:58:01.188+0000] {logging_mixin.py:188} INFO - [2025-09-10T20:58:01.187+0000] {dagbag.py:538} INFO - Filling up the DagBag from /opt/airflow/dags/data_pipeline.py
[2025-09-10T20:58:01.457+0000] {logging_mixin.py:188} INFO - Pyspark version: 3.5.1
[2025-09-10T20:58:01.467+0000] {logging_mixin.py:188} INFO - [2025-09-10T20:58:01.463+0000] {dagbag.py:348} ERROR - Failed to import: /opt/airflow/dags/data_pipeline.py
Traceback (most recent call last):
  File "/home/airflow/.local/lib/python3.8/site-packages/airflow/models/dagbag.py", line 344, in parse
    loader.exec_module(new_module)
  File "<frozen importlib._bootstrap_external>", line 843, in exec_module
  File "<frozen importlib._bootstrap>", line 219, in _call_with_frames_removed
  File "/opt/airflow/dags/data_pipeline.py", line 11, in <module>
    from pipeline.silver_orders import silver_orders
  File "/opt/airflow/pipeline/silver_orders.py", line 50
    F.col("ingested_timestamp")
    ^
SyntaxError: invalid syntax
[2025-09-10T20:58:01.469+0000] {processor.py:842} WARNING - No viable dags retrieved from /opt/airflow/dags/data_pipeline.py
[2025-09-10T20:58:01.569+0000] {processor.py:183} INFO - Processing /opt/airflow/dags/data_pipeline.py took 0.404 seconds
[2025-09-10T20:58:32.010+0000] {processor.py:161} INFO - Started process (PID=42) to work on /opt/airflow/dags/data_pipeline.py
[2025-09-10T20:58:32.013+0000] {processor.py:830} INFO - Processing file /opt/airflow/dags/data_pipeline.py for tasks to queue
[2025-09-10T20:58:32.018+0000] {logging_mixin.py:188} INFO - [2025-09-10T20:58:32.018+0000] {dagbag.py:538} INFO - Filling up the DagBag from /opt/airflow/dags/data_pipeline.py
[2025-09-10T20:58:32.433+0000] {logging_mixin.py:188} INFO - Pyspark version: 3.5.1
[2025-09-10T20:58:32.444+0000] {logging_mixin.py:188} INFO - [2025-09-10T20:58:32.440+0000] {dagbag.py:348} ERROR - Failed to import: /opt/airflow/dags/data_pipeline.py
Traceback (most recent call last):
  File "/home/airflow/.local/lib/python3.8/site-packages/airflow/models/dagbag.py", line 344, in parse
    loader.exec_module(new_module)
  File "<frozen importlib._bootstrap_external>", line 843, in exec_module
  File "<frozen importlib._bootstrap>", line 219, in _call_with_frames_removed
  File "/opt/airflow/dags/data_pipeline.py", line 11, in <module>
    from pipeline.silver_orders import silver_orders
  File "/opt/airflow/pipeline/silver_orders.py", line 50
    F.col("ingested_timestamp")
    ^
SyntaxError: invalid syntax
[2025-09-10T20:58:32.446+0000] {processor.py:842} WARNING - No viable dags retrieved from /opt/airflow/dags/data_pipeline.py
[2025-09-10T20:58:32.546+0000] {processor.py:183} INFO - Processing /opt/airflow/dags/data_pipeline.py took 0.551 seconds
[2025-09-10T20:59:03.054+0000] {processor.py:161} INFO - Started process (PID=43) to work on /opt/airflow/dags/data_pipeline.py
[2025-09-10T20:59:03.058+0000] {processor.py:830} INFO - Processing file /opt/airflow/dags/data_pipeline.py for tasks to queue
[2025-09-10T20:59:03.071+0000] {logging_mixin.py:188} INFO - [2025-09-10T20:59:03.069+0000] {dagbag.py:538} INFO - Filling up the DagBag from /opt/airflow/dags/data_pipeline.py
[2025-09-10T20:59:03.512+0000] {logging_mixin.py:188} INFO - Pyspark version: 3.5.1
[2025-09-10T20:59:03.527+0000] {logging_mixin.py:188} INFO - [2025-09-10T20:59:03.518+0000] {dagbag.py:348} ERROR - Failed to import: /opt/airflow/dags/data_pipeline.py
Traceback (most recent call last):
  File "/home/airflow/.local/lib/python3.8/site-packages/airflow/models/dagbag.py", line 344, in parse
    loader.exec_module(new_module)
  File "<frozen importlib._bootstrap_external>", line 843, in exec_module
  File "<frozen importlib._bootstrap>", line 219, in _call_with_frames_removed
  File "/opt/airflow/dags/data_pipeline.py", line 11, in <module>
    from pipeline.silver_orders import silver_orders
  File "/opt/airflow/pipeline/silver_orders.py", line 50
    F.col("ingested_timestamp")
    ^
SyntaxError: invalid syntax
[2025-09-10T20:59:03.529+0000] {processor.py:842} WARNING - No viable dags retrieved from /opt/airflow/dags/data_pipeline.py
[2025-09-10T20:59:03.638+0000] {processor.py:183} INFO - Processing /opt/airflow/dags/data_pipeline.py took 0.603 seconds
[2025-09-10T20:59:34.029+0000] {processor.py:161} INFO - Started process (PID=44) to work on /opt/airflow/dags/data_pipeline.py
[2025-09-10T20:59:34.032+0000] {processor.py:830} INFO - Processing file /opt/airflow/dags/data_pipeline.py for tasks to queue
[2025-09-10T20:59:34.041+0000] {logging_mixin.py:188} INFO - [2025-09-10T20:59:34.040+0000] {dagbag.py:538} INFO - Filling up the DagBag from /opt/airflow/dags/data_pipeline.py
[2025-09-10T20:59:34.830+0000] {logging_mixin.py:188} INFO - Pyspark version: 3.5.1
[2025-09-10T20:59:34.840+0000] {logging_mixin.py:188} INFO - [2025-09-10T20:59:34.836+0000] {dagbag.py:348} ERROR - Failed to import: /opt/airflow/dags/data_pipeline.py
Traceback (most recent call last):
  File "/home/airflow/.local/lib/python3.8/site-packages/airflow/models/dagbag.py", line 344, in parse
    loader.exec_module(new_module)
  File "<frozen importlib._bootstrap_external>", line 843, in exec_module
  File "<frozen importlib._bootstrap>", line 219, in _call_with_frames_removed
  File "/opt/airflow/dags/data_pipeline.py", line 11, in <module>
    from pipeline.silver_orders import silver_orders
  File "/opt/airflow/pipeline/silver_orders.py", line 50
    F.col("ingested_timestamp")
    ^
SyntaxError: invalid syntax
[2025-09-10T20:59:34.842+0000] {processor.py:842} WARNING - No viable dags retrieved from /opt/airflow/dags/data_pipeline.py
[2025-09-10T20:59:34.946+0000] {processor.py:183} INFO - Processing /opt/airflow/dags/data_pipeline.py took 0.932 seconds
[2025-09-10T21:00:05.114+0000] {processor.py:161} INFO - Started process (PID=45) to work on /opt/airflow/dags/data_pipeline.py
[2025-09-10T21:00:05.119+0000] {processor.py:830} INFO - Processing file /opt/airflow/dags/data_pipeline.py for tasks to queue
[2025-09-10T21:00:05.133+0000] {logging_mixin.py:188} INFO - [2025-09-10T21:00:05.132+0000] {dagbag.py:538} INFO - Filling up the DagBag from /opt/airflow/dags/data_pipeline.py
[2025-09-10T21:00:05.591+0000] {logging_mixin.py:188} INFO - Pyspark version: 3.5.1
[2025-09-10T21:00:05.619+0000] {logging_mixin.py:188} INFO - [2025-09-10T21:00:05.608+0000] {dagbag.py:348} ERROR - Failed to import: /opt/airflow/dags/data_pipeline.py
Traceback (most recent call last):
  File "/home/airflow/.local/lib/python3.8/site-packages/airflow/models/dagbag.py", line 344, in parse
    loader.exec_module(new_module)
  File "<frozen importlib._bootstrap_external>", line 843, in exec_module
  File "<frozen importlib._bootstrap>", line 219, in _call_with_frames_removed
  File "/opt/airflow/dags/data_pipeline.py", line 11, in <module>
    from pipeline.silver_orders import silver_orders
  File "/opt/airflow/pipeline/silver_orders.py", line 50
    F.col("ingested_timestamp")
    ^
SyntaxError: invalid syntax
[2025-09-10T21:00:05.624+0000] {processor.py:842} WARNING - No viable dags retrieved from /opt/airflow/dags/data_pipeline.py
[2025-09-10T21:00:05.723+0000] {processor.py:183} INFO - Processing /opt/airflow/dags/data_pipeline.py took 0.634 seconds
[2025-09-10T21:00:35.957+0000] {processor.py:161} INFO - Started process (PID=46) to work on /opt/airflow/dags/data_pipeline.py
[2025-09-10T21:00:35.961+0000] {processor.py:830} INFO - Processing file /opt/airflow/dags/data_pipeline.py for tasks to queue
[2025-09-10T21:00:35.972+0000] {logging_mixin.py:188} INFO - [2025-09-10T21:00:35.971+0000] {dagbag.py:538} INFO - Filling up the DagBag from /opt/airflow/dags/data_pipeline.py
[2025-09-10T21:00:36.308+0000] {logging_mixin.py:188} INFO - Pyspark version: 3.5.1
[2025-09-10T21:00:36.321+0000] {logging_mixin.py:188} INFO - [2025-09-10T21:00:36.317+0000] {dagbag.py:348} ERROR - Failed to import: /opt/airflow/dags/data_pipeline.py
Traceback (most recent call last):
  File "/home/airflow/.local/lib/python3.8/site-packages/airflow/models/dagbag.py", line 344, in parse
    loader.exec_module(new_module)
  File "<frozen importlib._bootstrap_external>", line 843, in exec_module
  File "<frozen importlib._bootstrap>", line 219, in _call_with_frames_removed
  File "/opt/airflow/dags/data_pipeline.py", line 11, in <module>
    from pipeline.silver_orders import silver_orders
  File "/opt/airflow/pipeline/silver_orders.py", line 50
    F.col("ingested_timestamp")
    ^
SyntaxError: invalid syntax
[2025-09-10T21:00:36.324+0000] {processor.py:842} WARNING - No viable dags retrieved from /opt/airflow/dags/data_pipeline.py
[2025-09-10T21:00:36.517+0000] {processor.py:183} INFO - Processing /opt/airflow/dags/data_pipeline.py took 0.574 seconds
[2025-09-10T21:01:07.081+0000] {processor.py:161} INFO - Started process (PID=47) to work on /opt/airflow/dags/data_pipeline.py
[2025-09-10T21:01:07.084+0000] {processor.py:830} INFO - Processing file /opt/airflow/dags/data_pipeline.py for tasks to queue
[2025-09-10T21:01:07.103+0000] {logging_mixin.py:188} INFO - [2025-09-10T21:01:07.102+0000] {dagbag.py:538} INFO - Filling up the DagBag from /opt/airflow/dags/data_pipeline.py
[2025-09-10T21:01:07.627+0000] {logging_mixin.py:188} INFO - Pyspark version: 3.5.1
[2025-09-10T21:01:07.641+0000] {logging_mixin.py:188} INFO - [2025-09-10T21:01:07.636+0000] {dagbag.py:348} ERROR - Failed to import: /opt/airflow/dags/data_pipeline.py
Traceback (most recent call last):
  File "/home/airflow/.local/lib/python3.8/site-packages/airflow/models/dagbag.py", line 344, in parse
    loader.exec_module(new_module)
  File "<frozen importlib._bootstrap_external>", line 843, in exec_module
  File "<frozen importlib._bootstrap>", line 219, in _call_with_frames_removed
  File "/opt/airflow/dags/data_pipeline.py", line 11, in <module>
    from pipeline.silver_orders import silver_orders
  File "/opt/airflow/pipeline/silver_orders.py", line 50
    F.col("ingested_timestamp")
    ^
SyntaxError: invalid syntax
[2025-09-10T21:01:07.643+0000] {processor.py:842} WARNING - No viable dags retrieved from /opt/airflow/dags/data_pipeline.py
[2025-09-10T21:01:07.781+0000] {processor.py:183} INFO - Processing /opt/airflow/dags/data_pipeline.py took 0.716 seconds
[2025-09-10T21:01:38.326+0000] {processor.py:161} INFO - Started process (PID=48) to work on /opt/airflow/dags/data_pipeline.py
[2025-09-10T21:01:38.328+0000] {processor.py:830} INFO - Processing file /opt/airflow/dags/data_pipeline.py for tasks to queue
[2025-09-10T21:01:38.337+0000] {logging_mixin.py:188} INFO - [2025-09-10T21:01:38.336+0000] {dagbag.py:538} INFO - Filling up the DagBag from /opt/airflow/dags/data_pipeline.py
[2025-09-10T21:01:38.664+0000] {logging_mixin.py:188} INFO - Pyspark version: 3.5.1
[2025-09-10T21:01:38.675+0000] {logging_mixin.py:188} INFO - [2025-09-10T21:01:38.670+0000] {dagbag.py:348} ERROR - Failed to import: /opt/airflow/dags/data_pipeline.py
Traceback (most recent call last):
  File "/home/airflow/.local/lib/python3.8/site-packages/airflow/models/dagbag.py", line 344, in parse
    loader.exec_module(new_module)
  File "<frozen importlib._bootstrap_external>", line 843, in exec_module
  File "<frozen importlib._bootstrap>", line 219, in _call_with_frames_removed
  File "/opt/airflow/dags/data_pipeline.py", line 11, in <module>
    from pipeline.silver_orders import silver_orders
  File "/opt/airflow/pipeline/silver_orders.py", line 50
    F.col("ingested_timestamp")
    ^
SyntaxError: invalid syntax
[2025-09-10T21:01:38.677+0000] {processor.py:842} WARNING - No viable dags retrieved from /opt/airflow/dags/data_pipeline.py
[2025-09-10T21:01:38.800+0000] {processor.py:183} INFO - Processing /opt/airflow/dags/data_pipeline.py took 0.490 seconds
[2025-09-10T21:02:09.273+0000] {processor.py:161} INFO - Started process (PID=49) to work on /opt/airflow/dags/data_pipeline.py
[2025-09-10T21:02:09.281+0000] {processor.py:830} INFO - Processing file /opt/airflow/dags/data_pipeline.py for tasks to queue
[2025-09-10T21:02:09.302+0000] {logging_mixin.py:188} INFO - [2025-09-10T21:02:09.300+0000] {dagbag.py:538} INFO - Filling up the DagBag from /opt/airflow/dags/data_pipeline.py
[2025-09-10T21:02:09.917+0000] {logging_mixin.py:188} INFO - Pyspark version: 3.5.1
[2025-09-10T21:02:09.932+0000] {logging_mixin.py:188} INFO - [2025-09-10T21:02:09.926+0000] {dagbag.py:348} ERROR - Failed to import: /opt/airflow/dags/data_pipeline.py
Traceback (most recent call last):
  File "/home/airflow/.local/lib/python3.8/site-packages/airflow/models/dagbag.py", line 344, in parse
    loader.exec_module(new_module)
  File "<frozen importlib._bootstrap_external>", line 843, in exec_module
  File "<frozen importlib._bootstrap>", line 219, in _call_with_frames_removed
  File "/opt/airflow/dags/data_pipeline.py", line 11, in <module>
    from pipeline.silver_orders import silver_orders
  File "/opt/airflow/pipeline/silver_orders.py", line 50
    F.col("ingested_timestamp")
    ^
SyntaxError: invalid syntax
[2025-09-10T21:02:09.936+0000] {processor.py:842} WARNING - No viable dags retrieved from /opt/airflow/dags/data_pipeline.py
[2025-09-10T21:02:10.119+0000] {processor.py:183} INFO - Processing /opt/airflow/dags/data_pipeline.py took 0.870 seconds
[2025-09-10T21:02:40.706+0000] {processor.py:161} INFO - Started process (PID=50) to work on /opt/airflow/dags/data_pipeline.py
[2025-09-10T21:02:40.712+0000] {processor.py:830} INFO - Processing file /opt/airflow/dags/data_pipeline.py for tasks to queue
[2025-09-10T21:02:40.727+0000] {logging_mixin.py:188} INFO - [2025-09-10T21:02:40.725+0000] {dagbag.py:538} INFO - Filling up the DagBag from /opt/airflow/dags/data_pipeline.py
[2025-09-10T21:02:40.841+0000] {logging_mixin.py:188} INFO - Pyspark version: 3.5.1
[2025-09-10T21:02:40.846+0000] {logging_mixin.py:188} INFO - [2025-09-10T21:02:40.844+0000] {dagbag.py:348} ERROR - Failed to import: /opt/airflow/dags/data_pipeline.py
Traceback (most recent call last):
  File "/home/airflow/.local/lib/python3.8/site-packages/airflow/models/dagbag.py", line 344, in parse
    loader.exec_module(new_module)
  File "<frozen importlib._bootstrap_external>", line 843, in exec_module
  File "<frozen importlib._bootstrap>", line 219, in _call_with_frames_removed
  File "/opt/airflow/dags/data_pipeline.py", line 11, in <module>
    from pipeline.silver_orders import silver_orders
  File "/opt/airflow/pipeline/silver_orders.py", line 50
    F.col("ingested_timestamp")
    ^
SyntaxError: invalid syntax
[2025-09-10T21:02:40.846+0000] {processor.py:842} WARNING - No viable dags retrieved from /opt/airflow/dags/data_pipeline.py
[2025-09-10T21:02:40.884+0000] {processor.py:183} INFO - Processing /opt/airflow/dags/data_pipeline.py took 0.187 seconds
[2025-09-10T21:03:11.178+0000] {processor.py:161} INFO - Started process (PID=51) to work on /opt/airflow/dags/data_pipeline.py
[2025-09-10T21:03:11.180+0000] {processor.py:830} INFO - Processing file /opt/airflow/dags/data_pipeline.py for tasks to queue
[2025-09-10T21:03:11.186+0000] {logging_mixin.py:188} INFO - [2025-09-10T21:03:11.185+0000] {dagbag.py:538} INFO - Filling up the DagBag from /opt/airflow/dags/data_pipeline.py
[2025-09-10T21:03:11.297+0000] {logging_mixin.py:188} INFO - Pyspark version: 3.5.1
[2025-09-10T21:03:11.301+0000] {logging_mixin.py:188} INFO - [2025-09-10T21:03:11.299+0000] {dagbag.py:348} ERROR - Failed to import: /opt/airflow/dags/data_pipeline.py
Traceback (most recent call last):
  File "/home/airflow/.local/lib/python3.8/site-packages/airflow/models/dagbag.py", line 344, in parse
    loader.exec_module(new_module)
  File "<frozen importlib._bootstrap_external>", line 843, in exec_module
  File "<frozen importlib._bootstrap>", line 219, in _call_with_frames_removed
  File "/opt/airflow/dags/data_pipeline.py", line 11, in <module>
    from pipeline.silver_orders import silver_orders
  File "/opt/airflow/pipeline/silver_orders.py", line 50
    F.col("ingested_timestamp")
    ^
SyntaxError: invalid syntax
[2025-09-10T21:03:11.301+0000] {processor.py:842} WARNING - No viable dags retrieved from /opt/airflow/dags/data_pipeline.py
[2025-09-10T21:03:11.338+0000] {processor.py:183} INFO - Processing /opt/airflow/dags/data_pipeline.py took 0.167 seconds
[2025-09-10T21:03:41.574+0000] {processor.py:161} INFO - Started process (PID=52) to work on /opt/airflow/dags/data_pipeline.py
[2025-09-10T21:03:41.578+0000] {processor.py:830} INFO - Processing file /opt/airflow/dags/data_pipeline.py for tasks to queue
[2025-09-10T21:03:41.585+0000] {logging_mixin.py:188} INFO - [2025-09-10T21:03:41.584+0000] {dagbag.py:538} INFO - Filling up the DagBag from /opt/airflow/dags/data_pipeline.py
[2025-09-10T21:03:41.873+0000] {logging_mixin.py:188} INFO - Pyspark version: 3.5.1
[2025-09-10T21:03:41.879+0000] {logging_mixin.py:188} INFO - [2025-09-10T21:03:41.877+0000] {dagbag.py:348} ERROR - Failed to import: /opt/airflow/dags/data_pipeline.py
Traceback (most recent call last):
  File "/home/airflow/.local/lib/python3.8/site-packages/airflow/models/dagbag.py", line 344, in parse
    loader.exec_module(new_module)
  File "<frozen importlib._bootstrap_external>", line 843, in exec_module
  File "<frozen importlib._bootstrap>", line 219, in _call_with_frames_removed
  File "/opt/airflow/dags/data_pipeline.py", line 11, in <module>
    from pipeline.silver_orders import silver_orders
  File "/opt/airflow/pipeline/silver_orders.py", line 50
    F.col("ingested_timestamp")
    ^
SyntaxError: invalid syntax
[2025-09-10T21:03:41.881+0000] {processor.py:842} WARNING - No viable dags retrieved from /opt/airflow/dags/data_pipeline.py
[2025-09-10T21:03:41.959+0000] {processor.py:183} INFO - Processing /opt/airflow/dags/data_pipeline.py took 0.403 seconds
[2025-09-10T21:04:12.375+0000] {processor.py:161} INFO - Started process (PID=53) to work on /opt/airflow/dags/data_pipeline.py
[2025-09-10T21:04:12.377+0000] {processor.py:830} INFO - Processing file /opt/airflow/dags/data_pipeline.py for tasks to queue
[2025-09-10T21:04:12.383+0000] {logging_mixin.py:188} INFO - [2025-09-10T21:04:12.382+0000] {dagbag.py:538} INFO - Filling up the DagBag from /opt/airflow/dags/data_pipeline.py
[2025-09-10T21:04:12.493+0000] {logging_mixin.py:188} INFO - Pyspark version: 3.5.1
[2025-09-10T21:04:12.497+0000] {logging_mixin.py:188} INFO - [2025-09-10T21:04:12.495+0000] {dagbag.py:348} ERROR - Failed to import: /opt/airflow/dags/data_pipeline.py
Traceback (most recent call last):
  File "/home/airflow/.local/lib/python3.8/site-packages/airflow/models/dagbag.py", line 344, in parse
    loader.exec_module(new_module)
  File "<frozen importlib._bootstrap_external>", line 843, in exec_module
  File "<frozen importlib._bootstrap>", line 219, in _call_with_frames_removed
  File "/opt/airflow/dags/data_pipeline.py", line 11, in <module>
    from pipeline.silver_orders import silver_orders
  File "/opt/airflow/pipeline/silver_orders.py", line 50
    F.col("ingested_timestamp")
    ^
SyntaxError: invalid syntax
[2025-09-10T21:04:12.497+0000] {processor.py:842} WARNING - No viable dags retrieved from /opt/airflow/dags/data_pipeline.py
[2025-09-10T21:04:12.532+0000] {processor.py:183} INFO - Processing /opt/airflow/dags/data_pipeline.py took 0.164 seconds
[2025-09-10T21:04:42.728+0000] {processor.py:161} INFO - Started process (PID=54) to work on /opt/airflow/dags/data_pipeline.py
[2025-09-10T21:04:42.730+0000] {processor.py:830} INFO - Processing file /opt/airflow/dags/data_pipeline.py for tasks to queue
[2025-09-10T21:04:42.733+0000] {logging_mixin.py:188} INFO - [2025-09-10T21:04:42.732+0000] {dagbag.py:538} INFO - Filling up the DagBag from /opt/airflow/dags/data_pipeline.py
[2025-09-10T21:04:42.893+0000] {logging_mixin.py:188} INFO - Pyspark version: 3.5.1
[2025-09-10T21:04:42.901+0000] {logging_mixin.py:188} INFO - [2025-09-10T21:04:42.897+0000] {dagbag.py:348} ERROR - Failed to import: /opt/airflow/dags/data_pipeline.py
Traceback (most recent call last):
  File "/home/airflow/.local/lib/python3.8/site-packages/airflow/models/dagbag.py", line 344, in parse
    loader.exec_module(new_module)
  File "<frozen importlib._bootstrap_external>", line 843, in exec_module
  File "<frozen importlib._bootstrap>", line 219, in _call_with_frames_removed
  File "/opt/airflow/dags/data_pipeline.py", line 11, in <module>
    from pipeline.silver_orders import silver_orders
  File "/opt/airflow/pipeline/silver_orders.py", line 50
    F.col("ingested_timestamp")
    ^
SyntaxError: invalid syntax
[2025-09-10T21:04:42.902+0000] {processor.py:842} WARNING - No viable dags retrieved from /opt/airflow/dags/data_pipeline.py
[2025-09-10T21:04:42.990+0000] {processor.py:183} INFO - Processing /opt/airflow/dags/data_pipeline.py took 0.267 seconds
[2025-09-10T21:05:13.387+0000] {processor.py:161} INFO - Started process (PID=55) to work on /opt/airflow/dags/data_pipeline.py
[2025-09-10T21:05:13.391+0000] {processor.py:830} INFO - Processing file /opt/airflow/dags/data_pipeline.py for tasks to queue
[2025-09-10T21:05:13.395+0000] {logging_mixin.py:188} INFO - [2025-09-10T21:05:13.394+0000] {dagbag.py:538} INFO - Filling up the DagBag from /opt/airflow/dags/data_pipeline.py
[2025-09-10T21:05:13.525+0000] {logging_mixin.py:188} INFO - Pyspark version: 3.5.1
[2025-09-10T21:05:13.530+0000] {logging_mixin.py:188} INFO - [2025-09-10T21:05:13.528+0000] {dagbag.py:348} ERROR - Failed to import: /opt/airflow/dags/data_pipeline.py
Traceback (most recent call last):
  File "/home/airflow/.local/lib/python3.8/site-packages/airflow/models/dagbag.py", line 344, in parse
    loader.exec_module(new_module)
  File "<frozen importlib._bootstrap_external>", line 843, in exec_module
  File "<frozen importlib._bootstrap>", line 219, in _call_with_frames_removed
  File "/opt/airflow/dags/data_pipeline.py", line 11, in <module>
    from pipeline.silver_orders import silver_orders
  File "/opt/airflow/pipeline/silver_orders.py", line 50
    F.col("ingested_timestamp")
    ^
SyntaxError: invalid syntax
[2025-09-10T21:05:13.531+0000] {processor.py:842} WARNING - No viable dags retrieved from /opt/airflow/dags/data_pipeline.py
[2025-09-10T21:05:13.569+0000] {processor.py:183} INFO - Processing /opt/airflow/dags/data_pipeline.py took 0.192 seconds
[2025-09-10T21:05:43.704+0000] {processor.py:161} INFO - Started process (PID=56) to work on /opt/airflow/dags/data_pipeline.py
[2025-09-10T21:05:43.708+0000] {processor.py:830} INFO - Processing file /opt/airflow/dags/data_pipeline.py for tasks to queue
[2025-09-10T21:05:43.715+0000] {logging_mixin.py:188} INFO - [2025-09-10T21:05:43.714+0000] {dagbag.py:538} INFO - Filling up the DagBag from /opt/airflow/dags/data_pipeline.py
[2025-09-10T21:05:43.870+0000] {logging_mixin.py:188} INFO - Pyspark version: 3.5.1
[2025-09-10T21:05:43.877+0000] {logging_mixin.py:188} INFO - [2025-09-10T21:05:43.874+0000] {dagbag.py:348} ERROR - Failed to import: /opt/airflow/dags/data_pipeline.py
Traceback (most recent call last):
  File "/home/airflow/.local/lib/python3.8/site-packages/airflow/models/dagbag.py", line 344, in parse
    loader.exec_module(new_module)
  File "<frozen importlib._bootstrap_external>", line 843, in exec_module
  File "<frozen importlib._bootstrap>", line 219, in _call_with_frames_removed
  File "/opt/airflow/dags/data_pipeline.py", line 11, in <module>
    from pipeline.silver_orders import silver_orders
  File "/opt/airflow/pipeline/silver_orders.py", line 50
    F.col("ingested_timestamp")
    ^
SyntaxError: invalid syntax
[2025-09-10T21:05:43.878+0000] {processor.py:842} WARNING - No viable dags retrieved from /opt/airflow/dags/data_pipeline.py
[2025-09-10T21:05:43.935+0000] {processor.py:183} INFO - Processing /opt/airflow/dags/data_pipeline.py took 0.240 seconds
[2025-09-10T21:06:14.279+0000] {processor.py:161} INFO - Started process (PID=57) to work on /opt/airflow/dags/data_pipeline.py
[2025-09-10T21:06:14.281+0000] {processor.py:830} INFO - Processing file /opt/airflow/dags/data_pipeline.py for tasks to queue
[2025-09-10T21:06:14.287+0000] {logging_mixin.py:188} INFO - [2025-09-10T21:06:14.286+0000] {dagbag.py:538} INFO - Filling up the DagBag from /opt/airflow/dags/data_pipeline.py
[2025-09-10T21:06:14.517+0000] {logging_mixin.py:188} INFO - Pyspark version: 3.5.1
[2025-09-10T21:06:14.525+0000] {logging_mixin.py:188} INFO - [2025-09-10T21:06:14.521+0000] {dagbag.py:348} ERROR - Failed to import: /opt/airflow/dags/data_pipeline.py
Traceback (most recent call last):
  File "/home/airflow/.local/lib/python3.8/site-packages/airflow/models/dagbag.py", line 344, in parse
    loader.exec_module(new_module)
  File "<frozen importlib._bootstrap_external>", line 843, in exec_module
  File "<frozen importlib._bootstrap>", line 219, in _call_with_frames_removed
  File "/opt/airflow/dags/data_pipeline.py", line 11, in <module>
    from pipeline.silver_orders import silver_orders
  File "/opt/airflow/pipeline/silver_orders.py", line 50
    F.col("ingested_timestamp")
    ^
SyntaxError: invalid syntax
[2025-09-10T21:06:14.527+0000] {processor.py:842} WARNING - No viable dags retrieved from /opt/airflow/dags/data_pipeline.py
[2025-09-10T21:06:14.577+0000] {processor.py:183} INFO - Processing /opt/airflow/dags/data_pipeline.py took 0.306 seconds
[2025-09-10T21:06:44.713+0000] {processor.py:161} INFO - Started process (PID=58) to work on /opt/airflow/dags/data_pipeline.py
[2025-09-10T21:06:44.715+0000] {processor.py:830} INFO - Processing file /opt/airflow/dags/data_pipeline.py for tasks to queue
[2025-09-10T21:06:44.722+0000] {logging_mixin.py:188} INFO - [2025-09-10T21:06:44.721+0000] {dagbag.py:538} INFO - Filling up the DagBag from /opt/airflow/dags/data_pipeline.py
[2025-09-10T21:06:44.844+0000] {logging_mixin.py:188} INFO - Pyspark version: 3.5.1
[2025-09-10T21:06:44.850+0000] {logging_mixin.py:188} INFO - [2025-09-10T21:06:44.847+0000] {dagbag.py:348} ERROR - Failed to import: /opt/airflow/dags/data_pipeline.py
Traceback (most recent call last):
  File "/home/airflow/.local/lib/python3.8/site-packages/airflow/models/dagbag.py", line 344, in parse
    loader.exec_module(new_module)
  File "<frozen importlib._bootstrap_external>", line 843, in exec_module
  File "<frozen importlib._bootstrap>", line 219, in _call_with_frames_removed
  File "/opt/airflow/dags/data_pipeline.py", line 11, in <module>
    from pipeline.silver_orders import silver_orders
  File "/opt/airflow/pipeline/silver_orders.py", line 50
    F.col("ingested_timestamp")
    ^
SyntaxError: invalid syntax
[2025-09-10T21:06:44.852+0000] {processor.py:842} WARNING - No viable dags retrieved from /opt/airflow/dags/data_pipeline.py
[2025-09-10T21:06:44.899+0000] {processor.py:183} INFO - Processing /opt/airflow/dags/data_pipeline.py took 0.198 seconds
[2025-09-10T21:07:15.266+0000] {processor.py:161} INFO - Started process (PID=59) to work on /opt/airflow/dags/data_pipeline.py
[2025-09-10T21:07:15.269+0000] {processor.py:830} INFO - Processing file /opt/airflow/dags/data_pipeline.py for tasks to queue
[2025-09-10T21:07:15.277+0000] {logging_mixin.py:188} INFO - [2025-09-10T21:07:15.276+0000] {dagbag.py:538} INFO - Filling up the DagBag from /opt/airflow/dags/data_pipeline.py
[2025-09-10T21:07:15.623+0000] {logging_mixin.py:188} INFO - Pyspark version: 3.5.1
[2025-09-10T21:07:15.654+0000] {logging_mixin.py:188} INFO - [2025-09-10T21:07:15.647+0000] {dagbag.py:348} ERROR - Failed to import: /opt/airflow/dags/data_pipeline.py
Traceback (most recent call last):
  File "/home/airflow/.local/lib/python3.8/site-packages/airflow/models/dagbag.py", line 344, in parse
    loader.exec_module(new_module)
  File "<frozen importlib._bootstrap_external>", line 843, in exec_module
  File "<frozen importlib._bootstrap>", line 219, in _call_with_frames_removed
  File "/opt/airflow/dags/data_pipeline.py", line 11, in <module>
    from pipeline.silver_orders import silver_orders
  File "/opt/airflow/pipeline/silver_orders.py", line 50
    F.col("ingested_timestamp")
    ^
SyntaxError: invalid syntax
[2025-09-10T21:07:15.657+0000] {processor.py:842} WARNING - No viable dags retrieved from /opt/airflow/dags/data_pipeline.py
[2025-09-10T21:07:15.752+0000] {processor.py:183} INFO - Processing /opt/airflow/dags/data_pipeline.py took 0.497 seconds
[2025-09-10T21:07:46.283+0000] {processor.py:161} INFO - Started process (PID=60) to work on /opt/airflow/dags/data_pipeline.py
[2025-09-10T21:07:46.292+0000] {processor.py:830} INFO - Processing file /opt/airflow/dags/data_pipeline.py for tasks to queue
[2025-09-10T21:07:46.304+0000] {logging_mixin.py:188} INFO - [2025-09-10T21:07:46.302+0000] {dagbag.py:538} INFO - Filling up the DagBag from /opt/airflow/dags/data_pipeline.py
[2025-09-10T21:07:46.577+0000] {logging_mixin.py:188} INFO - Pyspark version: 3.5.1
[2025-09-10T21:07:46.585+0000] {logging_mixin.py:188} INFO - [2025-09-10T21:07:46.582+0000] {dagbag.py:348} ERROR - Failed to import: /opt/airflow/dags/data_pipeline.py
Traceback (most recent call last):
  File "/home/airflow/.local/lib/python3.8/site-packages/airflow/models/dagbag.py", line 344, in parse
    loader.exec_module(new_module)
  File "<frozen importlib._bootstrap_external>", line 843, in exec_module
  File "<frozen importlib._bootstrap>", line 219, in _call_with_frames_removed
  File "/opt/airflow/dags/data_pipeline.py", line 11, in <module>
    from pipeline.silver_orders import silver_orders
  File "/opt/airflow/pipeline/silver_orders.py", line 50
    F.col("ingested_timestamp")
    ^
SyntaxError: invalid syntax
[2025-09-10T21:07:46.587+0000] {processor.py:842} WARNING - No viable dags retrieved from /opt/airflow/dags/data_pipeline.py
[2025-09-10T21:07:46.660+0000] {processor.py:183} INFO - Processing /opt/airflow/dags/data_pipeline.py took 0.414 seconds
[2025-09-10T21:08:17.028+0000] {processor.py:161} INFO - Started process (PID=61) to work on /opt/airflow/dags/data_pipeline.py
[2025-09-10T21:08:17.047+0000] {processor.py:830} INFO - Processing file /opt/airflow/dags/data_pipeline.py for tasks to queue
[2025-09-10T21:08:17.077+0000] {logging_mixin.py:188} INFO - [2025-09-10T21:08:17.075+0000] {dagbag.py:538} INFO - Filling up the DagBag from /opt/airflow/dags/data_pipeline.py
[2025-09-10T21:08:18.118+0000] {logging_mixin.py:188} INFO - Pyspark version: 3.5.1
[2025-09-10T21:08:18.137+0000] {logging_mixin.py:188} INFO - [2025-09-10T21:08:18.128+0000] {dagbag.py:348} ERROR - Failed to import: /opt/airflow/dags/data_pipeline.py
Traceback (most recent call last):
  File "/home/airflow/.local/lib/python3.8/site-packages/airflow/models/dagbag.py", line 344, in parse
    loader.exec_module(new_module)
  File "<frozen importlib._bootstrap_external>", line 843, in exec_module
  File "<frozen importlib._bootstrap>", line 219, in _call_with_frames_removed
  File "/opt/airflow/dags/data_pipeline.py", line 11, in <module>
    from pipeline.silver_orders import silver_orders
  File "/opt/airflow/pipeline/silver_orders.py", line 50
    F.col("ingested_timestamp")
    ^
SyntaxError: invalid syntax
[2025-09-10T21:08:18.140+0000] {processor.py:842} WARNING - No viable dags retrieved from /opt/airflow/dags/data_pipeline.py
[2025-09-10T21:08:18.524+0000] {processor.py:183} INFO - Processing /opt/airflow/dags/data_pipeline.py took 1.550 seconds
[2025-09-10T21:08:49.231+0000] {processor.py:161} INFO - Started process (PID=62) to work on /opt/airflow/dags/data_pipeline.py
[2025-09-10T21:08:49.233+0000] {processor.py:830} INFO - Processing file /opt/airflow/dags/data_pipeline.py for tasks to queue
[2025-09-10T21:08:49.238+0000] {logging_mixin.py:188} INFO - [2025-09-10T21:08:49.238+0000] {dagbag.py:538} INFO - Filling up the DagBag from /opt/airflow/dags/data_pipeline.py
[2025-09-10T21:08:49.357+0000] {logging_mixin.py:188} INFO - Pyspark version: 3.5.1
[2025-09-10T21:08:49.361+0000] {logging_mixin.py:188} INFO - [2025-09-10T21:08:49.360+0000] {dagbag.py:348} ERROR - Failed to import: /opt/airflow/dags/data_pipeline.py
Traceback (most recent call last):
  File "/home/airflow/.local/lib/python3.8/site-packages/airflow/models/dagbag.py", line 344, in parse
    loader.exec_module(new_module)
  File "<frozen importlib._bootstrap_external>", line 843, in exec_module
  File "<frozen importlib._bootstrap>", line 219, in _call_with_frames_removed
  File "/opt/airflow/dags/data_pipeline.py", line 11, in <module>
    from pipeline.silver_orders import silver_orders
  File "/opt/airflow/pipeline/silver_orders.py", line 50
    F.col("ingested_timestamp")
    ^
SyntaxError: invalid syntax
[2025-09-10T21:08:49.362+0000] {processor.py:842} WARNING - No viable dags retrieved from /opt/airflow/dags/data_pipeline.py
[2025-09-10T21:08:49.420+0000] {processor.py:183} INFO - Processing /opt/airflow/dags/data_pipeline.py took 0.201 seconds
[2025-09-10T21:09:19.613+0000] {processor.py:161} INFO - Started process (PID=63) to work on /opt/airflow/dags/data_pipeline.py
[2025-09-10T21:09:19.616+0000] {processor.py:830} INFO - Processing file /opt/airflow/dags/data_pipeline.py for tasks to queue
[2025-09-10T21:09:19.626+0000] {logging_mixin.py:188} INFO - [2025-09-10T21:09:19.624+0000] {dagbag.py:538} INFO - Filling up the DagBag from /opt/airflow/dags/data_pipeline.py
[2025-09-10T21:09:19.838+0000] {logging_mixin.py:188} INFO - Pyspark version: 3.5.1
[2025-09-10T21:09:19.845+0000] {logging_mixin.py:188} INFO - [2025-09-10T21:09:19.842+0000] {dagbag.py:348} ERROR - Failed to import: /opt/airflow/dags/data_pipeline.py
Traceback (most recent call last):
  File "/home/airflow/.local/lib/python3.8/site-packages/airflow/models/dagbag.py", line 344, in parse
    loader.exec_module(new_module)
  File "<frozen importlib._bootstrap_external>", line 843, in exec_module
  File "<frozen importlib._bootstrap>", line 219, in _call_with_frames_removed
  File "/opt/airflow/dags/data_pipeline.py", line 11, in <module>
    from pipeline.silver_orders import silver_orders
  File "/opt/airflow/pipeline/silver_orders.py", line 50
    F.col("ingested_timestamp")
    ^
SyntaxError: invalid syntax
[2025-09-10T21:09:19.846+0000] {processor.py:842} WARNING - No viable dags retrieved from /opt/airflow/dags/data_pipeline.py
[2025-09-10T21:09:24.684+0000] {processor.py:183} INFO - Processing /opt/airflow/dags/data_pipeline.py took 5.080 seconds
[2025-09-10T21:09:55.009+0000] {processor.py:161} INFO - Started process (PID=64) to work on /opt/airflow/dags/data_pipeline.py
[2025-09-10T21:09:55.012+0000] {processor.py:830} INFO - Processing file /opt/airflow/dags/data_pipeline.py for tasks to queue
[2025-09-10T21:09:55.020+0000] {logging_mixin.py:188} INFO - [2025-09-10T21:09:55.019+0000] {dagbag.py:538} INFO - Filling up the DagBag from /opt/airflow/dags/data_pipeline.py
[2025-09-10T21:09:55.145+0000] {logging_mixin.py:188} INFO - Pyspark version: 3.5.1
[2025-09-10T21:09:55.150+0000] {logging_mixin.py:188} INFO - [2025-09-10T21:09:55.148+0000] {dagbag.py:348} ERROR - Failed to import: /opt/airflow/dags/data_pipeline.py
Traceback (most recent call last):
  File "/home/airflow/.local/lib/python3.8/site-packages/airflow/models/dagbag.py", line 344, in parse
    loader.exec_module(new_module)
  File "<frozen importlib._bootstrap_external>", line 843, in exec_module
  File "<frozen importlib._bootstrap>", line 219, in _call_with_frames_removed
  File "/opt/airflow/dags/data_pipeline.py", line 11, in <module>
    from pipeline.silver_orders import silver_orders
  File "/opt/airflow/pipeline/silver_orders.py", line 50
    F.col("ingested_timestamp")
    ^
SyntaxError: invalid syntax
[2025-09-10T21:09:55.152+0000] {processor.py:842} WARNING - No viable dags retrieved from /opt/airflow/dags/data_pipeline.py
[2025-09-10T21:09:55.203+0000] {processor.py:183} INFO - Processing /opt/airflow/dags/data_pipeline.py took 0.201 seconds
[2025-09-10T21:10:25.399+0000] {processor.py:161} INFO - Started process (PID=65) to work on /opt/airflow/dags/data_pipeline.py
[2025-09-10T21:10:25.406+0000] {processor.py:830} INFO - Processing file /opt/airflow/dags/data_pipeline.py for tasks to queue
[2025-09-10T21:10:25.427+0000] {logging_mixin.py:188} INFO - [2025-09-10T21:10:25.425+0000] {dagbag.py:538} INFO - Filling up the DagBag from /opt/airflow/dags/data_pipeline.py
[2025-09-10T21:10:25.662+0000] {logging_mixin.py:188} INFO - Pyspark version: 3.5.1
[2025-09-10T21:10:25.670+0000] {logging_mixin.py:188} INFO - [2025-09-10T21:10:25.667+0000] {dagbag.py:348} ERROR - Failed to import: /opt/airflow/dags/data_pipeline.py
Traceback (most recent call last):
  File "/home/airflow/.local/lib/python3.8/site-packages/airflow/models/dagbag.py", line 344, in parse
    loader.exec_module(new_module)
  File "<frozen importlib._bootstrap_external>", line 843, in exec_module
  File "<frozen importlib._bootstrap>", line 219, in _call_with_frames_removed
  File "/opt/airflow/dags/data_pipeline.py", line 11, in <module>
    from pipeline.silver_orders import silver_orders
  File "/opt/airflow/pipeline/silver_orders.py", line 50
    F.col("ingested_timestamp")
    ^
SyntaxError: invalid syntax
[2025-09-10T21:10:25.671+0000] {processor.py:842} WARNING - No viable dags retrieved from /opt/airflow/dags/data_pipeline.py
[2025-09-10T21:10:25.748+0000] {processor.py:183} INFO - Processing /opt/airflow/dags/data_pipeline.py took 0.374 seconds
[2025-09-10T21:10:56.023+0000] {processor.py:161} INFO - Started process (PID=66) to work on /opt/airflow/dags/data_pipeline.py
[2025-09-10T21:10:56.040+0000] {processor.py:830} INFO - Processing file /opt/airflow/dags/data_pipeline.py for tasks to queue
[2025-09-10T21:10:56.061+0000] {logging_mixin.py:188} INFO - [2025-09-10T21:10:56.058+0000] {dagbag.py:538} INFO - Filling up the DagBag from /opt/airflow/dags/data_pipeline.py
[2025-09-10T21:10:56.784+0000] {logging_mixin.py:188} INFO - Pyspark version: 3.5.1
[2025-09-10T21:10:56.798+0000] {logging_mixin.py:188} INFO - [2025-09-10T21:10:56.792+0000] {dagbag.py:348} ERROR - Failed to import: /opt/airflow/dags/data_pipeline.py
Traceback (most recent call last):
  File "/home/airflow/.local/lib/python3.8/site-packages/airflow/models/dagbag.py", line 344, in parse
    loader.exec_module(new_module)
  File "<frozen importlib._bootstrap_external>", line 843, in exec_module
  File "<frozen importlib._bootstrap>", line 219, in _call_with_frames_removed
  File "/opt/airflow/dags/data_pipeline.py", line 11, in <module>
    from pipeline.silver_orders import silver_orders
  File "/opt/airflow/pipeline/silver_orders.py", line 50
    F.col("ingested_timestamp")
    ^
SyntaxError: invalid syntax
[2025-09-10T21:10:56.801+0000] {processor.py:842} WARNING - No viable dags retrieved from /opt/airflow/dags/data_pipeline.py
[2025-09-10T21:10:56.934+0000] {processor.py:183} INFO - Processing /opt/airflow/dags/data_pipeline.py took 0.939 seconds
[2025-09-10T21:11:27.351+0000] {processor.py:161} INFO - Started process (PID=67) to work on /opt/airflow/dags/data_pipeline.py
[2025-09-10T21:11:27.357+0000] {processor.py:830} INFO - Processing file /opt/airflow/dags/data_pipeline.py for tasks to queue
[2025-09-10T21:11:27.363+0000] {logging_mixin.py:188} INFO - [2025-09-10T21:11:27.362+0000] {dagbag.py:538} INFO - Filling up the DagBag from /opt/airflow/dags/data_pipeline.py
[2025-09-10T21:11:27.479+0000] {logging_mixin.py:188} INFO - Pyspark version: 3.5.1
[2025-09-10T21:11:27.483+0000] {logging_mixin.py:188} INFO - [2025-09-10T21:11:27.481+0000] {dagbag.py:348} ERROR - Failed to import: /opt/airflow/dags/data_pipeline.py
Traceback (most recent call last):
  File "/home/airflow/.local/lib/python3.8/site-packages/airflow/models/dagbag.py", line 344, in parse
    loader.exec_module(new_module)
  File "<frozen importlib._bootstrap_external>", line 843, in exec_module
  File "<frozen importlib._bootstrap>", line 219, in _call_with_frames_removed
  File "/opt/airflow/dags/data_pipeline.py", line 11, in <module>
    from pipeline.silver_orders import silver_orders
  File "/opt/airflow/pipeline/silver_orders.py", line 50
    F.col("ingested_timestamp")
    ^
SyntaxError: invalid syntax
[2025-09-10T21:11:27.484+0000] {processor.py:842} WARNING - No viable dags retrieved from /opt/airflow/dags/data_pipeline.py
[2025-09-10T21:11:27.517+0000] {processor.py:183} INFO - Processing /opt/airflow/dags/data_pipeline.py took 0.182 seconds
[2025-09-10T21:11:57.819+0000] {processor.py:161} INFO - Started process (PID=68) to work on /opt/airflow/dags/data_pipeline.py
[2025-09-10T21:11:57.821+0000] {processor.py:830} INFO - Processing file /opt/airflow/dags/data_pipeline.py for tasks to queue
[2025-09-10T21:11:57.825+0000] {logging_mixin.py:188} INFO - [2025-09-10T21:11:57.825+0000] {dagbag.py:538} INFO - Filling up the DagBag from /opt/airflow/dags/data_pipeline.py
[2025-09-10T21:11:57.930+0000] {logging_mixin.py:188} INFO - Pyspark version: 3.5.1
[2025-09-10T21:11:57.935+0000] {logging_mixin.py:188} INFO - [2025-09-10T21:11:57.933+0000] {dagbag.py:348} ERROR - Failed to import: /opt/airflow/dags/data_pipeline.py
Traceback (most recent call last):
  File "/home/airflow/.local/lib/python3.8/site-packages/airflow/models/dagbag.py", line 344, in parse
    loader.exec_module(new_module)
  File "<frozen importlib._bootstrap_external>", line 843, in exec_module
  File "<frozen importlib._bootstrap>", line 219, in _call_with_frames_removed
  File "/opt/airflow/dags/data_pipeline.py", line 11, in <module>
    from pipeline.silver_orders import silver_orders
  File "/opt/airflow/pipeline/silver_orders.py", line 50
    F.col("ingested_timestamp")
    ^
SyntaxError: invalid syntax
[2025-09-10T21:11:57.936+0000] {processor.py:842} WARNING - No viable dags retrieved from /opt/airflow/dags/data_pipeline.py
[2025-09-10T21:11:57.972+0000] {processor.py:183} INFO - Processing /opt/airflow/dags/data_pipeline.py took 0.162 seconds
[2025-09-10T21:12:28.201+0000] {processor.py:161} INFO - Started process (PID=69) to work on /opt/airflow/dags/data_pipeline.py
[2025-09-10T21:12:28.208+0000] {processor.py:830} INFO - Processing file /opt/airflow/dags/data_pipeline.py for tasks to queue
[2025-09-10T21:12:28.220+0000] {logging_mixin.py:188} INFO - [2025-09-10T21:12:28.219+0000] {dagbag.py:538} INFO - Filling up the DagBag from /opt/airflow/dags/data_pipeline.py
[2025-09-10T21:12:29.675+0000] {logging_mixin.py:188} INFO - Pyspark version: 3.5.1
[2025-09-10T21:12:29.693+0000] {logging_mixin.py:188} INFO - [2025-09-10T21:12:29.684+0000] {dagbag.py:348} ERROR - Failed to import: /opt/airflow/dags/data_pipeline.py
Traceback (most recent call last):
  File "/home/airflow/.local/lib/python3.8/site-packages/airflow/models/dagbag.py", line 344, in parse
    loader.exec_module(new_module)
  File "<frozen importlib._bootstrap_external>", line 843, in exec_module
  File "<frozen importlib._bootstrap>", line 219, in _call_with_frames_removed
  File "/opt/airflow/dags/data_pipeline.py", line 11, in <module>
    from pipeline.silver_orders import silver_orders
  File "/opt/airflow/pipeline/silver_orders.py", line 50
    F.col("ingested_timestamp")
    ^
SyntaxError: invalid syntax
[2025-09-10T21:12:29.697+0000] {processor.py:842} WARNING - No viable dags retrieved from /opt/airflow/dags/data_pipeline.py
[2025-09-10T21:12:30.029+0000] {processor.py:183} INFO - Processing /opt/airflow/dags/data_pipeline.py took 1.853 seconds
[2025-09-10T21:13:00.361+0000] {processor.py:161} INFO - Started process (PID=70) to work on /opt/airflow/dags/data_pipeline.py
[2025-09-10T21:13:00.370+0000] {processor.py:830} INFO - Processing file /opt/airflow/dags/data_pipeline.py for tasks to queue
[2025-09-10T21:13:00.394+0000] {logging_mixin.py:188} INFO - [2025-09-10T21:13:00.391+0000] {dagbag.py:538} INFO - Filling up the DagBag from /opt/airflow/dags/data_pipeline.py
[2025-09-10T21:13:01.269+0000] {logging_mixin.py:188} INFO - Pyspark version: 3.5.1
[2025-09-10T21:13:01.288+0000] {logging_mixin.py:188} INFO - [2025-09-10T21:13:01.281+0000] {dagbag.py:348} ERROR - Failed to import: /opt/airflow/dags/data_pipeline.py
Traceback (most recent call last):
  File "/home/airflow/.local/lib/python3.8/site-packages/airflow/models/dagbag.py", line 344, in parse
    loader.exec_module(new_module)
  File "<frozen importlib._bootstrap_external>", line 843, in exec_module
  File "<frozen importlib._bootstrap>", line 219, in _call_with_frames_removed
  File "/opt/airflow/dags/data_pipeline.py", line 11, in <module>
    from pipeline.silver_orders import silver_orders
  File "/opt/airflow/pipeline/silver_orders.py", line 50
    F.col("ingested_timestamp")
    ^
SyntaxError: invalid syntax
[2025-09-10T21:13:01.292+0000] {processor.py:842} WARNING - No viable dags retrieved from /opt/airflow/dags/data_pipeline.py
[2025-09-10T21:13:01.461+0000] {processor.py:183} INFO - Processing /opt/airflow/dags/data_pipeline.py took 1.139 seconds
[2025-09-10T21:13:32.166+0000] {processor.py:161} INFO - Started process (PID=71) to work on /opt/airflow/dags/data_pipeline.py
[2025-09-10T21:13:32.171+0000] {processor.py:830} INFO - Processing file /opt/airflow/dags/data_pipeline.py for tasks to queue
[2025-09-10T21:13:32.186+0000] {logging_mixin.py:188} INFO - [2025-09-10T21:13:32.184+0000] {dagbag.py:538} INFO - Filling up the DagBag from /opt/airflow/dags/data_pipeline.py
[2025-09-10T21:13:32.863+0000] {logging_mixin.py:188} INFO - Pyspark version: 3.5.1
[2025-09-10T21:13:32.882+0000] {logging_mixin.py:188} INFO - [2025-09-10T21:13:32.873+0000] {dagbag.py:348} ERROR - Failed to import: /opt/airflow/dags/data_pipeline.py
Traceback (most recent call last):
  File "/home/airflow/.local/lib/python3.8/site-packages/airflow/models/dagbag.py", line 344, in parse
    loader.exec_module(new_module)
  File "<frozen importlib._bootstrap_external>", line 843, in exec_module
  File "<frozen importlib._bootstrap>", line 219, in _call_with_frames_removed
  File "/opt/airflow/dags/data_pipeline.py", line 11, in <module>
    from pipeline.silver_orders import silver_orders
  File "/opt/airflow/pipeline/silver_orders.py", line 50
    F.col("ingested_timestamp")
    ^
SyntaxError: invalid syntax
[2025-09-10T21:13:32.890+0000] {processor.py:842} WARNING - No viable dags retrieved from /opt/airflow/dags/data_pipeline.py
[2025-09-10T21:13:33.065+0000] {processor.py:183} INFO - Processing /opt/airflow/dags/data_pipeline.py took 0.925 seconds
[2025-09-10T21:14:03.315+0000] {processor.py:161} INFO - Started process (PID=72) to work on /opt/airflow/dags/data_pipeline.py
[2025-09-10T21:14:03.320+0000] {processor.py:830} INFO - Processing file /opt/airflow/dags/data_pipeline.py for tasks to queue
[2025-09-10T21:14:03.335+0000] {logging_mixin.py:188} INFO - [2025-09-10T21:14:03.333+0000] {dagbag.py:538} INFO - Filling up the DagBag from /opt/airflow/dags/data_pipeline.py
[2025-09-10T21:14:03.892+0000] {logging_mixin.py:188} INFO - Pyspark version: 3.5.1
[2025-09-10T21:14:03.916+0000] {logging_mixin.py:188} INFO - [2025-09-10T21:14:03.903+0000] {dagbag.py:348} ERROR - Failed to import: /opt/airflow/dags/data_pipeline.py
Traceback (most recent call last):
  File "/home/airflow/.local/lib/python3.8/site-packages/airflow/models/dagbag.py", line 344, in parse
    loader.exec_module(new_module)
  File "<frozen importlib._bootstrap_external>", line 843, in exec_module
  File "<frozen importlib._bootstrap>", line 219, in _call_with_frames_removed
  File "/opt/airflow/dags/data_pipeline.py", line 11, in <module>
    from pipeline.silver_orders import silver_orders
  File "/opt/airflow/pipeline/silver_orders.py", line 50
    F.col("ingested_timestamp")
    ^
SyntaxError: invalid syntax
[2025-09-10T21:14:03.919+0000] {processor.py:842} WARNING - No viable dags retrieved from /opt/airflow/dags/data_pipeline.py
[2025-09-10T21:14:04.101+0000] {processor.py:183} INFO - Processing /opt/airflow/dags/data_pipeline.py took 0.813 seconds
[2025-09-10T21:14:34.367+0000] {processor.py:161} INFO - Started process (PID=73) to work on /opt/airflow/dags/data_pipeline.py
[2025-09-10T21:14:34.371+0000] {processor.py:830} INFO - Processing file /opt/airflow/dags/data_pipeline.py for tasks to queue
[2025-09-10T21:14:34.377+0000] {logging_mixin.py:188} INFO - [2025-09-10T21:14:34.377+0000] {dagbag.py:538} INFO - Filling up the DagBag from /opt/airflow/dags/data_pipeline.py
[2025-09-10T21:14:34.536+0000] {logging_mixin.py:188} INFO - Pyspark version: 3.5.1
[2025-09-10T21:14:34.546+0000] {logging_mixin.py:188} INFO - [2025-09-10T21:14:34.544+0000] {dagbag.py:348} ERROR - Failed to import: /opt/airflow/dags/data_pipeline.py
Traceback (most recent call last):
  File "/home/airflow/.local/lib/python3.8/site-packages/airflow/models/dagbag.py", line 344, in parse
    loader.exec_module(new_module)
  File "<frozen importlib._bootstrap_external>", line 843, in exec_module
  File "<frozen importlib._bootstrap>", line 219, in _call_with_frames_removed
  File "/opt/airflow/dags/data_pipeline.py", line 11, in <module>
    from pipeline.silver_orders import silver_orders
  File "/opt/airflow/pipeline/silver_orders.py", line 50
    F.col("ingested_timestamp")
    ^
SyntaxError: invalid syntax
[2025-09-10T21:14:34.547+0000] {processor.py:842} WARNING - No viable dags retrieved from /opt/airflow/dags/data_pipeline.py
[2025-09-10T21:14:34.590+0000] {processor.py:183} INFO - Processing /opt/airflow/dags/data_pipeline.py took 0.235 seconds
[2025-09-10T21:15:04.657+0000] {processor.py:161} INFO - Started process (PID=74) to work on /opt/airflow/dags/data_pipeline.py
[2025-09-10T21:15:04.660+0000] {processor.py:830} INFO - Processing file /opt/airflow/dags/data_pipeline.py for tasks to queue
[2025-09-10T21:15:04.667+0000] {logging_mixin.py:188} INFO - [2025-09-10T21:15:04.666+0000] {dagbag.py:538} INFO - Filling up the DagBag from /opt/airflow/dags/data_pipeline.py
[2025-09-10T21:15:04.857+0000] {logging_mixin.py:188} INFO - Pyspark version: 3.5.1
[2025-09-10T21:15:04.867+0000] {logging_mixin.py:188} INFO - [2025-09-10T21:15:04.865+0000] {dagbag.py:348} ERROR - Failed to import: /opt/airflow/dags/data_pipeline.py
Traceback (most recent call last):
  File "/home/airflow/.local/lib/python3.8/site-packages/airflow/models/dagbag.py", line 344, in parse
    loader.exec_module(new_module)
  File "<frozen importlib._bootstrap_external>", line 843, in exec_module
  File "<frozen importlib._bootstrap>", line 219, in _call_with_frames_removed
  File "/opt/airflow/dags/data_pipeline.py", line 11, in <module>
    from pipeline.silver_orders import silver_orders
  File "/opt/airflow/pipeline/silver_orders.py", line 50
    F.col("ingested_timestamp")
    ^
SyntaxError: invalid syntax
[2025-09-10T21:15:04.868+0000] {processor.py:842} WARNING - No viable dags retrieved from /opt/airflow/dags/data_pipeline.py
[2025-09-10T21:15:04.939+0000] {processor.py:183} INFO - Processing /opt/airflow/dags/data_pipeline.py took 0.290 seconds
[2025-09-10T21:15:35.272+0000] {processor.py:161} INFO - Started process (PID=75) to work on /opt/airflow/dags/data_pipeline.py
[2025-09-10T21:15:35.274+0000] {processor.py:830} INFO - Processing file /opt/airflow/dags/data_pipeline.py for tasks to queue
[2025-09-10T21:15:35.278+0000] {logging_mixin.py:188} INFO - [2025-09-10T21:15:35.278+0000] {dagbag.py:538} INFO - Filling up the DagBag from /opt/airflow/dags/data_pipeline.py
[2025-09-10T21:15:35.372+0000] {logging_mixin.py:188} INFO - Pyspark version: 3.5.1
[2025-09-10T21:15:35.377+0000] {logging_mixin.py:188} INFO - [2025-09-10T21:15:35.375+0000] {dagbag.py:348} ERROR - Failed to import: /opt/airflow/dags/data_pipeline.py
Traceback (most recent call last):
  File "/home/airflow/.local/lib/python3.8/site-packages/airflow/models/dagbag.py", line 344, in parse
    loader.exec_module(new_module)
  File "<frozen importlib._bootstrap_external>", line 843, in exec_module
  File "<frozen importlib._bootstrap>", line 219, in _call_with_frames_removed
  File "/opt/airflow/dags/data_pipeline.py", line 11, in <module>
    from pipeline.silver_orders import silver_orders
  File "/opt/airflow/pipeline/silver_orders.py", line 50
    F.col("ingested_timestamp")
    ^
SyntaxError: invalid syntax
[2025-09-10T21:15:35.377+0000] {processor.py:842} WARNING - No viable dags retrieved from /opt/airflow/dags/data_pipeline.py
[2025-09-10T21:15:35.408+0000] {processor.py:183} INFO - Processing /opt/airflow/dags/data_pipeline.py took 0.145 seconds
[2025-09-10T21:16:05.605+0000] {processor.py:161} INFO - Started process (PID=76) to work on /opt/airflow/dags/data_pipeline.py
[2025-09-10T21:16:05.608+0000] {processor.py:830} INFO - Processing file /opt/airflow/dags/data_pipeline.py for tasks to queue
[2025-09-10T21:16:05.616+0000] {logging_mixin.py:188} INFO - [2025-09-10T21:16:05.614+0000] {dagbag.py:538} INFO - Filling up the DagBag from /opt/airflow/dags/data_pipeline.py
[2025-09-10T21:16:05.856+0000] {logging_mixin.py:188} INFO - Pyspark version: 3.5.1
[2025-09-10T21:16:05.863+0000] {logging_mixin.py:188} INFO - [2025-09-10T21:16:05.860+0000] {dagbag.py:348} ERROR - Failed to import: /opt/airflow/dags/data_pipeline.py
Traceback (most recent call last):
  File "/home/airflow/.local/lib/python3.8/site-packages/airflow/models/dagbag.py", line 344, in parse
    loader.exec_module(new_module)
  File "<frozen importlib._bootstrap_external>", line 843, in exec_module
  File "<frozen importlib._bootstrap>", line 219, in _call_with_frames_removed
  File "/opt/airflow/dags/data_pipeline.py", line 11, in <module>
    from pipeline.silver_orders import silver_orders
  File "/opt/airflow/pipeline/silver_orders.py", line 50
    F.col("ingested_timestamp")
    ^
SyntaxError: invalid syntax
[2025-09-10T21:16:05.864+0000] {processor.py:842} WARNING - No viable dags retrieved from /opt/airflow/dags/data_pipeline.py
[2025-09-10T21:16:05.920+0000] {processor.py:183} INFO - Processing /opt/airflow/dags/data_pipeline.py took 0.330 seconds
[2025-09-10T21:16:36.138+0000] {processor.py:161} INFO - Started process (PID=77) to work on /opt/airflow/dags/data_pipeline.py
[2025-09-10T21:16:36.143+0000] {processor.py:830} INFO - Processing file /opt/airflow/dags/data_pipeline.py for tasks to queue
[2025-09-10T21:16:36.155+0000] {logging_mixin.py:188} INFO - [2025-09-10T21:16:36.154+0000] {dagbag.py:538} INFO - Filling up the DagBag from /opt/airflow/dags/data_pipeline.py
[2025-09-10T21:16:36.566+0000] {logging_mixin.py:188} INFO - Pyspark version: 3.5.1
[2025-09-10T21:16:36.573+0000] {logging_mixin.py:188} INFO - [2025-09-10T21:16:36.570+0000] {dagbag.py:348} ERROR - Failed to import: /opt/airflow/dags/data_pipeline.py
Traceback (most recent call last):
  File "/home/airflow/.local/lib/python3.8/site-packages/airflow/models/dagbag.py", line 344, in parse
    loader.exec_module(new_module)
  File "<frozen importlib._bootstrap_external>", line 843, in exec_module
  File "<frozen importlib._bootstrap>", line 219, in _call_with_frames_removed
  File "/opt/airflow/dags/data_pipeline.py", line 11, in <module>
    from pipeline.silver_orders import silver_orders
  File "/opt/airflow/pipeline/silver_orders.py", line 50
    F.col("ingested_timestamp")
    ^
SyntaxError: invalid syntax
[2025-09-10T21:16:36.573+0000] {processor.py:842} WARNING - No viable dags retrieved from /opt/airflow/dags/data_pipeline.py
[2025-09-10T21:16:36.629+0000] {processor.py:183} INFO - Processing /opt/airflow/dags/data_pipeline.py took 0.504 seconds
[2025-09-10T21:17:07.377+0000] {processor.py:161} INFO - Started process (PID=78) to work on /opt/airflow/dags/data_pipeline.py
[2025-09-10T21:17:07.382+0000] {processor.py:830} INFO - Processing file /opt/airflow/dags/data_pipeline.py for tasks to queue
[2025-09-10T21:17:07.397+0000] {logging_mixin.py:188} INFO - [2025-09-10T21:17:07.395+0000] {dagbag.py:538} INFO - Filling up the DagBag from /opt/airflow/dags/data_pipeline.py
[2025-09-10T21:17:07.571+0000] {logging_mixin.py:188} INFO - Pyspark version: 3.5.1
[2025-09-10T21:17:07.580+0000] {logging_mixin.py:188} INFO - [2025-09-10T21:17:07.576+0000] {dagbag.py:348} ERROR - Failed to import: /opt/airflow/dags/data_pipeline.py
Traceback (most recent call last):
  File "/home/airflow/.local/lib/python3.8/site-packages/airflow/models/dagbag.py", line 344, in parse
    loader.exec_module(new_module)
  File "<frozen importlib._bootstrap_external>", line 843, in exec_module
  File "<frozen importlib._bootstrap>", line 219, in _call_with_frames_removed
  File "/opt/airflow/dags/data_pipeline.py", line 11, in <module>
    from pipeline.silver_orders import silver_orders
  File "/opt/airflow/pipeline/silver_orders.py", line 50
    F.col("ingested_timestamp")
    ^
SyntaxError: invalid syntax
[2025-09-10T21:17:07.581+0000] {processor.py:842} WARNING - No viable dags retrieved from /opt/airflow/dags/data_pipeline.py
[2025-09-10T21:17:07.714+0000] {processor.py:183} INFO - Processing /opt/airflow/dags/data_pipeline.py took 0.348 seconds
[2025-09-10T21:17:37.966+0000] {processor.py:161} INFO - Started process (PID=79) to work on /opt/airflow/dags/data_pipeline.py
[2025-09-10T21:17:37.971+0000] {processor.py:830} INFO - Processing file /opt/airflow/dags/data_pipeline.py for tasks to queue
[2025-09-10T21:17:37.984+0000] {logging_mixin.py:188} INFO - [2025-09-10T21:17:37.983+0000] {dagbag.py:538} INFO - Filling up the DagBag from /opt/airflow/dags/data_pipeline.py
[2025-09-10T21:17:38.169+0000] {logging_mixin.py:188} INFO - Pyspark version: 3.5.1
[2025-09-10T21:17:38.175+0000] {logging_mixin.py:188} INFO - [2025-09-10T21:17:38.173+0000] {dagbag.py:348} ERROR - Failed to import: /opt/airflow/dags/data_pipeline.py
Traceback (most recent call last):
  File "/home/airflow/.local/lib/python3.8/site-packages/airflow/models/dagbag.py", line 344, in parse
    loader.exec_module(new_module)
  File "<frozen importlib._bootstrap_external>", line 843, in exec_module
  File "<frozen importlib._bootstrap>", line 219, in _call_with_frames_removed
  File "/opt/airflow/dags/data_pipeline.py", line 11, in <module>
    from pipeline.silver_orders import silver_orders
  File "/opt/airflow/pipeline/silver_orders.py", line 50
    F.col("ingested_timestamp")
    ^
SyntaxError: invalid syntax
[2025-09-10T21:17:38.177+0000] {processor.py:842} WARNING - No viable dags retrieved from /opt/airflow/dags/data_pipeline.py
[2025-09-10T21:17:38.231+0000] {processor.py:183} INFO - Processing /opt/airflow/dags/data_pipeline.py took 0.289 seconds
[2025-09-10T21:18:08.570+0000] {processor.py:161} INFO - Started process (PID=80) to work on /opt/airflow/dags/data_pipeline.py
[2025-09-10T21:18:08.573+0000] {processor.py:830} INFO - Processing file /opt/airflow/dags/data_pipeline.py for tasks to queue
[2025-09-10T21:18:08.580+0000] {logging_mixin.py:188} INFO - [2025-09-10T21:18:08.579+0000] {dagbag.py:538} INFO - Filling up the DagBag from /opt/airflow/dags/data_pipeline.py
[2025-09-10T21:18:08.847+0000] {logging_mixin.py:188} INFO - Pyspark version: 3.5.1
[2025-09-10T21:18:08.860+0000] {logging_mixin.py:188} INFO - [2025-09-10T21:18:08.853+0000] {dagbag.py:348} ERROR - Failed to import: /opt/airflow/dags/data_pipeline.py
Traceback (most recent call last):
  File "/home/airflow/.local/lib/python3.8/site-packages/airflow/models/dagbag.py", line 344, in parse
    loader.exec_module(new_module)
  File "<frozen importlib._bootstrap_external>", line 843, in exec_module
  File "<frozen importlib._bootstrap>", line 219, in _call_with_frames_removed
  File "/opt/airflow/dags/data_pipeline.py", line 11, in <module>
    from pipeline.silver_orders import silver_orders
  File "/opt/airflow/pipeline/silver_orders.py", line 50
    F.col("ingested_timestamp")
    ^
SyntaxError: invalid syntax
[2025-09-10T21:18:08.861+0000] {processor.py:842} WARNING - No viable dags retrieved from /opt/airflow/dags/data_pipeline.py
[2025-09-10T21:18:09.293+0000] {processor.py:183} INFO - Processing /opt/airflow/dags/data_pipeline.py took 0.734 seconds
[2025-09-10T21:18:39.671+0000] {processor.py:161} INFO - Started process (PID=81) to work on /opt/airflow/dags/data_pipeline.py
[2025-09-10T21:18:39.674+0000] {processor.py:830} INFO - Processing file /opt/airflow/dags/data_pipeline.py for tasks to queue
[2025-09-10T21:18:39.681+0000] {logging_mixin.py:188} INFO - [2025-09-10T21:18:39.680+0000] {dagbag.py:538} INFO - Filling up the DagBag from /opt/airflow/dags/data_pipeline.py
[2025-09-10T21:18:40.029+0000] {logging_mixin.py:188} INFO - Pyspark version: 3.5.1
[2025-09-10T21:18:40.038+0000] {logging_mixin.py:188} INFO - [2025-09-10T21:18:40.034+0000] {dagbag.py:348} ERROR - Failed to import: /opt/airflow/dags/data_pipeline.py
Traceback (most recent call last):
  File "/home/airflow/.local/lib/python3.8/site-packages/airflow/models/dagbag.py", line 344, in parse
    loader.exec_module(new_module)
  File "<frozen importlib._bootstrap_external>", line 843, in exec_module
  File "<frozen importlib._bootstrap>", line 219, in _call_with_frames_removed
  File "/opt/airflow/dags/data_pipeline.py", line 11, in <module>
    from pipeline.silver_orders import silver_orders
  File "/opt/airflow/pipeline/silver_orders.py", line 50
    F.col("ingested_timestamp")
    ^
SyntaxError: invalid syntax
[2025-09-10T21:18:40.040+0000] {processor.py:842} WARNING - No viable dags retrieved from /opt/airflow/dags/data_pipeline.py
[2025-09-10T21:18:40.116+0000] {processor.py:183} INFO - Processing /opt/airflow/dags/data_pipeline.py took 0.458 seconds
[2025-09-10T21:19:10.235+0000] {processor.py:161} INFO - Started process (PID=82) to work on /opt/airflow/dags/data_pipeline.py
[2025-09-10T21:19:10.238+0000] {processor.py:830} INFO - Processing file /opt/airflow/dags/data_pipeline.py for tasks to queue
[2025-09-10T21:19:10.246+0000] {logging_mixin.py:188} INFO - [2025-09-10T21:19:10.245+0000] {dagbag.py:538} INFO - Filling up the DagBag from /opt/airflow/dags/data_pipeline.py
[2025-09-10T21:19:10.450+0000] {logging_mixin.py:188} INFO - Pyspark version: 3.5.1
[2025-09-10T21:19:10.457+0000] {logging_mixin.py:188} INFO - [2025-09-10T21:19:10.454+0000] {dagbag.py:348} ERROR - Failed to import: /opt/airflow/dags/data_pipeline.py
Traceback (most recent call last):
  File "/home/airflow/.local/lib/python3.8/site-packages/airflow/models/dagbag.py", line 344, in parse
    loader.exec_module(new_module)
  File "<frozen importlib._bootstrap_external>", line 843, in exec_module
  File "<frozen importlib._bootstrap>", line 219, in _call_with_frames_removed
  File "/opt/airflow/dags/data_pipeline.py", line 11, in <module>
    from pipeline.silver_orders import silver_orders
  File "/opt/airflow/pipeline/silver_orders.py", line 50
    F.col("ingested_timestamp")
    ^
SyntaxError: invalid syntax
[2025-09-10T21:19:10.459+0000] {processor.py:842} WARNING - No viable dags retrieved from /opt/airflow/dags/data_pipeline.py
[2025-09-10T21:19:10.523+0000] {processor.py:183} INFO - Processing /opt/airflow/dags/data_pipeline.py took 0.301 seconds
[2025-09-10T21:19:40.852+0000] {processor.py:161} INFO - Started process (PID=83) to work on /opt/airflow/dags/data_pipeline.py
[2025-09-10T21:19:40.855+0000] {processor.py:830} INFO - Processing file /opt/airflow/dags/data_pipeline.py for tasks to queue
[2025-09-10T21:19:40.861+0000] {logging_mixin.py:188} INFO - [2025-09-10T21:19:40.860+0000] {dagbag.py:538} INFO - Filling up the DagBag from /opt/airflow/dags/data_pipeline.py
[2025-09-10T21:19:41.097+0000] {logging_mixin.py:188} INFO - Pyspark version: 3.5.1
[2025-09-10T21:19:41.104+0000] {logging_mixin.py:188} INFO - [2025-09-10T21:19:41.101+0000] {dagbag.py:348} ERROR - Failed to import: /opt/airflow/dags/data_pipeline.py
Traceback (most recent call last):
  File "/home/airflow/.local/lib/python3.8/site-packages/airflow/models/dagbag.py", line 344, in parse
    loader.exec_module(new_module)
  File "<frozen importlib._bootstrap_external>", line 843, in exec_module
  File "<frozen importlib._bootstrap>", line 219, in _call_with_frames_removed
  File "/opt/airflow/dags/data_pipeline.py", line 11, in <module>
    from pipeline.silver_orders import silver_orders
  File "/opt/airflow/pipeline/silver_orders.py", line 50
    F.col("ingested_timestamp")
    ^
SyntaxError: invalid syntax
[2025-09-10T21:19:41.105+0000] {processor.py:842} WARNING - No viable dags retrieved from /opt/airflow/dags/data_pipeline.py
[2025-09-10T21:19:41.205+0000] {processor.py:183} INFO - Processing /opt/airflow/dags/data_pipeline.py took 0.363 seconds
[2025-09-10T21:20:11.617+0000] {processor.py:161} INFO - Started process (PID=84) to work on /opt/airflow/dags/data_pipeline.py
[2025-09-10T21:20:11.621+0000] {processor.py:830} INFO - Processing file /opt/airflow/dags/data_pipeline.py for tasks to queue
[2025-09-10T21:20:11.630+0000] {logging_mixin.py:188} INFO - [2025-09-10T21:20:11.628+0000] {dagbag.py:538} INFO - Filling up the DagBag from /opt/airflow/dags/data_pipeline.py
[2025-09-10T21:20:11.879+0000] {logging_mixin.py:188} INFO - Pyspark version: 3.5.1
[2025-09-10T21:20:11.889+0000] {logging_mixin.py:188} INFO - [2025-09-10T21:20:11.885+0000] {dagbag.py:348} ERROR - Failed to import: /opt/airflow/dags/data_pipeline.py
Traceback (most recent call last):
  File "/home/airflow/.local/lib/python3.8/site-packages/airflow/models/dagbag.py", line 344, in parse
    loader.exec_module(new_module)
  File "<frozen importlib._bootstrap_external>", line 843, in exec_module
  File "<frozen importlib._bootstrap>", line 219, in _call_with_frames_removed
  File "/opt/airflow/dags/data_pipeline.py", line 11, in <module>
    from pipeline.silver_orders import silver_orders
  File "/opt/airflow/pipeline/silver_orders.py", line 50
    F.col("ingested_timestamp")
    ^
SyntaxError: invalid syntax
[2025-09-10T21:20:11.891+0000] {processor.py:842} WARNING - No viable dags retrieved from /opt/airflow/dags/data_pipeline.py
[2025-09-10T21:20:11.958+0000] {processor.py:183} INFO - Processing /opt/airflow/dags/data_pipeline.py took 0.359 seconds
[2025-09-10T21:20:42.364+0000] {processor.py:161} INFO - Started process (PID=85) to work on /opt/airflow/dags/data_pipeline.py
[2025-09-10T21:20:42.367+0000] {processor.py:830} INFO - Processing file /opt/airflow/dags/data_pipeline.py for tasks to queue
[2025-09-10T21:20:42.372+0000] {logging_mixin.py:188} INFO - [2025-09-10T21:20:42.372+0000] {dagbag.py:538} INFO - Filling up the DagBag from /opt/airflow/dags/data_pipeline.py
[2025-09-10T21:20:42.521+0000] {logging_mixin.py:188} INFO - Pyspark version: 3.5.1
[2025-09-10T21:20:42.530+0000] {logging_mixin.py:188} INFO - [2025-09-10T21:20:42.526+0000] {dagbag.py:348} ERROR - Failed to import: /opt/airflow/dags/data_pipeline.py
Traceback (most recent call last):
  File "/home/airflow/.local/lib/python3.8/site-packages/airflow/models/dagbag.py", line 344, in parse
    loader.exec_module(new_module)
  File "<frozen importlib._bootstrap_external>", line 843, in exec_module
  File "<frozen importlib._bootstrap>", line 219, in _call_with_frames_removed
  File "/opt/airflow/dags/data_pipeline.py", line 11, in <module>
    from pipeline.silver_orders import silver_orders
  File "/opt/airflow/pipeline/silver_orders.py", line 50
    F.col("ingested_timestamp")
    ^
SyntaxError: invalid syntax
[2025-09-10T21:20:42.532+0000] {processor.py:842} WARNING - No viable dags retrieved from /opt/airflow/dags/data_pipeline.py
[2025-09-10T21:20:42.611+0000] {processor.py:183} INFO - Processing /opt/airflow/dags/data_pipeline.py took 0.254 seconds
[2025-09-10T21:21:12.668+0000] {processor.py:161} INFO - Started process (PID=86) to work on /opt/airflow/dags/data_pipeline.py
[2025-09-10T21:21:12.671+0000] {processor.py:830} INFO - Processing file /opt/airflow/dags/data_pipeline.py for tasks to queue
[2025-09-10T21:21:12.677+0000] {logging_mixin.py:188} INFO - [2025-09-10T21:21:12.677+0000] {dagbag.py:538} INFO - Filling up the DagBag from /opt/airflow/dags/data_pipeline.py
[2025-09-10T21:21:12.807+0000] {logging_mixin.py:188} INFO - Pyspark version: 3.5.1
[2025-09-10T21:21:12.813+0000] {logging_mixin.py:188} INFO - [2025-09-10T21:21:12.811+0000] {dagbag.py:348} ERROR - Failed to import: /opt/airflow/dags/data_pipeline.py
Traceback (most recent call last):
  File "/home/airflow/.local/lib/python3.8/site-packages/airflow/models/dagbag.py", line 344, in parse
    loader.exec_module(new_module)
  File "<frozen importlib._bootstrap_external>", line 843, in exec_module
  File "<frozen importlib._bootstrap>", line 219, in _call_with_frames_removed
  File "/opt/airflow/dags/data_pipeline.py", line 11, in <module>
    from pipeline.silver_orders import silver_orders
  File "/opt/airflow/pipeline/silver_orders.py", line 50
    F.col("ingested_timestamp")
    ^
SyntaxError: invalid syntax
[2025-09-10T21:21:12.814+0000] {processor.py:842} WARNING - No viable dags retrieved from /opt/airflow/dags/data_pipeline.py
[2025-09-10T21:21:13.153+0000] {processor.py:183} INFO - Processing /opt/airflow/dags/data_pipeline.py took 0.493 seconds
[2025-09-10T21:21:43.540+0000] {processor.py:161} INFO - Started process (PID=87) to work on /opt/airflow/dags/data_pipeline.py
[2025-09-10T21:21:43.543+0000] {processor.py:830} INFO - Processing file /opt/airflow/dags/data_pipeline.py for tasks to queue
[2025-09-10T21:21:43.552+0000] {logging_mixin.py:188} INFO - [2025-09-10T21:21:43.551+0000] {dagbag.py:538} INFO - Filling up the DagBag from /opt/airflow/dags/data_pipeline.py
[2025-09-10T21:21:44.006+0000] {logging_mixin.py:188} INFO - Pyspark version: 3.5.1
[2025-09-10T21:21:44.024+0000] {logging_mixin.py:188} INFO - [2025-09-10T21:21:44.016+0000] {dagbag.py:348} ERROR - Failed to import: /opt/airflow/dags/data_pipeline.py
Traceback (most recent call last):
  File "/home/airflow/.local/lib/python3.8/site-packages/airflow/models/dagbag.py", line 344, in parse
    loader.exec_module(new_module)
  File "<frozen importlib._bootstrap_external>", line 843, in exec_module
  File "<frozen importlib._bootstrap>", line 219, in _call_with_frames_removed
  File "/opt/airflow/dags/data_pipeline.py", line 11, in <module>
    from pipeline.silver_orders import silver_orders
  File "/opt/airflow/pipeline/silver_orders.py", line 50
    F.col("ingested_timestamp")
    ^
SyntaxError: invalid syntax
[2025-09-10T21:21:44.029+0000] {processor.py:842} WARNING - No viable dags retrieved from /opt/airflow/dags/data_pipeline.py
[2025-09-10T21:21:44.156+0000] {processor.py:183} INFO - Processing /opt/airflow/dags/data_pipeline.py took 0.635 seconds
[2025-09-10T21:22:14.800+0000] {processor.py:161} INFO - Started process (PID=88) to work on /opt/airflow/dags/data_pipeline.py
[2025-09-10T21:22:14.802+0000] {processor.py:830} INFO - Processing file /opt/airflow/dags/data_pipeline.py for tasks to queue
[2025-09-10T21:22:14.807+0000] {logging_mixin.py:188} INFO - [2025-09-10T21:22:14.807+0000] {dagbag.py:538} INFO - Filling up the DagBag from /opt/airflow/dags/data_pipeline.py
[2025-09-10T21:22:15.295+0000] {logging_mixin.py:188} INFO - Pyspark version: 3.5.1
[2025-09-10T21:22:15.306+0000] {logging_mixin.py:188} INFO - [2025-09-10T21:22:15.302+0000] {dagbag.py:348} ERROR - Failed to import: /opt/airflow/dags/data_pipeline.py
Traceback (most recent call last):
  File "/home/airflow/.local/lib/python3.8/site-packages/airflow/models/dagbag.py", line 344, in parse
    loader.exec_module(new_module)
  File "<frozen importlib._bootstrap_external>", line 843, in exec_module
  File "<frozen importlib._bootstrap>", line 219, in _call_with_frames_removed
  File "/opt/airflow/dags/data_pipeline.py", line 11, in <module>
    from pipeline.silver_orders import silver_orders
  File "/opt/airflow/pipeline/silver_orders.py", line 50
    F.col("ingested_timestamp")
    ^
SyntaxError: invalid syntax
[2025-09-10T21:22:15.308+0000] {processor.py:842} WARNING - No viable dags retrieved from /opt/airflow/dags/data_pipeline.py
[2025-09-10T21:22:15.465+0000] {processor.py:183} INFO - Processing /opt/airflow/dags/data_pipeline.py took 0.673 seconds
[2025-09-10T21:22:46.301+0000] {processor.py:161} INFO - Started process (PID=89) to work on /opt/airflow/dags/data_pipeline.py
[2025-09-10T21:22:46.308+0000] {processor.py:830} INFO - Processing file /opt/airflow/dags/data_pipeline.py for tasks to queue
[2025-09-10T21:22:46.328+0000] {logging_mixin.py:188} INFO - [2025-09-10T21:22:46.326+0000] {dagbag.py:538} INFO - Filling up the DagBag from /opt/airflow/dags/data_pipeline.py
[2025-09-10T21:22:47.167+0000] {logging_mixin.py:188} INFO - Pyspark version: 3.5.1
[2025-09-10T21:22:47.192+0000] {logging_mixin.py:188} INFO - [2025-09-10T21:22:47.182+0000] {dagbag.py:348} ERROR - Failed to import: /opt/airflow/dags/data_pipeline.py
Traceback (most recent call last):
  File "/home/airflow/.local/lib/python3.8/site-packages/airflow/models/dagbag.py", line 344, in parse
    loader.exec_module(new_module)
  File "<frozen importlib._bootstrap_external>", line 843, in exec_module
  File "<frozen importlib._bootstrap>", line 219, in _call_with_frames_removed
  File "/opt/airflow/dags/data_pipeline.py", line 11, in <module>
    from pipeline.silver_orders import silver_orders
  File "/opt/airflow/pipeline/silver_orders.py", line 50
    F.col("ingested_timestamp")
    ^
SyntaxError: invalid syntax
[2025-09-10T21:22:47.195+0000] {processor.py:842} WARNING - No viable dags retrieved from /opt/airflow/dags/data_pipeline.py
[2025-09-10T21:22:47.352+0000] {processor.py:183} INFO - Processing /opt/airflow/dags/data_pipeline.py took 1.074 seconds
[2025-09-10T21:23:17.935+0000] {processor.py:161} INFO - Started process (PID=90) to work on /opt/airflow/dags/data_pipeline.py
[2025-09-10T21:23:17.938+0000] {processor.py:830} INFO - Processing file /opt/airflow/dags/data_pipeline.py for tasks to queue
[2025-09-10T21:23:17.947+0000] {logging_mixin.py:188} INFO - [2025-09-10T21:23:17.946+0000] {dagbag.py:538} INFO - Filling up the DagBag from /opt/airflow/dags/data_pipeline.py
[2025-09-10T21:23:18.065+0000] {logging_mixin.py:188} INFO - Pyspark version: 3.5.1
[2025-09-10T21:23:18.071+0000] {logging_mixin.py:188} INFO - [2025-09-10T21:23:18.068+0000] {dagbag.py:348} ERROR - Failed to import: /opt/airflow/dags/data_pipeline.py
Traceback (most recent call last):
  File "/home/airflow/.local/lib/python3.8/site-packages/airflow/models/dagbag.py", line 344, in parse
    loader.exec_module(new_module)
  File "<frozen importlib._bootstrap_external>", line 843, in exec_module
  File "<frozen importlib._bootstrap>", line 219, in _call_with_frames_removed
  File "/opt/airflow/dags/data_pipeline.py", line 11, in <module>
    from pipeline.silver_orders import silver_orders
  File "/opt/airflow/pipeline/silver_orders.py", line 50
    F.col("ingested_timestamp")
    ^
SyntaxError: invalid syntax
[2025-09-10T21:23:18.072+0000] {processor.py:842} WARNING - No viable dags retrieved from /opt/airflow/dags/data_pipeline.py
[2025-09-10T21:23:18.128+0000] {processor.py:183} INFO - Processing /opt/airflow/dags/data_pipeline.py took 0.202 seconds
[2025-09-10T21:23:48.325+0000] {processor.py:161} INFO - Started process (PID=91) to work on /opt/airflow/dags/data_pipeline.py
[2025-09-10T21:23:48.327+0000] {processor.py:830} INFO - Processing file /opt/airflow/dags/data_pipeline.py for tasks to queue
[2025-09-10T21:23:48.333+0000] {logging_mixin.py:188} INFO - [2025-09-10T21:23:48.332+0000] {dagbag.py:538} INFO - Filling up the DagBag from /opt/airflow/dags/data_pipeline.py
[2025-09-10T21:23:48.455+0000] {logging_mixin.py:188} INFO - Pyspark version: 3.5.1
[2025-09-10T21:23:48.461+0000] {logging_mixin.py:188} INFO - [2025-09-10T21:23:48.458+0000] {dagbag.py:348} ERROR - Failed to import: /opt/airflow/dags/data_pipeline.py
Traceback (most recent call last):
  File "/home/airflow/.local/lib/python3.8/site-packages/airflow/models/dagbag.py", line 344, in parse
    loader.exec_module(new_module)
  File "<frozen importlib._bootstrap_external>", line 843, in exec_module
  File "<frozen importlib._bootstrap>", line 219, in _call_with_frames_removed
  File "/opt/airflow/dags/data_pipeline.py", line 11, in <module>
    from pipeline.silver_orders import silver_orders
  File "/opt/airflow/pipeline/silver_orders.py", line 50
    F.col("ingested_timestamp")
    ^
SyntaxError: invalid syntax
[2025-09-10T21:23:48.462+0000] {processor.py:842} WARNING - No viable dags retrieved from /opt/airflow/dags/data_pipeline.py
[2025-09-10T21:23:48.498+0000] {processor.py:183} INFO - Processing /opt/airflow/dags/data_pipeline.py took 0.181 seconds
[2025-09-10T21:24:18.859+0000] {processor.py:161} INFO - Started process (PID=92) to work on /opt/airflow/dags/data_pipeline.py
[2025-09-10T21:24:18.862+0000] {processor.py:830} INFO - Processing file /opt/airflow/dags/data_pipeline.py for tasks to queue
[2025-09-10T21:24:18.867+0000] {logging_mixin.py:188} INFO - [2025-09-10T21:24:18.866+0000] {dagbag.py:538} INFO - Filling up the DagBag from /opt/airflow/dags/data_pipeline.py
[2025-09-10T21:24:19.339+0000] {logging_mixin.py:188} INFO - Pyspark version: 3.5.1
[2025-09-10T21:24:19.346+0000] {logging_mixin.py:188} INFO - [2025-09-10T21:24:19.342+0000] {dagbag.py:348} ERROR - Failed to import: /opt/airflow/dags/data_pipeline.py
Traceback (most recent call last):
  File "/home/airflow/.local/lib/python3.8/site-packages/airflow/models/dagbag.py", line 344, in parse
    loader.exec_module(new_module)
  File "<frozen importlib._bootstrap_external>", line 843, in exec_module
  File "<frozen importlib._bootstrap>", line 219, in _call_with_frames_removed
  File "/opt/airflow/dags/data_pipeline.py", line 11, in <module>
    from pipeline.silver_orders import silver_orders
  File "/opt/airflow/pipeline/silver_orders.py", line 50
    F.col("ingested_timestamp")
    ^
SyntaxError: invalid syntax
[2025-09-10T21:24:19.347+0000] {processor.py:842} WARNING - No viable dags retrieved from /opt/airflow/dags/data_pipeline.py
[2025-09-10T21:24:19.390+0000] {processor.py:183} INFO - Processing /opt/airflow/dags/data_pipeline.py took 0.536 seconds
[2025-09-10T21:24:49.748+0000] {processor.py:161} INFO - Started process (PID=93) to work on /opt/airflow/dags/data_pipeline.py
[2025-09-10T21:24:49.750+0000] {processor.py:830} INFO - Processing file /opt/airflow/dags/data_pipeline.py for tasks to queue
[2025-09-10T21:24:49.756+0000] {logging_mixin.py:188} INFO - [2025-09-10T21:24:49.755+0000] {dagbag.py:538} INFO - Filling up the DagBag from /opt/airflow/dags/data_pipeline.py
[2025-09-10T21:24:49.884+0000] {logging_mixin.py:188} INFO - Pyspark version: 3.5.1
[2025-09-10T21:24:49.889+0000] {logging_mixin.py:188} INFO - [2025-09-10T21:24:49.887+0000] {dagbag.py:348} ERROR - Failed to import: /opt/airflow/dags/data_pipeline.py
Traceback (most recent call last):
  File "/home/airflow/.local/lib/python3.8/site-packages/airflow/models/dagbag.py", line 344, in parse
    loader.exec_module(new_module)
  File "<frozen importlib._bootstrap_external>", line 843, in exec_module
  File "<frozen importlib._bootstrap>", line 219, in _call_with_frames_removed
  File "/opt/airflow/dags/data_pipeline.py", line 11, in <module>
    from pipeline.silver_orders import silver_orders
  File "/opt/airflow/pipeline/silver_orders.py", line 50
    F.col("ingested_timestamp")
    ^
SyntaxError: invalid syntax
[2025-09-10T21:24:49.890+0000] {processor.py:842} WARNING - No viable dags retrieved from /opt/airflow/dags/data_pipeline.py
[2025-09-10T21:24:49.932+0000] {processor.py:183} INFO - Processing /opt/airflow/dags/data_pipeline.py took 0.192 seconds
[2025-09-10T21:25:20.109+0000] {processor.py:161} INFO - Started process (PID=94) to work on /opt/airflow/dags/data_pipeline.py
[2025-09-10T21:25:20.113+0000] {processor.py:830} INFO - Processing file /opt/airflow/dags/data_pipeline.py for tasks to queue
[2025-09-10T21:25:20.123+0000] {logging_mixin.py:188} INFO - [2025-09-10T21:25:20.121+0000] {dagbag.py:538} INFO - Filling up the DagBag from /opt/airflow/dags/data_pipeline.py
[2025-09-10T21:25:20.477+0000] {logging_mixin.py:188} INFO - Pyspark version: 3.5.1
[2025-09-10T21:25:20.488+0000] {logging_mixin.py:188} INFO - [2025-09-10T21:25:20.483+0000] {dagbag.py:348} ERROR - Failed to import: /opt/airflow/dags/data_pipeline.py
Traceback (most recent call last):
  File "/home/airflow/.local/lib/python3.8/site-packages/airflow/models/dagbag.py", line 344, in parse
    loader.exec_module(new_module)
  File "<frozen importlib._bootstrap_external>", line 843, in exec_module
  File "<frozen importlib._bootstrap>", line 219, in _call_with_frames_removed
  File "/opt/airflow/dags/data_pipeline.py", line 11, in <module>
    from pipeline.silver_orders import silver_orders
  File "/opt/airflow/pipeline/silver_orders.py", line 50
    F.col("ingested_timestamp")
    ^
SyntaxError: invalid syntax
[2025-09-10T21:25:20.490+0000] {processor.py:842} WARNING - No viable dags retrieved from /opt/airflow/dags/data_pipeline.py
[2025-09-10T21:25:20.608+0000] {processor.py:183} INFO - Processing /opt/airflow/dags/data_pipeline.py took 0.515 seconds
[2025-09-10T21:25:51.101+0000] {processor.py:161} INFO - Started process (PID=95) to work on /opt/airflow/dags/data_pipeline.py
[2025-09-10T21:25:51.103+0000] {processor.py:830} INFO - Processing file /opt/airflow/dags/data_pipeline.py for tasks to queue
[2025-09-10T21:25:51.112+0000] {logging_mixin.py:188} INFO - [2025-09-10T21:25:51.111+0000] {dagbag.py:538} INFO - Filling up the DagBag from /opt/airflow/dags/data_pipeline.py
[2025-09-10T21:25:51.221+0000] {logging_mixin.py:188} INFO - Pyspark version: 3.5.1
[2025-09-10T21:25:51.225+0000] {logging_mixin.py:188} INFO - [2025-09-10T21:25:51.224+0000] {dagbag.py:348} ERROR - Failed to import: /opt/airflow/dags/data_pipeline.py
Traceback (most recent call last):
  File "/home/airflow/.local/lib/python3.8/site-packages/airflow/models/dagbag.py", line 344, in parse
    loader.exec_module(new_module)
  File "<frozen importlib._bootstrap_external>", line 843, in exec_module
  File "<frozen importlib._bootstrap>", line 219, in _call_with_frames_removed
  File "/opt/airflow/dags/data_pipeline.py", line 11, in <module>
    from pipeline.silver_orders import silver_orders
  File "/opt/airflow/pipeline/silver_orders.py", line 50
    F.col("ingested_timestamp")
    ^
SyntaxError: invalid syntax
[2025-09-10T21:25:51.226+0000] {processor.py:842} WARNING - No viable dags retrieved from /opt/airflow/dags/data_pipeline.py
[2025-09-10T21:25:51.258+0000] {processor.py:183} INFO - Processing /opt/airflow/dags/data_pipeline.py took 0.164 seconds
[2025-09-10T21:26:21.442+0000] {processor.py:161} INFO - Started process (PID=96) to work on /opt/airflow/dags/data_pipeline.py
[2025-09-10T21:26:21.444+0000] {processor.py:830} INFO - Processing file /opt/airflow/dags/data_pipeline.py for tasks to queue
[2025-09-10T21:26:21.449+0000] {logging_mixin.py:188} INFO - [2025-09-10T21:26:21.448+0000] {dagbag.py:538} INFO - Filling up the DagBag from /opt/airflow/dags/data_pipeline.py
[2025-09-10T21:26:21.569+0000] {logging_mixin.py:188} INFO - Pyspark version: 3.5.1
[2025-09-10T21:26:21.573+0000] {logging_mixin.py:188} INFO - [2025-09-10T21:26:21.572+0000] {dagbag.py:348} ERROR - Failed to import: /opt/airflow/dags/data_pipeline.py
Traceback (most recent call last):
  File "/home/airflow/.local/lib/python3.8/site-packages/airflow/models/dagbag.py", line 344, in parse
    loader.exec_module(new_module)
  File "<frozen importlib._bootstrap_external>", line 843, in exec_module
  File "<frozen importlib._bootstrap>", line 219, in _call_with_frames_removed
  File "/opt/airflow/dags/data_pipeline.py", line 11, in <module>
    from pipeline.silver_orders import silver_orders
  File "/opt/airflow/pipeline/silver_orders.py", line 50
    F.col("ingested_timestamp")
    ^
SyntaxError: invalid syntax
[2025-09-10T21:26:21.574+0000] {processor.py:842} WARNING - No viable dags retrieved from /opt/airflow/dags/data_pipeline.py
[2025-09-10T21:26:21.603+0000] {processor.py:183} INFO - Processing /opt/airflow/dags/data_pipeline.py took 0.169 seconds
[2025-09-10T21:26:51.918+0000] {processor.py:161} INFO - Started process (PID=97) to work on /opt/airflow/dags/data_pipeline.py
[2025-09-10T21:26:51.921+0000] {processor.py:830} INFO - Processing file /opt/airflow/dags/data_pipeline.py for tasks to queue
[2025-09-10T21:26:51.926+0000] {logging_mixin.py:188} INFO - [2025-09-10T21:26:51.925+0000] {dagbag.py:538} INFO - Filling up the DagBag from /opt/airflow/dags/data_pipeline.py
[2025-09-10T21:26:52.370+0000] {logging_mixin.py:188} INFO - Pyspark version: 3.5.1
[2025-09-10T21:26:52.377+0000] {logging_mixin.py:188} INFO - [2025-09-10T21:26:52.374+0000] {dagbag.py:348} ERROR - Failed to import: /opt/airflow/dags/data_pipeline.py
Traceback (most recent call last):
  File "/home/airflow/.local/lib/python3.8/site-packages/airflow/models/dagbag.py", line 344, in parse
    loader.exec_module(new_module)
  File "<frozen importlib._bootstrap_external>", line 843, in exec_module
  File "<frozen importlib._bootstrap>", line 219, in _call_with_frames_removed
  File "/opt/airflow/dags/data_pipeline.py", line 11, in <module>
    from pipeline.silver_orders import silver_orders
  File "/opt/airflow/pipeline/silver_orders.py", line 50
    F.col("ingested_timestamp")
    ^
SyntaxError: invalid syntax
[2025-09-10T21:26:52.378+0000] {processor.py:842} WARNING - No viable dags retrieved from /opt/airflow/dags/data_pipeline.py
[2025-09-10T21:26:52.488+0000] {processor.py:183} INFO - Processing /opt/airflow/dags/data_pipeline.py took 0.578 seconds
[2025-09-10T21:27:22.935+0000] {processor.py:161} INFO - Started process (PID=98) to work on /opt/airflow/dags/data_pipeline.py
[2025-09-10T21:27:22.937+0000] {processor.py:830} INFO - Processing file /opt/airflow/dags/data_pipeline.py for tasks to queue
[2025-09-10T21:27:22.944+0000] {logging_mixin.py:188} INFO - [2025-09-10T21:27:22.944+0000] {dagbag.py:538} INFO - Filling up the DagBag from /opt/airflow/dags/data_pipeline.py
[2025-09-10T21:27:23.215+0000] {logging_mixin.py:188} INFO - Pyspark version: 3.5.1
[2025-09-10T21:27:23.223+0000] {logging_mixin.py:188} INFO - [2025-09-10T21:27:23.220+0000] {dagbag.py:348} ERROR - Failed to import: /opt/airflow/dags/data_pipeline.py
Traceback (most recent call last):
  File "/home/airflow/.local/lib/python3.8/site-packages/airflow/models/dagbag.py", line 344, in parse
    loader.exec_module(new_module)
  File "<frozen importlib._bootstrap_external>", line 843, in exec_module
  File "<frozen importlib._bootstrap>", line 219, in _call_with_frames_removed
  File "/opt/airflow/dags/data_pipeline.py", line 11, in <module>
    from pipeline.silver_orders import silver_orders
  File "/opt/airflow/pipeline/silver_orders.py", line 50
    F.col("ingested_timestamp")
    ^
SyntaxError: invalid syntax
[2025-09-10T21:27:23.224+0000] {processor.py:842} WARNING - No viable dags retrieved from /opt/airflow/dags/data_pipeline.py
[2025-09-10T21:27:23.306+0000] {processor.py:183} INFO - Processing /opt/airflow/dags/data_pipeline.py took 0.384 seconds
[2025-09-10T21:27:53.882+0000] {processor.py:161} INFO - Started process (PID=99) to work on /opt/airflow/dags/data_pipeline.py
[2025-09-10T21:27:53.886+0000] {processor.py:830} INFO - Processing file /opt/airflow/dags/data_pipeline.py for tasks to queue
[2025-09-10T21:27:53.904+0000] {logging_mixin.py:188} INFO - [2025-09-10T21:27:53.902+0000] {dagbag.py:538} INFO - Filling up the DagBag from /opt/airflow/dags/data_pipeline.py
[2025-09-10T21:27:54.317+0000] {logging_mixin.py:188} INFO - Pyspark version: 3.5.1
[2025-09-10T21:27:54.334+0000] {logging_mixin.py:188} INFO - [2025-09-10T21:27:54.325+0000] {dagbag.py:348} ERROR - Failed to import: /opt/airflow/dags/data_pipeline.py
Traceback (most recent call last):
  File "/home/airflow/.local/lib/python3.8/site-packages/airflow/models/dagbag.py", line 344, in parse
    loader.exec_module(new_module)
  File "<frozen importlib._bootstrap_external>", line 843, in exec_module
  File "<frozen importlib._bootstrap>", line 219, in _call_with_frames_removed
  File "/opt/airflow/dags/data_pipeline.py", line 11, in <module>
    from pipeline.silver_orders import silver_orders
  File "/opt/airflow/pipeline/silver_orders.py", line 50
    F.col("ingested_timestamp")
    ^
SyntaxError: invalid syntax
[2025-09-10T21:27:54.336+0000] {processor.py:842} WARNING - No viable dags retrieved from /opt/airflow/dags/data_pipeline.py
[2025-09-10T21:27:54.475+0000] {processor.py:183} INFO - Processing /opt/airflow/dags/data_pipeline.py took 0.620 seconds
[2025-09-10T21:28:24.572+0000] {processor.py:161} INFO - Started process (PID=100) to work on /opt/airflow/dags/data_pipeline.py
[2025-09-10T21:28:24.574+0000] {processor.py:830} INFO - Processing file /opt/airflow/dags/data_pipeline.py for tasks to queue
[2025-09-10T21:28:24.581+0000] {logging_mixin.py:188} INFO - [2025-09-10T21:28:24.579+0000] {dagbag.py:538} INFO - Filling up the DagBag from /opt/airflow/dags/data_pipeline.py
[2025-09-10T21:28:24.688+0000] {logging_mixin.py:188} INFO - Pyspark version: 3.5.1
[2025-09-10T21:28:24.692+0000] {logging_mixin.py:188} INFO - [2025-09-10T21:28:24.690+0000] {dagbag.py:348} ERROR - Failed to import: /opt/airflow/dags/data_pipeline.py
Traceback (most recent call last):
  File "/home/airflow/.local/lib/python3.8/site-packages/airflow/models/dagbag.py", line 344, in parse
    loader.exec_module(new_module)
  File "<frozen importlib._bootstrap_external>", line 843, in exec_module
  File "<frozen importlib._bootstrap>", line 219, in _call_with_frames_removed
  File "/opt/airflow/dags/data_pipeline.py", line 11, in <module>
    from pipeline.silver_orders import silver_orders
  File "/opt/airflow/pipeline/silver_orders.py", line 50
    F.col("ingested_timestamp")
    ^
SyntaxError: invalid syntax
[2025-09-10T21:28:24.692+0000] {processor.py:842} WARNING - No viable dags retrieved from /opt/airflow/dags/data_pipeline.py
[2025-09-10T21:28:24.729+0000] {processor.py:183} INFO - Processing /opt/airflow/dags/data_pipeline.py took 0.165 seconds
[2025-09-10T21:28:54.991+0000] {processor.py:161} INFO - Started process (PID=101) to work on /opt/airflow/dags/data_pipeline.py
[2025-09-10T21:28:54.993+0000] {processor.py:830} INFO - Processing file /opt/airflow/dags/data_pipeline.py for tasks to queue
[2025-09-10T21:28:54.999+0000] {logging_mixin.py:188} INFO - [2025-09-10T21:28:54.998+0000] {dagbag.py:538} INFO - Filling up the DagBag from /opt/airflow/dags/data_pipeline.py
[2025-09-10T21:28:55.103+0000] {logging_mixin.py:188} INFO - Pyspark version: 3.5.1
[2025-09-10T21:28:55.109+0000] {logging_mixin.py:188} INFO - [2025-09-10T21:28:55.106+0000] {dagbag.py:348} ERROR - Failed to import: /opt/airflow/dags/data_pipeline.py
Traceback (most recent call last):
  File "/home/airflow/.local/lib/python3.8/site-packages/airflow/models/dagbag.py", line 344, in parse
    loader.exec_module(new_module)
  File "<frozen importlib._bootstrap_external>", line 843, in exec_module
  File "<frozen importlib._bootstrap>", line 219, in _call_with_frames_removed
  File "/opt/airflow/dags/data_pipeline.py", line 11, in <module>
    from pipeline.silver_orders import silver_orders
  File "/opt/airflow/pipeline/silver_orders.py", line 50
    F.col("ingested_timestamp")
    ^
SyntaxError: invalid syntax
[2025-09-10T21:28:55.110+0000] {processor.py:842} WARNING - No viable dags retrieved from /opt/airflow/dags/data_pipeline.py
[2025-09-10T21:28:55.138+0000] {processor.py:183} INFO - Processing /opt/airflow/dags/data_pipeline.py took 0.153 seconds
[2025-09-10T21:29:25.339+0000] {processor.py:161} INFO - Started process (PID=102) to work on /opt/airflow/dags/data_pipeline.py
[2025-09-10T21:29:25.341+0000] {processor.py:830} INFO - Processing file /opt/airflow/dags/data_pipeline.py for tasks to queue
[2025-09-10T21:29:25.346+0000] {logging_mixin.py:188} INFO - [2025-09-10T21:29:25.345+0000] {dagbag.py:538} INFO - Filling up the DagBag from /opt/airflow/dags/data_pipeline.py
[2025-09-10T21:29:25.511+0000] {logging_mixin.py:188} INFO - Pyspark version: 3.5.1
[2025-09-10T21:29:25.515+0000] {logging_mixin.py:188} INFO - [2025-09-10T21:29:25.514+0000] {dagbag.py:348} ERROR - Failed to import: /opt/airflow/dags/data_pipeline.py
Traceback (most recent call last):
  File "/home/airflow/.local/lib/python3.8/site-packages/airflow/models/dagbag.py", line 344, in parse
    loader.exec_module(new_module)
  File "<frozen importlib._bootstrap_external>", line 843, in exec_module
  File "<frozen importlib._bootstrap>", line 219, in _call_with_frames_removed
  File "/opt/airflow/dags/data_pipeline.py", line 11, in <module>
    from pipeline.silver_orders import silver_orders
  File "/opt/airflow/pipeline/silver_orders.py", line 50
    F.col("ingested_timestamp")
    ^
SyntaxError: invalid syntax
[2025-09-10T21:29:25.515+0000] {processor.py:842} WARNING - No viable dags retrieved from /opt/airflow/dags/data_pipeline.py
[2025-09-10T21:29:25.543+0000] {processor.py:183} INFO - Processing /opt/airflow/dags/data_pipeline.py took 0.212 seconds
[2025-09-10T21:29:55.836+0000] {processor.py:161} INFO - Started process (PID=103) to work on /opt/airflow/dags/data_pipeline.py
[2025-09-10T21:29:55.840+0000] {processor.py:830} INFO - Processing file /opt/airflow/dags/data_pipeline.py for tasks to queue
[2025-09-10T21:29:55.850+0000] {logging_mixin.py:188} INFO - [2025-09-10T21:29:55.848+0000] {dagbag.py:538} INFO - Filling up the DagBag from /opt/airflow/dags/data_pipeline.py
[2025-09-10T21:29:56.248+0000] {logging_mixin.py:188} INFO - Pyspark version: 3.5.1
[2025-09-10T21:29:56.264+0000] {logging_mixin.py:188} INFO - [2025-09-10T21:29:56.259+0000] {dagbag.py:348} ERROR - Failed to import: /opt/airflow/dags/data_pipeline.py
Traceback (most recent call last):
  File "/home/airflow/.local/lib/python3.8/site-packages/airflow/models/dagbag.py", line 344, in parse
    loader.exec_module(new_module)
  File "<frozen importlib._bootstrap_external>", line 843, in exec_module
  File "<frozen importlib._bootstrap>", line 219, in _call_with_frames_removed
  File "/opt/airflow/dags/data_pipeline.py", line 11, in <module>
    from pipeline.silver_orders import silver_orders
  File "/opt/airflow/pipeline/silver_orders.py", line 50
    F.col("ingested_timestamp")
    ^
SyntaxError: invalid syntax
[2025-09-10T21:29:56.266+0000] {processor.py:842} WARNING - No viable dags retrieved from /opt/airflow/dags/data_pipeline.py
[2025-09-10T21:29:56.976+0000] {processor.py:183} INFO - Processing /opt/airflow/dags/data_pipeline.py took 1.159 seconds
[2025-09-10T21:30:27.255+0000] {processor.py:161} INFO - Started process (PID=104) to work on /opt/airflow/dags/data_pipeline.py
[2025-09-10T21:30:27.257+0000] {processor.py:830} INFO - Processing file /opt/airflow/dags/data_pipeline.py for tasks to queue
[2025-09-10T21:30:27.263+0000] {logging_mixin.py:188} INFO - [2025-09-10T21:30:27.262+0000] {dagbag.py:538} INFO - Filling up the DagBag from /opt/airflow/dags/data_pipeline.py
[2025-09-10T21:30:27.365+0000] {logging_mixin.py:188} INFO - Pyspark version: 3.5.1
[2025-09-10T21:30:27.369+0000] {logging_mixin.py:188} INFO - [2025-09-10T21:30:27.368+0000] {dagbag.py:348} ERROR - Failed to import: /opt/airflow/dags/data_pipeline.py
Traceback (most recent call last):
  File "/home/airflow/.local/lib/python3.8/site-packages/airflow/models/dagbag.py", line 344, in parse
    loader.exec_module(new_module)
  File "<frozen importlib._bootstrap_external>", line 843, in exec_module
  File "<frozen importlib._bootstrap>", line 219, in _call_with_frames_removed
  File "/opt/airflow/dags/data_pipeline.py", line 11, in <module>
    from pipeline.silver_orders import silver_orders
  File "/opt/airflow/pipeline/silver_orders.py", line 50
    F.col("ingested_timestamp")
    ^
SyntaxError: invalid syntax
[2025-09-10T21:30:27.369+0000] {processor.py:842} WARNING - No viable dags retrieved from /opt/airflow/dags/data_pipeline.py
[2025-09-10T21:30:27.403+0000] {processor.py:183} INFO - Processing /opt/airflow/dags/data_pipeline.py took 0.159 seconds
[2025-09-10T21:30:57.616+0000] {processor.py:161} INFO - Started process (PID=105) to work on /opt/airflow/dags/data_pipeline.py
[2025-09-10T21:30:57.618+0000] {processor.py:830} INFO - Processing file /opt/airflow/dags/data_pipeline.py for tasks to queue
[2025-09-10T21:30:57.623+0000] {logging_mixin.py:188} INFO - [2025-09-10T21:30:57.622+0000] {dagbag.py:538} INFO - Filling up the DagBag from /opt/airflow/dags/data_pipeline.py
[2025-09-10T21:30:57.741+0000] {logging_mixin.py:188} INFO - Pyspark version: 3.5.1
[2025-09-10T21:30:57.748+0000] {logging_mixin.py:188} INFO - [2025-09-10T21:30:57.745+0000] {dagbag.py:348} ERROR - Failed to import: /opt/airflow/dags/data_pipeline.py
Traceback (most recent call last):
  File "/home/airflow/.local/lib/python3.8/site-packages/airflow/models/dagbag.py", line 344, in parse
    loader.exec_module(new_module)
  File "<frozen importlib._bootstrap_external>", line 843, in exec_module
  File "<frozen importlib._bootstrap>", line 219, in _call_with_frames_removed
  File "/opt/airflow/dags/data_pipeline.py", line 11, in <module>
    from pipeline.silver_orders import silver_orders
  File "/opt/airflow/pipeline/silver_orders.py", line 50
    F.col("ingested_timestamp")
    ^
SyntaxError: invalid syntax
[2025-09-10T21:30:57.749+0000] {processor.py:842} WARNING - No viable dags retrieved from /opt/airflow/dags/data_pipeline.py
[2025-09-10T21:30:57.778+0000] {processor.py:183} INFO - Processing /opt/airflow/dags/data_pipeline.py took 0.169 seconds
[2025-09-10T21:31:28.017+0000] {processor.py:161} INFO - Started process (PID=106) to work on /opt/airflow/dags/data_pipeline.py
[2025-09-10T21:31:28.019+0000] {processor.py:830} INFO - Processing file /opt/airflow/dags/data_pipeline.py for tasks to queue
[2025-09-10T21:31:28.024+0000] {logging_mixin.py:188} INFO - [2025-09-10T21:31:28.024+0000] {dagbag.py:538} INFO - Filling up the DagBag from /opt/airflow/dags/data_pipeline.py
[2025-09-10T21:31:28.135+0000] {logging_mixin.py:188} INFO - Pyspark version: 3.5.1
[2025-09-10T21:31:28.140+0000] {logging_mixin.py:188} INFO - [2025-09-10T21:31:28.137+0000] {dagbag.py:348} ERROR - Failed to import: /opt/airflow/dags/data_pipeline.py
Traceback (most recent call last):
  File "/home/airflow/.local/lib/python3.8/site-packages/airflow/models/dagbag.py", line 344, in parse
    loader.exec_module(new_module)
  File "<frozen importlib._bootstrap_external>", line 843, in exec_module
  File "<frozen importlib._bootstrap>", line 219, in _call_with_frames_removed
  File "/opt/airflow/dags/data_pipeline.py", line 11, in <module>
    from pipeline.silver_orders import silver_orders
  File "/opt/airflow/pipeline/silver_orders.py", line 50
    F.col("ingested_timestamp")
    ^
SyntaxError: invalid syntax
[2025-09-10T21:31:28.141+0000] {processor.py:842} WARNING - No viable dags retrieved from /opt/airflow/dags/data_pipeline.py
[2025-09-10T21:31:28.173+0000] {processor.py:183} INFO - Processing /opt/airflow/dags/data_pipeline.py took 0.164 seconds
[2025-09-10T21:31:58.392+0000] {processor.py:161} INFO - Started process (PID=107) to work on /opt/airflow/dags/data_pipeline.py
[2025-09-10T21:31:58.396+0000] {processor.py:830} INFO - Processing file /opt/airflow/dags/data_pipeline.py for tasks to queue
[2025-09-10T21:31:58.401+0000] {logging_mixin.py:188} INFO - [2025-09-10T21:31:58.401+0000] {dagbag.py:538} INFO - Filling up the DagBag from /opt/airflow/dags/data_pipeline.py
[2025-09-10T21:31:58.519+0000] {logging_mixin.py:188} INFO - Pyspark version: 3.5.1
[2025-09-10T21:31:58.523+0000] {logging_mixin.py:188} INFO - [2025-09-10T21:31:58.521+0000] {dagbag.py:348} ERROR - Failed to import: /opt/airflow/dags/data_pipeline.py
Traceback (most recent call last):
  File "/home/airflow/.local/lib/python3.8/site-packages/airflow/models/dagbag.py", line 344, in parse
    loader.exec_module(new_module)
  File "<frozen importlib._bootstrap_external>", line 843, in exec_module
  File "<frozen importlib._bootstrap>", line 219, in _call_with_frames_removed
  File "/opt/airflow/dags/data_pipeline.py", line 11, in <module>
    from pipeline.silver_orders import silver_orders
  File "/opt/airflow/pipeline/silver_orders.py", line 50
    F.col("ingested_timestamp")
    ^
SyntaxError: invalid syntax
[2025-09-10T21:31:58.524+0000] {processor.py:842} WARNING - No viable dags retrieved from /opt/airflow/dags/data_pipeline.py
[2025-09-10T21:31:58.557+0000] {processor.py:183} INFO - Processing /opt/airflow/dags/data_pipeline.py took 0.173 seconds
[2025-09-10T21:32:28.903+0000] {processor.py:161} INFO - Started process (PID=108) to work on /opt/airflow/dags/data_pipeline.py
[2025-09-10T21:32:28.906+0000] {processor.py:830} INFO - Processing file /opt/airflow/dags/data_pipeline.py for tasks to queue
[2025-09-10T21:32:28.917+0000] {logging_mixin.py:188} INFO - [2025-09-10T21:32:28.916+0000] {dagbag.py:538} INFO - Filling up the DagBag from /opt/airflow/dags/data_pipeline.py
[2025-09-10T21:32:29.392+0000] {logging_mixin.py:188} INFO - Pyspark version: 3.5.1
[2025-09-10T21:32:29.402+0000] {logging_mixin.py:188} INFO - [2025-09-10T21:32:29.398+0000] {dagbag.py:348} ERROR - Failed to import: /opt/airflow/dags/data_pipeline.py
Traceback (most recent call last):
  File "/home/airflow/.local/lib/python3.8/site-packages/airflow/models/dagbag.py", line 344, in parse
    loader.exec_module(new_module)
  File "<frozen importlib._bootstrap_external>", line 843, in exec_module
  File "<frozen importlib._bootstrap>", line 219, in _call_with_frames_removed
  File "/opt/airflow/dags/data_pipeline.py", line 11, in <module>
    from pipeline.silver_orders import silver_orders
  File "/opt/airflow/pipeline/silver_orders.py", line 50
    F.col("ingested_timestamp")
    ^
SyntaxError: invalid syntax
[2025-09-10T21:32:29.404+0000] {processor.py:842} WARNING - No viable dags retrieved from /opt/airflow/dags/data_pipeline.py
[2025-09-10T21:32:29.500+0000] {processor.py:183} INFO - Processing /opt/airflow/dags/data_pipeline.py took 0.615 seconds
[2025-09-10T21:32:59.876+0000] {processor.py:161} INFO - Started process (PID=109) to work on /opt/airflow/dags/data_pipeline.py
[2025-09-10T21:32:59.878+0000] {processor.py:830} INFO - Processing file /opt/airflow/dags/data_pipeline.py for tasks to queue
[2025-09-10T21:32:59.882+0000] {logging_mixin.py:188} INFO - [2025-09-10T21:32:59.882+0000] {dagbag.py:538} INFO - Filling up the DagBag from /opt/airflow/dags/data_pipeline.py
[2025-09-10T21:33:00.255+0000] {logging_mixin.py:188} INFO - Pyspark version: 3.5.1
[2025-09-10T21:33:00.264+0000] {logging_mixin.py:188} INFO - [2025-09-10T21:33:00.260+0000] {dagbag.py:348} ERROR - Failed to import: /opt/airflow/dags/data_pipeline.py
Traceback (most recent call last):
  File "/home/airflow/.local/lib/python3.8/site-packages/airflow/models/dagbag.py", line 344, in parse
    loader.exec_module(new_module)
  File "<frozen importlib._bootstrap_external>", line 843, in exec_module
  File "<frozen importlib._bootstrap>", line 219, in _call_with_frames_removed
  File "/opt/airflow/dags/data_pipeline.py", line 11, in <module>
    from pipeline.silver_orders import silver_orders
  File "/opt/airflow/pipeline/silver_orders.py", line 50
    F.col("ingested_timestamp")
    ^
SyntaxError: invalid syntax
[2025-09-10T21:33:00.266+0000] {processor.py:842} WARNING - No viable dags retrieved from /opt/airflow/dags/data_pipeline.py
[2025-09-10T21:33:00.327+0000] {processor.py:183} INFO - Processing /opt/airflow/dags/data_pipeline.py took 0.457 seconds
[2025-09-10T21:33:30.674+0000] {processor.py:161} INFO - Started process (PID=110) to work on /opt/airflow/dags/data_pipeline.py
[2025-09-10T21:33:30.678+0000] {processor.py:830} INFO - Processing file /opt/airflow/dags/data_pipeline.py for tasks to queue
[2025-09-10T21:33:30.688+0000] {logging_mixin.py:188} INFO - [2025-09-10T21:33:30.686+0000] {dagbag.py:538} INFO - Filling up the DagBag from /opt/airflow/dags/data_pipeline.py
[2025-09-10T21:33:30.913+0000] {logging_mixin.py:188} INFO - Pyspark version: 3.5.1
[2025-09-10T21:33:30.918+0000] {logging_mixin.py:188} INFO - [2025-09-10T21:33:30.916+0000] {dagbag.py:348} ERROR - Failed to import: /opt/airflow/dags/data_pipeline.py
Traceback (most recent call last):
  File "/home/airflow/.local/lib/python3.8/site-packages/airflow/models/dagbag.py", line 344, in parse
    loader.exec_module(new_module)
  File "<frozen importlib._bootstrap_external>", line 843, in exec_module
  File "<frozen importlib._bootstrap>", line 219, in _call_with_frames_removed
  File "/opt/airflow/dags/data_pipeline.py", line 11, in <module>
    from pipeline.silver_orders import silver_orders
  File "/opt/airflow/pipeline/silver_orders.py", line 50
    F.col("ingested_timestamp")
    ^
SyntaxError: invalid syntax
[2025-09-10T21:33:30.919+0000] {processor.py:842} WARNING - No viable dags retrieved from /opt/airflow/dags/data_pipeline.py
[2025-09-10T21:33:31.110+0000] {processor.py:183} INFO - Processing /opt/airflow/dags/data_pipeline.py took 0.445 seconds
[2025-09-10T21:34:01.454+0000] {processor.py:161} INFO - Started process (PID=111) to work on /opt/airflow/dags/data_pipeline.py
[2025-09-10T21:34:01.456+0000] {processor.py:830} INFO - Processing file /opt/airflow/dags/data_pipeline.py for tasks to queue
[2025-09-10T21:34:01.461+0000] {logging_mixin.py:188} INFO - [2025-09-10T21:34:01.460+0000] {dagbag.py:538} INFO - Filling up the DagBag from /opt/airflow/dags/data_pipeline.py
[2025-09-10T21:34:01.574+0000] {logging_mixin.py:188} INFO - Pyspark version: 3.5.1
[2025-09-10T21:34:01.579+0000] {logging_mixin.py:188} INFO - [2025-09-10T21:34:01.577+0000] {dagbag.py:348} ERROR - Failed to import: /opt/airflow/dags/data_pipeline.py
Traceback (most recent call last):
  File "/home/airflow/.local/lib/python3.8/site-packages/airflow/models/dagbag.py", line 344, in parse
    loader.exec_module(new_module)
  File "<frozen importlib._bootstrap_external>", line 843, in exec_module
  File "<frozen importlib._bootstrap>", line 219, in _call_with_frames_removed
  File "/opt/airflow/dags/data_pipeline.py", line 11, in <module>
    from pipeline.silver_orders import silver_orders
  File "/opt/airflow/pipeline/silver_orders.py", line 50
    F.col("ingested_timestamp")
    ^
SyntaxError: invalid syntax
[2025-09-10T21:34:01.579+0000] {processor.py:842} WARNING - No viable dags retrieved from /opt/airflow/dags/data_pipeline.py
[2025-09-10T21:34:01.616+0000] {processor.py:183} INFO - Processing /opt/airflow/dags/data_pipeline.py took 0.170 seconds
[2025-09-10T21:34:31.770+0000] {processor.py:161} INFO - Started process (PID=112) to work on /opt/airflow/dags/data_pipeline.py
[2025-09-10T21:34:31.772+0000] {processor.py:830} INFO - Processing file /opt/airflow/dags/data_pipeline.py for tasks to queue
[2025-09-10T21:34:31.778+0000] {logging_mixin.py:188} INFO - [2025-09-10T21:34:31.777+0000] {dagbag.py:538} INFO - Filling up the DagBag from /opt/airflow/dags/data_pipeline.py
[2025-09-10T21:34:31.925+0000] {logging_mixin.py:188} INFO - Pyspark version: 3.5.1
[2025-09-10T21:34:31.928+0000] {logging_mixin.py:188} INFO - [2025-09-10T21:34:31.927+0000] {dagbag.py:348} ERROR - Failed to import: /opt/airflow/dags/data_pipeline.py
Traceback (most recent call last):
  File "/home/airflow/.local/lib/python3.8/site-packages/airflow/models/dagbag.py", line 344, in parse
    loader.exec_module(new_module)
  File "<frozen importlib._bootstrap_external>", line 843, in exec_module
  File "<frozen importlib._bootstrap>", line 219, in _call_with_frames_removed
  File "/opt/airflow/dags/data_pipeline.py", line 11, in <module>
    from pipeline.silver_orders import silver_orders
  File "/opt/airflow/pipeline/silver_orders.py", line 50
    F.col("ingested_timestamp")
    ^
SyntaxError: invalid syntax
[2025-09-10T21:34:31.929+0000] {processor.py:842} WARNING - No viable dags retrieved from /opt/airflow/dags/data_pipeline.py
[2025-09-10T21:34:31.963+0000] {processor.py:183} INFO - Processing /opt/airflow/dags/data_pipeline.py took 0.205 seconds
[2025-09-10T21:35:02.256+0000] {processor.py:161} INFO - Started process (PID=113) to work on /opt/airflow/dags/data_pipeline.py
[2025-09-10T21:35:02.262+0000] {processor.py:830} INFO - Processing file /opt/airflow/dags/data_pipeline.py for tasks to queue
[2025-09-10T21:35:02.267+0000] {logging_mixin.py:188} INFO - [2025-09-10T21:35:02.266+0000] {dagbag.py:538} INFO - Filling up the DagBag from /opt/airflow/dags/data_pipeline.py
[2025-09-10T21:35:02.373+0000] {logging_mixin.py:188} INFO - Pyspark version: 3.5.1
[2025-09-10T21:35:02.376+0000] {logging_mixin.py:188} INFO - [2025-09-10T21:35:02.375+0000] {dagbag.py:348} ERROR - Failed to import: /opt/airflow/dags/data_pipeline.py
Traceback (most recent call last):
  File "/home/airflow/.local/lib/python3.8/site-packages/airflow/models/dagbag.py", line 344, in parse
    loader.exec_module(new_module)
  File "<frozen importlib._bootstrap_external>", line 843, in exec_module
  File "<frozen importlib._bootstrap>", line 219, in _call_with_frames_removed
  File "/opt/airflow/dags/data_pipeline.py", line 11, in <module>
    from pipeline.silver_orders import silver_orders
  File "/opt/airflow/pipeline/silver_orders.py", line 50
    F.col("ingested_timestamp")
    ^
SyntaxError: invalid syntax
[2025-09-10T21:35:02.377+0000] {processor.py:842} WARNING - No viable dags retrieved from /opt/airflow/dags/data_pipeline.py
[2025-09-10T21:35:02.412+0000] {processor.py:183} INFO - Processing /opt/airflow/dags/data_pipeline.py took 0.165 seconds
[2025-09-10T21:35:32.630+0000] {processor.py:161} INFO - Started process (PID=114) to work on /opt/airflow/dags/data_pipeline.py
[2025-09-10T21:35:32.633+0000] {processor.py:830} INFO - Processing file /opt/airflow/dags/data_pipeline.py for tasks to queue
[2025-09-10T21:35:32.640+0000] {logging_mixin.py:188} INFO - [2025-09-10T21:35:32.639+0000] {dagbag.py:538} INFO - Filling up the DagBag from /opt/airflow/dags/data_pipeline.py
[2025-09-10T21:35:32.759+0000] {logging_mixin.py:188} INFO - Pyspark version: 3.5.1
[2025-09-10T21:35:32.763+0000] {logging_mixin.py:188} INFO - [2025-09-10T21:35:32.761+0000] {dagbag.py:348} ERROR - Failed to import: /opt/airflow/dags/data_pipeline.py
Traceback (most recent call last):
  File "/home/airflow/.local/lib/python3.8/site-packages/airflow/models/dagbag.py", line 344, in parse
    loader.exec_module(new_module)
  File "<frozen importlib._bootstrap_external>", line 843, in exec_module
  File "<frozen importlib._bootstrap>", line 219, in _call_with_frames_removed
  File "/opt/airflow/dags/data_pipeline.py", line 11, in <module>
    from pipeline.silver_orders import silver_orders
  File "/opt/airflow/pipeline/silver_orders.py", line 50
    F.col("ingested_timestamp")
    ^
SyntaxError: invalid syntax
[2025-09-10T21:35:32.764+0000] {processor.py:842} WARNING - No viable dags retrieved from /opt/airflow/dags/data_pipeline.py
[2025-09-10T21:35:32.799+0000] {processor.py:183} INFO - Processing /opt/airflow/dags/data_pipeline.py took 0.179 seconds
[2025-09-10T21:36:03.094+0000] {processor.py:161} INFO - Started process (PID=115) to work on /opt/airflow/dags/data_pipeline.py
[2025-09-10T21:36:03.097+0000] {processor.py:830} INFO - Processing file /opt/airflow/dags/data_pipeline.py for tasks to queue
[2025-09-10T21:36:03.101+0000] {logging_mixin.py:188} INFO - [2025-09-10T21:36:03.101+0000] {dagbag.py:538} INFO - Filling up the DagBag from /opt/airflow/dags/data_pipeline.py
[2025-09-10T21:36:03.440+0000] {logging_mixin.py:188} INFO - Pyspark version: 3.5.1
[2025-09-10T21:36:03.445+0000] {logging_mixin.py:188} INFO - [2025-09-10T21:36:03.443+0000] {dagbag.py:348} ERROR - Failed to import: /opt/airflow/dags/data_pipeline.py
Traceback (most recent call last):
  File "/home/airflow/.local/lib/python3.8/site-packages/airflow/models/dagbag.py", line 344, in parse
    loader.exec_module(new_module)
  File "<frozen importlib._bootstrap_external>", line 843, in exec_module
  File "<frozen importlib._bootstrap>", line 219, in _call_with_frames_removed
  File "/opt/airflow/dags/data_pipeline.py", line 11, in <module>
    from pipeline.silver_orders import silver_orders
  File "/opt/airflow/pipeline/silver_orders.py", line 50
    F.col("ingested_timestamp")
    ^
SyntaxError: invalid syntax
[2025-09-10T21:36:03.446+0000] {processor.py:842} WARNING - No viable dags retrieved from /opt/airflow/dags/data_pipeline.py
[2025-09-10T21:36:03.495+0000] {processor.py:183} INFO - Processing /opt/airflow/dags/data_pipeline.py took 0.408 seconds
[2025-09-10T21:36:33.824+0000] {processor.py:161} INFO - Started process (PID=116) to work on /opt/airflow/dags/data_pipeline.py
[2025-09-10T21:36:33.828+0000] {processor.py:830} INFO - Processing file /opt/airflow/dags/data_pipeline.py for tasks to queue
[2025-09-10T21:36:33.838+0000] {logging_mixin.py:188} INFO - [2025-09-10T21:36:33.837+0000] {dagbag.py:538} INFO - Filling up the DagBag from /opt/airflow/dags/data_pipeline.py
[2025-09-10T21:36:34.177+0000] {logging_mixin.py:188} INFO - Pyspark version: 3.5.1
[2025-09-10T21:36:34.185+0000] {logging_mixin.py:188} INFO - [2025-09-10T21:36:34.181+0000] {dagbag.py:348} ERROR - Failed to import: /opt/airflow/dags/data_pipeline.py
Traceback (most recent call last):
  File "/home/airflow/.local/lib/python3.8/site-packages/airflow/models/dagbag.py", line 344, in parse
    loader.exec_module(new_module)
  File "<frozen importlib._bootstrap_external>", line 843, in exec_module
  File "<frozen importlib._bootstrap>", line 219, in _call_with_frames_removed
  File "/opt/airflow/dags/data_pipeline.py", line 11, in <module>
    from pipeline.silver_orders import silver_orders
  File "/opt/airflow/pipeline/silver_orders.py", line 50
    F.col("ingested_timestamp")
    ^
SyntaxError: invalid syntax
[2025-09-10T21:36:34.187+0000] {processor.py:842} WARNING - No viable dags retrieved from /opt/airflow/dags/data_pipeline.py
[2025-09-10T21:36:34.251+0000] {processor.py:183} INFO - Processing /opt/airflow/dags/data_pipeline.py took 0.441 seconds
[2025-09-10T21:37:04.627+0000] {processor.py:161} INFO - Started process (PID=117) to work on /opt/airflow/dags/data_pipeline.py
[2025-09-10T21:37:04.630+0000] {processor.py:830} INFO - Processing file /opt/airflow/dags/data_pipeline.py for tasks to queue
[2025-09-10T21:37:04.638+0000] {logging_mixin.py:188} INFO - [2025-09-10T21:37:04.637+0000] {dagbag.py:538} INFO - Filling up the DagBag from /opt/airflow/dags/data_pipeline.py
[2025-09-10T21:37:04.752+0000] {logging_mixin.py:188} INFO - Pyspark version: 3.5.1
[2025-09-10T21:37:04.758+0000] {logging_mixin.py:188} INFO - [2025-09-10T21:37:04.756+0000] {dagbag.py:348} ERROR - Failed to import: /opt/airflow/dags/data_pipeline.py
Traceback (most recent call last):
  File "/home/airflow/.local/lib/python3.8/site-packages/airflow/models/dagbag.py", line 344, in parse
    loader.exec_module(new_module)
  File "<frozen importlib._bootstrap_external>", line 843, in exec_module
  File "<frozen importlib._bootstrap>", line 219, in _call_with_frames_removed
  File "/opt/airflow/dags/data_pipeline.py", line 11, in <module>
    from pipeline.silver_orders import silver_orders
  File "/opt/airflow/pipeline/silver_orders.py", line 50
    F.col("ingested_timestamp")
    ^
SyntaxError: invalid syntax
[2025-09-10T21:37:04.759+0000] {processor.py:842} WARNING - No viable dags retrieved from /opt/airflow/dags/data_pipeline.py
[2025-09-10T21:37:04.803+0000] {processor.py:183} INFO - Processing /opt/airflow/dags/data_pipeline.py took 0.185 seconds
[2025-09-10T21:37:34.920+0000] {processor.py:161} INFO - Started process (PID=118) to work on /opt/airflow/dags/data_pipeline.py
[2025-09-10T21:37:34.923+0000] {processor.py:830} INFO - Processing file /opt/airflow/dags/data_pipeline.py for tasks to queue
[2025-09-10T21:37:34.931+0000] {logging_mixin.py:188} INFO - [2025-09-10T21:37:34.930+0000] {dagbag.py:538} INFO - Filling up the DagBag from /opt/airflow/dags/data_pipeline.py
[2025-09-10T21:37:35.062+0000] {logging_mixin.py:188} INFO - Pyspark version: 3.5.1
[2025-09-10T21:37:35.068+0000] {logging_mixin.py:188} INFO - [2025-09-10T21:37:35.066+0000] {dagbag.py:348} ERROR - Failed to import: /opt/airflow/dags/data_pipeline.py
Traceback (most recent call last):
  File "/home/airflow/.local/lib/python3.8/site-packages/airflow/models/dagbag.py", line 344, in parse
    loader.exec_module(new_module)
  File "<frozen importlib._bootstrap_external>", line 843, in exec_module
  File "<frozen importlib._bootstrap>", line 219, in _call_with_frames_removed
  File "/opt/airflow/dags/data_pipeline.py", line 11, in <module>
    from pipeline.silver_orders import silver_orders
  File "/opt/airflow/pipeline/silver_orders.py", line 50
    F.col("ingested_timestamp")
    ^
SyntaxError: invalid syntax
[2025-09-10T21:37:35.069+0000] {processor.py:842} WARNING - No viable dags retrieved from /opt/airflow/dags/data_pipeline.py
[2025-09-10T21:37:35.123+0000] {processor.py:183} INFO - Processing /opt/airflow/dags/data_pipeline.py took 0.212 seconds
[2025-09-10T21:38:05.616+0000] {processor.py:161} INFO - Started process (PID=119) to work on /opt/airflow/dags/data_pipeline.py
[2025-09-10T21:38:05.620+0000] {processor.py:830} INFO - Processing file /opt/airflow/dags/data_pipeline.py for tasks to queue
[2025-09-10T21:38:05.636+0000] {logging_mixin.py:188} INFO - [2025-09-10T21:38:05.635+0000] {dagbag.py:538} INFO - Filling up the DagBag from /opt/airflow/dags/data_pipeline.py
[2025-09-10T21:38:06.403+0000] {logging_mixin.py:188} INFO - Pyspark version: 3.5.1
[2025-09-10T21:38:06.418+0000] {logging_mixin.py:188} INFO - [2025-09-10T21:38:06.413+0000] {dagbag.py:348} ERROR - Failed to import: /opt/airflow/dags/data_pipeline.py
Traceback (most recent call last):
  File "/home/airflow/.local/lib/python3.8/site-packages/airflow/models/dagbag.py", line 344, in parse
    loader.exec_module(new_module)
  File "<frozen importlib._bootstrap_external>", line 843, in exec_module
  File "<frozen importlib._bootstrap>", line 219, in _call_with_frames_removed
  File "/opt/airflow/dags/data_pipeline.py", line 11, in <module>
    from pipeline.silver_orders import silver_orders
  File "/opt/airflow/pipeline/silver_orders.py", line 50
    F.col("ingested_timestamp")
    ^
SyntaxError: invalid syntax
[2025-09-10T21:38:06.420+0000] {processor.py:842} WARNING - No viable dags retrieved from /opt/airflow/dags/data_pipeline.py
[2025-09-10T21:38:06.576+0000] {processor.py:183} INFO - Processing /opt/airflow/dags/data_pipeline.py took 0.981 seconds
[2025-09-10T21:38:37.094+0000] {processor.py:161} INFO - Started process (PID=120) to work on /opt/airflow/dags/data_pipeline.py
[2025-09-10T21:38:37.100+0000] {processor.py:830} INFO - Processing file /opt/airflow/dags/data_pipeline.py for tasks to queue
[2025-09-10T21:38:37.122+0000] {logging_mixin.py:188} INFO - [2025-09-10T21:38:37.120+0000] {dagbag.py:538} INFO - Filling up the DagBag from /opt/airflow/dags/data_pipeline.py
[2025-09-10T21:38:38.084+0000] {logging_mixin.py:188} INFO - Pyspark version: 3.5.1
[2025-09-10T21:38:38.109+0000] {logging_mixin.py:188} INFO - [2025-09-10T21:38:38.101+0000] {dagbag.py:348} ERROR - Failed to import: /opt/airflow/dags/data_pipeline.py
Traceback (most recent call last):
  File "/home/airflow/.local/lib/python3.8/site-packages/airflow/models/dagbag.py", line 344, in parse
    loader.exec_module(new_module)
  File "<frozen importlib._bootstrap_external>", line 843, in exec_module
  File "<frozen importlib._bootstrap>", line 219, in _call_with_frames_removed
  File "/opt/airflow/dags/data_pipeline.py", line 11, in <module>
    from pipeline.silver_orders import silver_orders
  File "/opt/airflow/pipeline/silver_orders.py", line 50
    F.col("ingested_timestamp")
    ^
SyntaxError: invalid syntax
[2025-09-10T21:38:38.114+0000] {processor.py:842} WARNING - No viable dags retrieved from /opt/airflow/dags/data_pipeline.py
[2025-09-10T21:38:39.673+0000] {processor.py:183} INFO - Processing /opt/airflow/dags/data_pipeline.py took 2.608 seconds
[2025-09-10T21:39:10.315+0000] {processor.py:161} INFO - Started process (PID=121) to work on /opt/airflow/dags/data_pipeline.py
[2025-09-10T21:39:10.336+0000] {processor.py:830} INFO - Processing file /opt/airflow/dags/data_pipeline.py for tasks to queue
[2025-09-10T21:39:10.386+0000] {logging_mixin.py:188} INFO - [2025-09-10T21:39:10.383+0000] {dagbag.py:538} INFO - Filling up the DagBag from /opt/airflow/dags/data_pipeline.py
[2025-09-10T21:39:12.418+0000] {logging_mixin.py:188} INFO - Pyspark version: 3.5.1
[2025-09-10T21:39:12.448+0000] {logging_mixin.py:188} INFO - [2025-09-10T21:39:12.430+0000] {dagbag.py:348} ERROR - Failed to import: /opt/airflow/dags/data_pipeline.py
Traceback (most recent call last):
  File "/home/airflow/.local/lib/python3.8/site-packages/airflow/models/dagbag.py", line 344, in parse
    loader.exec_module(new_module)
  File "<frozen importlib._bootstrap_external>", line 843, in exec_module
  File "<frozen importlib._bootstrap>", line 219, in _call_with_frames_removed
  File "/opt/airflow/dags/data_pipeline.py", line 11, in <module>
    from pipeline.silver_orders import silver_orders
  File "/opt/airflow/pipeline/silver_orders.py", line 50
    F.col("ingested_timestamp")
    ^
SyntaxError: invalid syntax
[2025-09-10T21:39:12.451+0000] {processor.py:842} WARNING - No viable dags retrieved from /opt/airflow/dags/data_pipeline.py
[2025-09-10T21:39:12.822+0000] {processor.py:183} INFO - Processing /opt/airflow/dags/data_pipeline.py took 2.552 seconds
[2025-09-10T21:39:43.756+0000] {processor.py:161} INFO - Started process (PID=122) to work on /opt/airflow/dags/data_pipeline.py
[2025-09-10T21:39:43.758+0000] {processor.py:830} INFO - Processing file /opt/airflow/dags/data_pipeline.py for tasks to queue
[2025-09-10T21:39:43.762+0000] {logging_mixin.py:188} INFO - [2025-09-10T21:39:43.762+0000] {dagbag.py:538} INFO - Filling up the DagBag from /opt/airflow/dags/data_pipeline.py
[2025-09-10T21:39:43.949+0000] {logging_mixin.py:188} INFO - Pyspark version: 3.5.1
[2025-09-10T21:39:43.959+0000] {logging_mixin.py:188} INFO - [2025-09-10T21:39:43.954+0000] {dagbag.py:348} ERROR - Failed to import: /opt/airflow/dags/data_pipeline.py
Traceback (most recent call last):
  File "/home/airflow/.local/lib/python3.8/site-packages/airflow/models/dagbag.py", line 344, in parse
    loader.exec_module(new_module)
  File "<frozen importlib._bootstrap_external>", line 843, in exec_module
  File "<frozen importlib._bootstrap>", line 219, in _call_with_frames_removed
  File "/opt/airflow/dags/data_pipeline.py", line 11, in <module>
    from pipeline.silver_orders import silver_orders
  File "/opt/airflow/pipeline/silver_orders.py", line 50
    F.col("ingested_timestamp")
    ^
SyntaxError: invalid syntax
[2025-09-10T21:39:43.960+0000] {processor.py:842} WARNING - No viable dags retrieved from /opt/airflow/dags/data_pipeline.py
[2025-09-10T21:39:44.041+0000] {processor.py:183} INFO - Processing /opt/airflow/dags/data_pipeline.py took 0.293 seconds
[2025-09-10T21:40:14.340+0000] {processor.py:161} INFO - Started process (PID=123) to work on /opt/airflow/dags/data_pipeline.py
[2025-09-10T21:40:14.343+0000] {processor.py:830} INFO - Processing file /opt/airflow/dags/data_pipeline.py for tasks to queue
[2025-09-10T21:40:14.349+0000] {logging_mixin.py:188} INFO - [2025-09-10T21:40:14.348+0000] {dagbag.py:538} INFO - Filling up the DagBag from /opt/airflow/dags/data_pipeline.py
[2025-09-10T21:40:16.002+0000] {logging_mixin.py:188} INFO - Pyspark version: 3.5.1
[2025-09-10T21:40:16.041+0000] {logging_mixin.py:188} INFO - [2025-09-10T21:40:16.018+0000] {dagbag.py:348} ERROR - Failed to import: /opt/airflow/dags/data_pipeline.py
Traceback (most recent call last):
  File "/home/airflow/.local/lib/python3.8/site-packages/airflow/models/dagbag.py", line 344, in parse
    loader.exec_module(new_module)
  File "<frozen importlib._bootstrap_external>", line 843, in exec_module
  File "<frozen importlib._bootstrap>", line 219, in _call_with_frames_removed
  File "/opt/airflow/dags/data_pipeline.py", line 11, in <module>
    from pipeline.silver_orders import silver_orders
  File "/opt/airflow/pipeline/silver_orders.py", line 50
    F.col("ingested_timestamp")
    ^
SyntaxError: invalid syntax
[2025-09-10T21:40:16.046+0000] {processor.py:842} WARNING - No viable dags retrieved from /opt/airflow/dags/data_pipeline.py
[2025-09-10T21:40:16.593+0000] {processor.py:183} INFO - Processing /opt/airflow/dags/data_pipeline.py took 2.263 seconds
[2025-09-10T21:40:47.172+0000] {processor.py:161} INFO - Started process (PID=124) to work on /opt/airflow/dags/data_pipeline.py
[2025-09-10T21:40:47.180+0000] {processor.py:830} INFO - Processing file /opt/airflow/dags/data_pipeline.py for tasks to queue
[2025-09-10T21:40:47.197+0000] {logging_mixin.py:188} INFO - [2025-09-10T21:40:47.195+0000] {dagbag.py:538} INFO - Filling up the DagBag from /opt/airflow/dags/data_pipeline.py
[2025-09-10T21:40:49.591+0000] {logging_mixin.py:188} INFO - Pyspark version: 3.5.1
[2025-09-10T21:40:49.638+0000] {logging_mixin.py:188} INFO - [2025-09-10T21:40:49.609+0000] {dagbag.py:348} ERROR - Failed to import: /opt/airflow/dags/data_pipeline.py
Traceback (most recent call last):
  File "/home/airflow/.local/lib/python3.8/site-packages/airflow/models/dagbag.py", line 344, in parse
    loader.exec_module(new_module)
  File "<frozen importlib._bootstrap_external>", line 843, in exec_module
  File "<frozen importlib._bootstrap>", line 219, in _call_with_frames_removed
  File "/opt/airflow/dags/data_pipeline.py", line 11, in <module>
    from pipeline.silver_orders import silver_orders
  File "/opt/airflow/pipeline/silver_orders.py", line 50
    F.col("ingested_timestamp")
    ^
SyntaxError: invalid syntax
[2025-09-10T21:40:49.646+0000] {processor.py:842} WARNING - No viable dags retrieved from /opt/airflow/dags/data_pipeline.py
[2025-09-10T21:40:50.302+0000] {processor.py:183} INFO - Processing /opt/airflow/dags/data_pipeline.py took 3.154 seconds
[2025-09-10T21:41:20.750+0000] {processor.py:161} INFO - Started process (PID=125) to work on /opt/airflow/dags/data_pipeline.py
[2025-09-10T21:41:20.752+0000] {processor.py:830} INFO - Processing file /opt/airflow/dags/data_pipeline.py for tasks to queue
[2025-09-10T21:41:20.757+0000] {logging_mixin.py:188} INFO - [2025-09-10T21:41:20.757+0000] {dagbag.py:538} INFO - Filling up the DagBag from /opt/airflow/dags/data_pipeline.py
[2025-09-10T21:41:21.242+0000] {logging_mixin.py:188} INFO - Pyspark version: 3.5.1
[2025-09-10T21:41:21.264+0000] {logging_mixin.py:188} INFO - [2025-09-10T21:41:21.250+0000] {dagbag.py:348} ERROR - Failed to import: /opt/airflow/dags/data_pipeline.py
Traceback (most recent call last):
  File "/home/airflow/.local/lib/python3.8/site-packages/airflow/models/dagbag.py", line 344, in parse
    loader.exec_module(new_module)
  File "<frozen importlib._bootstrap_external>", line 843, in exec_module
  File "<frozen importlib._bootstrap>", line 219, in _call_with_frames_removed
  File "/opt/airflow/dags/data_pipeline.py", line 11, in <module>
    from pipeline.silver_orders import silver_orders
  File "/opt/airflow/pipeline/silver_orders.py", line 50
    F.col("ingested_timestamp")
    ^
SyntaxError: invalid syntax
[2025-09-10T21:41:21.264+0000] {processor.py:842} WARNING - No viable dags retrieved from /opt/airflow/dags/data_pipeline.py
[2025-09-10T21:41:21.407+0000] {processor.py:183} INFO - Processing /opt/airflow/dags/data_pipeline.py took 0.665 seconds
[2025-09-10T21:41:51.759+0000] {processor.py:161} INFO - Started process (PID=126) to work on /opt/airflow/dags/data_pipeline.py
[2025-09-10T21:41:51.761+0000] {processor.py:830} INFO - Processing file /opt/airflow/dags/data_pipeline.py for tasks to queue
[2025-09-10T21:41:51.766+0000] {logging_mixin.py:188} INFO - [2025-09-10T21:41:51.766+0000] {dagbag.py:538} INFO - Filling up the DagBag from /opt/airflow/dags/data_pipeline.py
[2025-09-10T21:41:53.319+0000] {logging_mixin.py:188} INFO - Pyspark version: 3.5.1
[2025-09-10T21:41:53.328+0000] {logging_mixin.py:188} INFO - [2025-09-10T21:41:53.324+0000] {dagbag.py:348} ERROR - Failed to import: /opt/airflow/dags/data_pipeline.py
Traceback (most recent call last):
  File "/home/airflow/.local/lib/python3.8/site-packages/airflow/models/dagbag.py", line 344, in parse
    loader.exec_module(new_module)
  File "<frozen importlib._bootstrap_external>", line 843, in exec_module
  File "<frozen importlib._bootstrap>", line 219, in _call_with_frames_removed
  File "/opt/airflow/dags/data_pipeline.py", line 11, in <module>
    from pipeline.silver_orders import silver_orders
  File "/opt/airflow/pipeline/silver_orders.py", line 50
    F.col("ingested_timestamp")
    ^
SyntaxError: invalid syntax
[2025-09-10T21:41:53.330+0000] {processor.py:842} WARNING - No viable dags retrieved from /opt/airflow/dags/data_pipeline.py
[2025-09-10T21:41:53.428+0000] {processor.py:183} INFO - Processing /opt/airflow/dags/data_pipeline.py took 1.676 seconds
[2025-09-10T21:42:23.669+0000] {processor.py:161} INFO - Started process (PID=127) to work on /opt/airflow/dags/data_pipeline.py
[2025-09-10T21:42:23.672+0000] {processor.py:830} INFO - Processing file /opt/airflow/dags/data_pipeline.py for tasks to queue
[2025-09-10T21:42:23.677+0000] {logging_mixin.py:188} INFO - [2025-09-10T21:42:23.677+0000] {dagbag.py:538} INFO - Filling up the DagBag from /opt/airflow/dags/data_pipeline.py
[2025-09-10T21:42:23.791+0000] {logging_mixin.py:188} INFO - Pyspark version: 3.5.1
[2025-09-10T21:42:23.798+0000] {logging_mixin.py:188} INFO - [2025-09-10T21:42:23.795+0000] {dagbag.py:348} ERROR - Failed to import: /opt/airflow/dags/data_pipeline.py
Traceback (most recent call last):
  File "/home/airflow/.local/lib/python3.8/site-packages/airflow/models/dagbag.py", line 344, in parse
    loader.exec_module(new_module)
  File "<frozen importlib._bootstrap_external>", line 843, in exec_module
  File "<frozen importlib._bootstrap>", line 219, in _call_with_frames_removed
  File "/opt/airflow/dags/data_pipeline.py", line 11, in <module>
    from pipeline.silver_orders import silver_orders
  File "/opt/airflow/pipeline/silver_orders.py", line 50
    F.col("ingested_timestamp")
    ^
SyntaxError: invalid syntax
[2025-09-10T21:42:23.799+0000] {processor.py:842} WARNING - No viable dags retrieved from /opt/airflow/dags/data_pipeline.py
[2025-09-10T21:42:23.841+0000] {processor.py:183} INFO - Processing /opt/airflow/dags/data_pipeline.py took 0.179 seconds
[2025-09-10T21:42:54.491+0000] {processor.py:161} INFO - Started process (PID=128) to work on /opt/airflow/dags/data_pipeline.py
[2025-09-10T21:42:54.497+0000] {processor.py:830} INFO - Processing file /opt/airflow/dags/data_pipeline.py for tasks to queue
[2025-09-10T21:42:54.508+0000] {logging_mixin.py:188} INFO - [2025-09-10T21:42:54.506+0000] {dagbag.py:538} INFO - Filling up the DagBag from /opt/airflow/dags/data_pipeline.py
[2025-09-10T21:42:54.929+0000] {logging_mixin.py:188} INFO - Pyspark version: 3.5.1
[2025-09-10T21:42:54.940+0000] {logging_mixin.py:188} INFO - [2025-09-10T21:42:54.935+0000] {dagbag.py:348} ERROR - Failed to import: /opt/airflow/dags/data_pipeline.py
Traceback (most recent call last):
  File "/home/airflow/.local/lib/python3.8/site-packages/airflow/models/dagbag.py", line 344, in parse
    loader.exec_module(new_module)
  File "<frozen importlib._bootstrap_external>", line 843, in exec_module
  File "<frozen importlib._bootstrap>", line 219, in _call_with_frames_removed
  File "/opt/airflow/dags/data_pipeline.py", line 11, in <module>
    from pipeline.silver_orders import silver_orders
  File "/opt/airflow/pipeline/silver_orders.py", line 50
    F.col("ingested_timestamp")
    ^
SyntaxError: invalid syntax
[2025-09-10T21:42:54.942+0000] {processor.py:842} WARNING - No viable dags retrieved from /opt/airflow/dags/data_pipeline.py
[2025-09-10T21:42:55.404+0000] {processor.py:183} INFO - Processing /opt/airflow/dags/data_pipeline.py took 0.931 seconds
[2025-09-10T21:43:25.801+0000] {processor.py:161} INFO - Started process (PID=129) to work on /opt/airflow/dags/data_pipeline.py
[2025-09-10T21:43:25.805+0000] {processor.py:830} INFO - Processing file /opt/airflow/dags/data_pipeline.py for tasks to queue
[2025-09-10T21:43:25.813+0000] {logging_mixin.py:188} INFO - [2025-09-10T21:43:25.812+0000] {dagbag.py:538} INFO - Filling up the DagBag from /opt/airflow/dags/data_pipeline.py
[2025-09-10T21:43:25.976+0000] {logging_mixin.py:188} INFO - Pyspark version: 3.5.1
[2025-09-10T21:43:25.984+0000] {logging_mixin.py:188} INFO - [2025-09-10T21:43:25.981+0000] {dagbag.py:348} ERROR - Failed to import: /opt/airflow/dags/data_pipeline.py
Traceback (most recent call last):
  File "/home/airflow/.local/lib/python3.8/site-packages/airflow/models/dagbag.py", line 344, in parse
    loader.exec_module(new_module)
  File "<frozen importlib._bootstrap_external>", line 843, in exec_module
  File "<frozen importlib._bootstrap>", line 219, in _call_with_frames_removed
  File "/opt/airflow/dags/data_pipeline.py", line 11, in <module>
    from pipeline.silver_orders import silver_orders
  File "/opt/airflow/pipeline/silver_orders.py", line 50
    F.col("ingested_timestamp")
    ^
SyntaxError: invalid syntax
[2025-09-10T21:43:25.985+0000] {processor.py:842} WARNING - No viable dags retrieved from /opt/airflow/dags/data_pipeline.py
[2025-09-10T21:43:26.038+0000] {processor.py:183} INFO - Processing /opt/airflow/dags/data_pipeline.py took 0.248 seconds
[2025-09-10T21:43:56.198+0000] {processor.py:161} INFO - Started process (PID=130) to work on /opt/airflow/dags/data_pipeline.py
[2025-09-10T21:43:56.201+0000] {processor.py:830} INFO - Processing file /opt/airflow/dags/data_pipeline.py for tasks to queue
[2025-09-10T21:43:56.207+0000] {logging_mixin.py:188} INFO - [2025-09-10T21:43:56.207+0000] {dagbag.py:538} INFO - Filling up the DagBag from /opt/airflow/dags/data_pipeline.py
[2025-09-10T21:43:56.426+0000] {logging_mixin.py:188} INFO - Pyspark version: 3.5.1
[2025-09-10T21:43:56.431+0000] {logging_mixin.py:188} INFO - [2025-09-10T21:43:56.429+0000] {dagbag.py:348} ERROR - Failed to import: /opt/airflow/dags/data_pipeline.py
Traceback (most recent call last):
  File "/home/airflow/.local/lib/python3.8/site-packages/airflow/models/dagbag.py", line 344, in parse
    loader.exec_module(new_module)
  File "<frozen importlib._bootstrap_external>", line 843, in exec_module
  File "<frozen importlib._bootstrap>", line 219, in _call_with_frames_removed
  File "/opt/airflow/dags/data_pipeline.py", line 11, in <module>
    from pipeline.silver_orders import silver_orders
  File "/opt/airflow/pipeline/silver_orders.py", line 50
    F.col("ingested_timestamp")
    ^
SyntaxError: invalid syntax
[2025-09-10T21:43:56.432+0000] {processor.py:842} WARNING - No viable dags retrieved from /opt/airflow/dags/data_pipeline.py
[2025-09-10T21:43:56.472+0000] {processor.py:183} INFO - Processing /opt/airflow/dags/data_pipeline.py took 0.285 seconds
[2025-09-10T21:44:26.658+0000] {processor.py:161} INFO - Started process (PID=131) to work on /opt/airflow/dags/data_pipeline.py
[2025-09-10T21:44:26.659+0000] {processor.py:830} INFO - Processing file /opt/airflow/dags/data_pipeline.py for tasks to queue
[2025-09-10T21:44:26.662+0000] {logging_mixin.py:188} INFO - [2025-09-10T21:44:26.662+0000] {dagbag.py:538} INFO - Filling up the DagBag from /opt/airflow/dags/data_pipeline.py
[2025-09-10T21:44:26.765+0000] {logging_mixin.py:188} INFO - Pyspark version: 3.5.1
[2025-09-10T21:44:26.770+0000] {logging_mixin.py:188} INFO - [2025-09-10T21:44:26.768+0000] {dagbag.py:348} ERROR - Failed to import: /opt/airflow/dags/data_pipeline.py
Traceback (most recent call last):
  File "/home/airflow/.local/lib/python3.8/site-packages/airflow/models/dagbag.py", line 344, in parse
    loader.exec_module(new_module)
  File "<frozen importlib._bootstrap_external>", line 843, in exec_module
  File "<frozen importlib._bootstrap>", line 219, in _call_with_frames_removed
  File "/opt/airflow/dags/data_pipeline.py", line 11, in <module>
    from pipeline.silver_orders import silver_orders
  File "/opt/airflow/pipeline/silver_orders.py", line 50
    F.col("ingested_timestamp")
    ^
SyntaxError: invalid syntax
[2025-09-10T21:44:26.772+0000] {processor.py:842} WARNING - No viable dags retrieved from /opt/airflow/dags/data_pipeline.py
[2025-09-10T21:44:26.822+0000] {processor.py:183} INFO - Processing /opt/airflow/dags/data_pipeline.py took 0.169 seconds
[2025-09-10T21:44:57.072+0000] {processor.py:161} INFO - Started process (PID=132) to work on /opt/airflow/dags/data_pipeline.py
[2025-09-10T21:44:57.074+0000] {processor.py:830} INFO - Processing file /opt/airflow/dags/data_pipeline.py for tasks to queue
[2025-09-10T21:44:57.081+0000] {logging_mixin.py:188} INFO - [2025-09-10T21:44:57.080+0000] {dagbag.py:538} INFO - Filling up the DagBag from /opt/airflow/dags/data_pipeline.py
[2025-09-10T21:44:57.646+0000] {logging_mixin.py:188} INFO - Pyspark version: 3.5.1
[2025-09-10T21:44:57.667+0000] {logging_mixin.py:188} INFO - [2025-09-10T21:44:57.655+0000] {dagbag.py:348} ERROR - Failed to import: /opt/airflow/dags/data_pipeline.py
Traceback (most recent call last):
  File "/home/airflow/.local/lib/python3.8/site-packages/airflow/models/dagbag.py", line 344, in parse
    loader.exec_module(new_module)
  File "<frozen importlib._bootstrap_external>", line 843, in exec_module
  File "<frozen importlib._bootstrap>", line 219, in _call_with_frames_removed
  File "/opt/airflow/dags/data_pipeline.py", line 11, in <module>
    from pipeline.silver_orders import silver_orders
  File "/opt/airflow/pipeline/silver_orders.py", line 50
    F.col("ingested_timestamp")
    ^
SyntaxError: invalid syntax
[2025-09-10T21:44:57.668+0000] {processor.py:842} WARNING - No viable dags retrieved from /opt/airflow/dags/data_pipeline.py
[2025-09-10T21:44:57.808+0000] {processor.py:183} INFO - Processing /opt/airflow/dags/data_pipeline.py took 0.748 seconds
[2025-09-10T21:45:28.153+0000] {processor.py:161} INFO - Started process (PID=133) to work on /opt/airflow/dags/data_pipeline.py
[2025-09-10T21:45:28.158+0000] {processor.py:830} INFO - Processing file /opt/airflow/dags/data_pipeline.py for tasks to queue
[2025-09-10T21:45:28.168+0000] {logging_mixin.py:188} INFO - [2025-09-10T21:45:28.167+0000] {dagbag.py:538} INFO - Filling up the DagBag from /opt/airflow/dags/data_pipeline.py
[2025-09-10T21:45:28.459+0000] {logging_mixin.py:188} INFO - Pyspark version: 3.5.1
[2025-09-10T21:45:28.465+0000] {logging_mixin.py:188} INFO - [2025-09-10T21:45:28.462+0000] {dagbag.py:348} ERROR - Failed to import: /opt/airflow/dags/data_pipeline.py
Traceback (most recent call last):
  File "/home/airflow/.local/lib/python3.8/site-packages/airflow/models/dagbag.py", line 344, in parse
    loader.exec_module(new_module)
  File "<frozen importlib._bootstrap_external>", line 843, in exec_module
  File "<frozen importlib._bootstrap>", line 219, in _call_with_frames_removed
  File "/opt/airflow/dags/data_pipeline.py", line 11, in <module>
    from pipeline.silver_orders import silver_orders
  File "/opt/airflow/pipeline/silver_orders.py", line 50
    F.col("ingested_timestamp")
    ^
SyntaxError: invalid syntax
[2025-09-10T21:45:28.466+0000] {processor.py:842} WARNING - No viable dags retrieved from /opt/airflow/dags/data_pipeline.py
[2025-09-10T21:45:28.511+0000] {processor.py:183} INFO - Processing /opt/airflow/dags/data_pipeline.py took 0.379 seconds
[2025-09-10T21:45:58.736+0000] {processor.py:161} INFO - Started process (PID=134) to work on /opt/airflow/dags/data_pipeline.py
[2025-09-10T21:45:58.738+0000] {processor.py:830} INFO - Processing file /opt/airflow/dags/data_pipeline.py for tasks to queue
[2025-09-10T21:45:58.743+0000] {logging_mixin.py:188} INFO - [2025-09-10T21:45:58.743+0000] {dagbag.py:538} INFO - Filling up the DagBag from /opt/airflow/dags/data_pipeline.py
[2025-09-10T21:45:58.898+0000] {logging_mixin.py:188} INFO - Pyspark version: 3.5.1
[2025-09-10T21:45:58.905+0000] {logging_mixin.py:188} INFO - [2025-09-10T21:45:58.902+0000] {dagbag.py:348} ERROR - Failed to import: /opt/airflow/dags/data_pipeline.py
Traceback (most recent call last):
  File "/home/airflow/.local/lib/python3.8/site-packages/airflow/models/dagbag.py", line 344, in parse
    loader.exec_module(new_module)
  File "<frozen importlib._bootstrap_external>", line 843, in exec_module
  File "<frozen importlib._bootstrap>", line 219, in _call_with_frames_removed
  File "/opt/airflow/dags/data_pipeline.py", line 11, in <module>
    from pipeline.silver_orders import silver_orders
  File "/opt/airflow/pipeline/silver_orders.py", line 50
    F.col("ingested_timestamp")
    ^
SyntaxError: invalid syntax
[2025-09-10T21:45:58.906+0000] {processor.py:842} WARNING - No viable dags retrieved from /opt/airflow/dags/data_pipeline.py
[2025-09-10T21:45:58.953+0000] {processor.py:183} INFO - Processing /opt/airflow/dags/data_pipeline.py took 0.226 seconds
[2025-09-10T21:46:29.201+0000] {processor.py:161} INFO - Started process (PID=135) to work on /opt/airflow/dags/data_pipeline.py
[2025-09-10T21:46:29.203+0000] {processor.py:830} INFO - Processing file /opt/airflow/dags/data_pipeline.py for tasks to queue
[2025-09-10T21:46:29.211+0000] {logging_mixin.py:188} INFO - [2025-09-10T21:46:29.210+0000] {dagbag.py:538} INFO - Filling up the DagBag from /opt/airflow/dags/data_pipeline.py
[2025-09-10T21:46:29.395+0000] {logging_mixin.py:188} INFO - Pyspark version: 3.5.1
[2025-09-10T21:46:29.402+0000] {logging_mixin.py:188} INFO - [2025-09-10T21:46:29.399+0000] {dagbag.py:348} ERROR - Failed to import: /opt/airflow/dags/data_pipeline.py
Traceback (most recent call last):
  File "/home/airflow/.local/lib/python3.8/site-packages/airflow/models/dagbag.py", line 344, in parse
    loader.exec_module(new_module)
  File "<frozen importlib._bootstrap_external>", line 843, in exec_module
  File "<frozen importlib._bootstrap>", line 219, in _call_with_frames_removed
  File "/opt/airflow/dags/data_pipeline.py", line 11, in <module>
    from pipeline.silver_orders import silver_orders
  File "/opt/airflow/pipeline/silver_orders.py", line 50
    F.col("ingested_timestamp")
    ^
SyntaxError: invalid syntax
[2025-09-10T21:46:29.403+0000] {processor.py:842} WARNING - No viable dags retrieved from /opt/airflow/dags/data_pipeline.py
[2025-09-10T21:46:29.461+0000] {processor.py:183} INFO - Processing /opt/airflow/dags/data_pipeline.py took 0.270 seconds
[2025-09-10T21:46:59.658+0000] {processor.py:161} INFO - Started process (PID=136) to work on /opt/airflow/dags/data_pipeline.py
[2025-09-10T21:46:59.660+0000] {processor.py:830} INFO - Processing file /opt/airflow/dags/data_pipeline.py for tasks to queue
[2025-09-10T21:46:59.664+0000] {logging_mixin.py:188} INFO - [2025-09-10T21:46:59.664+0000] {dagbag.py:538} INFO - Filling up the DagBag from /opt/airflow/dags/data_pipeline.py
[2025-09-10T21:46:59.837+0000] {logging_mixin.py:188} INFO - Pyspark version: 3.5.1
[2025-09-10T21:46:59.845+0000] {logging_mixin.py:188} INFO - [2025-09-10T21:46:59.841+0000] {dagbag.py:348} ERROR - Failed to import: /opt/airflow/dags/data_pipeline.py
Traceback (most recent call last):
  File "/home/airflow/.local/lib/python3.8/site-packages/airflow/models/dagbag.py", line 344, in parse
    loader.exec_module(new_module)
  File "<frozen importlib._bootstrap_external>", line 843, in exec_module
  File "<frozen importlib._bootstrap>", line 219, in _call_with_frames_removed
  File "/opt/airflow/dags/data_pipeline.py", line 11, in <module>
    from pipeline.silver_orders import silver_orders
  File "/opt/airflow/pipeline/silver_orders.py", line 50
    F.col("ingested_timestamp")
    ^
SyntaxError: invalid syntax
[2025-09-10T21:46:59.847+0000] {processor.py:842} WARNING - No viable dags retrieved from /opt/airflow/dags/data_pipeline.py
[2025-09-10T21:46:59.921+0000] {processor.py:183} INFO - Processing /opt/airflow/dags/data_pipeline.py took 0.268 seconds
[2025-09-10T21:47:30.164+0000] {processor.py:161} INFO - Started process (PID=137) to work on /opt/airflow/dags/data_pipeline.py
[2025-09-10T21:47:30.165+0000] {processor.py:830} INFO - Processing file /opt/airflow/dags/data_pipeline.py for tasks to queue
[2025-09-10T21:47:30.169+0000] {logging_mixin.py:188} INFO - [2025-09-10T21:47:30.168+0000] {dagbag.py:538} INFO - Filling up the DagBag from /opt/airflow/dags/data_pipeline.py
[2025-09-10T21:47:30.307+0000] {logging_mixin.py:188} INFO - Pyspark version: 3.5.1
[2025-09-10T21:47:30.312+0000] {logging_mixin.py:188} INFO - [2025-09-10T21:47:30.310+0000] {dagbag.py:348} ERROR - Failed to import: /opt/airflow/dags/data_pipeline.py
Traceback (most recent call last):
  File "/home/airflow/.local/lib/python3.8/site-packages/airflow/models/dagbag.py", line 344, in parse
    loader.exec_module(new_module)
  File "<frozen importlib._bootstrap_external>", line 843, in exec_module
  File "<frozen importlib._bootstrap>", line 219, in _call_with_frames_removed
  File "/opt/airflow/dags/data_pipeline.py", line 11, in <module>
    from pipeline.silver_orders import silver_orders
  File "/opt/airflow/pipeline/silver_orders.py", line 50
    F.col("ingested_timestamp")
    ^
SyntaxError: invalid syntax
[2025-09-10T21:47:30.313+0000] {processor.py:842} WARNING - No viable dags retrieved from /opt/airflow/dags/data_pipeline.py
[2025-09-10T21:47:30.543+0000] {processor.py:183} INFO - Processing /opt/airflow/dags/data_pipeline.py took 0.384 seconds
[2025-09-10T21:48:00.851+0000] {processor.py:161} INFO - Started process (PID=138) to work on /opt/airflow/dags/data_pipeline.py
[2025-09-10T21:48:00.853+0000] {processor.py:830} INFO - Processing file /opt/airflow/dags/data_pipeline.py for tasks to queue
[2025-09-10T21:48:00.857+0000] {logging_mixin.py:188} INFO - [2025-09-10T21:48:00.857+0000] {dagbag.py:538} INFO - Filling up the DagBag from /opt/airflow/dags/data_pipeline.py
[2025-09-10T21:48:01.668+0000] {logging_mixin.py:188} INFO - Pyspark version: 3.5.1
[2025-09-10T21:48:01.683+0000] {logging_mixin.py:188} INFO - [2025-09-10T21:48:01.673+0000] {dagbag.py:348} ERROR - Failed to import: /opt/airflow/dags/data_pipeline.py
Traceback (most recent call last):
  File "/home/airflow/.local/lib/python3.8/site-packages/airflow/models/dagbag.py", line 344, in parse
    loader.exec_module(new_module)
  File "<frozen importlib._bootstrap_external>", line 843, in exec_module
  File "<frozen importlib._bootstrap>", line 219, in _call_with_frames_removed
  File "/opt/airflow/dags/data_pipeline.py", line 11, in <module>
    from pipeline.silver_orders import silver_orders
  File "/opt/airflow/pipeline/silver_orders.py", line 50
    F.col("ingested_timestamp")
    ^
SyntaxError: invalid syntax
[2025-09-10T21:48:01.684+0000] {processor.py:842} WARNING - No viable dags retrieved from /opt/airflow/dags/data_pipeline.py
[2025-09-10T21:48:01.775+0000] {processor.py:183} INFO - Processing /opt/airflow/dags/data_pipeline.py took 0.932 seconds
[2025-09-10T21:48:32.103+0000] {processor.py:161} INFO - Started process (PID=139) to work on /opt/airflow/dags/data_pipeline.py
[2025-09-10T21:48:32.105+0000] {processor.py:830} INFO - Processing file /opt/airflow/dags/data_pipeline.py for tasks to queue
[2025-09-10T21:48:32.112+0000] {logging_mixin.py:188} INFO - [2025-09-10T21:48:32.112+0000] {dagbag.py:538} INFO - Filling up the DagBag from /opt/airflow/dags/data_pipeline.py
[2025-09-10T21:48:32.234+0000] {logging_mixin.py:188} INFO - Pyspark version: 3.5.1
[2025-09-10T21:48:32.239+0000] {logging_mixin.py:188} INFO - [2025-09-10T21:48:32.237+0000] {dagbag.py:348} ERROR - Failed to import: /opt/airflow/dags/data_pipeline.py
Traceback (most recent call last):
  File "/home/airflow/.local/lib/python3.8/site-packages/airflow/models/dagbag.py", line 344, in parse
    loader.exec_module(new_module)
  File "<frozen importlib._bootstrap_external>", line 843, in exec_module
  File "<frozen importlib._bootstrap>", line 219, in _call_with_frames_removed
  File "/opt/airflow/dags/data_pipeline.py", line 11, in <module>
    from pipeline.silver_orders import silver_orders
  File "/opt/airflow/pipeline/silver_orders.py", line 50
    F.col("ingested_timestamp")
    ^
SyntaxError: invalid syntax
[2025-09-10T21:48:32.240+0000] {processor.py:842} WARNING - No viable dags retrieved from /opt/airflow/dags/data_pipeline.py
[2025-09-10T21:48:32.285+0000] {processor.py:183} INFO - Processing /opt/airflow/dags/data_pipeline.py took 0.188 seconds
[2025-09-10T21:49:02.382+0000] {processor.py:161} INFO - Started process (PID=140) to work on /opt/airflow/dags/data_pipeline.py
[2025-09-10T21:49:02.384+0000] {processor.py:830} INFO - Processing file /opt/airflow/dags/data_pipeline.py for tasks to queue
[2025-09-10T21:49:02.389+0000] {logging_mixin.py:188} INFO - [2025-09-10T21:49:02.388+0000] {dagbag.py:538} INFO - Filling up the DagBag from /opt/airflow/dags/data_pipeline.py
[2025-09-10T21:49:02.527+0000] {logging_mixin.py:188} INFO - Pyspark version: 3.5.1
[2025-09-10T21:49:02.534+0000] {logging_mixin.py:188} INFO - [2025-09-10T21:49:02.532+0000] {dagbag.py:348} ERROR - Failed to import: /opt/airflow/dags/data_pipeline.py
Traceback (most recent call last):
  File "/home/airflow/.local/lib/python3.8/site-packages/airflow/models/dagbag.py", line 344, in parse
    loader.exec_module(new_module)
  File "<frozen importlib._bootstrap_external>", line 843, in exec_module
  File "<frozen importlib._bootstrap>", line 219, in _call_with_frames_removed
  File "/opt/airflow/dags/data_pipeline.py", line 11, in <module>
    from pipeline.silver_orders import silver_orders
  File "/opt/airflow/pipeline/silver_orders.py", line 50
    F.col("ingested_timestamp")
    ^
SyntaxError: invalid syntax
[2025-09-10T21:49:02.535+0000] {processor.py:842} WARNING - No viable dags retrieved from /opt/airflow/dags/data_pipeline.py
[2025-09-10T21:49:02.579+0000] {processor.py:183} INFO - Processing /opt/airflow/dags/data_pipeline.py took 0.205 seconds
[2025-09-10T21:49:32.667+0000] {processor.py:161} INFO - Started process (PID=141) to work on /opt/airflow/dags/data_pipeline.py
[2025-09-10T21:49:32.670+0000] {processor.py:830} INFO - Processing file /opt/airflow/dags/data_pipeline.py for tasks to queue
[2025-09-10T21:49:32.675+0000] {logging_mixin.py:188} INFO - [2025-09-10T21:49:32.674+0000] {dagbag.py:538} INFO - Filling up the DagBag from /opt/airflow/dags/data_pipeline.py
[2025-09-10T21:49:32.775+0000] {logging_mixin.py:188} INFO - Pyspark version: 3.5.1
[2025-09-10T21:49:32.779+0000] {logging_mixin.py:188} INFO - [2025-09-10T21:49:32.778+0000] {dagbag.py:348} ERROR - Failed to import: /opt/airflow/dags/data_pipeline.py
Traceback (most recent call last):
  File "/home/airflow/.local/lib/python3.8/site-packages/airflow/models/dagbag.py", line 344, in parse
    loader.exec_module(new_module)
  File "<frozen importlib._bootstrap_external>", line 843, in exec_module
  File "<frozen importlib._bootstrap>", line 219, in _call_with_frames_removed
  File "/opt/airflow/dags/data_pipeline.py", line 11, in <module>
    from pipeline.silver_orders import silver_orders
  File "/opt/airflow/pipeline/silver_orders.py", line 50
    F.col("ingested_timestamp")
    ^
SyntaxError: invalid syntax
[2025-09-10T21:49:32.780+0000] {processor.py:842} WARNING - No viable dags retrieved from /opt/airflow/dags/data_pipeline.py
[2025-09-10T21:49:32.809+0000] {processor.py:183} INFO - Processing /opt/airflow/dags/data_pipeline.py took 0.150 seconds
[2025-09-10T21:50:03.033+0000] {processor.py:161} INFO - Started process (PID=142) to work on /opt/airflow/dags/data_pipeline.py
[2025-09-10T21:50:03.036+0000] {processor.py:830} INFO - Processing file /opt/airflow/dags/data_pipeline.py for tasks to queue
[2025-09-10T21:50:03.045+0000] {logging_mixin.py:188} INFO - [2025-09-10T21:50:03.044+0000] {dagbag.py:538} INFO - Filling up the DagBag from /opt/airflow/dags/data_pipeline.py
[2025-09-10T21:50:03.428+0000] {logging_mixin.py:188} INFO - Pyspark version: 3.5.1
[2025-09-10T21:50:03.438+0000] {logging_mixin.py:188} INFO - [2025-09-10T21:50:03.434+0000] {dagbag.py:348} ERROR - Failed to import: /opt/airflow/dags/data_pipeline.py
Traceback (most recent call last):
  File "/home/airflow/.local/lib/python3.8/site-packages/airflow/models/dagbag.py", line 344, in parse
    loader.exec_module(new_module)
  File "<frozen importlib._bootstrap_external>", line 843, in exec_module
  File "<frozen importlib._bootstrap>", line 219, in _call_with_frames_removed
  File "/opt/airflow/dags/data_pipeline.py", line 11, in <module>
    from pipeline.silver_orders import silver_orders
  File "/opt/airflow/pipeline/silver_orders.py", line 50
    F.col("ingested_timestamp")
    ^
SyntaxError: invalid syntax
[2025-09-10T21:50:03.440+0000] {processor.py:842} WARNING - No viable dags retrieved from /opt/airflow/dags/data_pipeline.py
[2025-09-10T21:50:03.531+0000] {processor.py:183} INFO - Processing /opt/airflow/dags/data_pipeline.py took 0.511 seconds
[2025-09-10T21:50:33.721+0000] {processor.py:161} INFO - Started process (PID=143) to work on /opt/airflow/dags/data_pipeline.py
[2025-09-10T21:50:33.726+0000] {processor.py:830} INFO - Processing file /opt/airflow/dags/data_pipeline.py for tasks to queue
[2025-09-10T21:50:33.733+0000] {logging_mixin.py:188} INFO - [2025-09-10T21:50:33.732+0000] {dagbag.py:538} INFO - Filling up the DagBag from /opt/airflow/dags/data_pipeline.py
[2025-09-10T21:50:34.031+0000] {logging_mixin.py:188} INFO - Pyspark version: 3.5.1
[2025-09-10T21:50:34.038+0000] {logging_mixin.py:188} INFO - [2025-09-10T21:50:34.035+0000] {dagbag.py:348} ERROR - Failed to import: /opt/airflow/dags/data_pipeline.py
Traceback (most recent call last):
  File "/home/airflow/.local/lib/python3.8/site-packages/airflow/models/dagbag.py", line 344, in parse
    loader.exec_module(new_module)
  File "<frozen importlib._bootstrap_external>", line 843, in exec_module
  File "<frozen importlib._bootstrap>", line 219, in _call_with_frames_removed
  File "/opt/airflow/dags/data_pipeline.py", line 11, in <module>
    from pipeline.silver_orders import silver_orders
  File "/opt/airflow/pipeline/silver_orders.py", line 50
    F.col("ingested_timestamp")
    ^
SyntaxError: invalid syntax
[2025-09-10T21:50:34.039+0000] {processor.py:842} WARNING - No viable dags retrieved from /opt/airflow/dags/data_pipeline.py
[2025-09-10T21:50:34.526+0000] {processor.py:183} INFO - Processing /opt/airflow/dags/data_pipeline.py took 0.820 seconds
[2025-09-10T21:51:04.609+0000] {processor.py:161} INFO - Started process (PID=144) to work on /opt/airflow/dags/data_pipeline.py
[2025-09-10T21:51:04.611+0000] {processor.py:830} INFO - Processing file /opt/airflow/dags/data_pipeline.py for tasks to queue
[2025-09-10T21:51:04.614+0000] {logging_mixin.py:188} INFO - [2025-09-10T21:51:04.614+0000] {dagbag.py:538} INFO - Filling up the DagBag from /opt/airflow/dags/data_pipeline.py
[2025-09-10T21:51:04.907+0000] {logging_mixin.py:188} INFO - Pyspark version: 3.5.1
[2025-09-10T21:51:04.910+0000] {logging_mixin.py:188} INFO - [2025-09-10T21:51:04.909+0000] {dagbag.py:348} ERROR - Failed to import: /opt/airflow/dags/data_pipeline.py
Traceback (most recent call last):
  File "/home/airflow/.local/lib/python3.8/site-packages/airflow/models/dagbag.py", line 344, in parse
    loader.exec_module(new_module)
  File "<frozen importlib._bootstrap_external>", line 843, in exec_module
  File "<frozen importlib._bootstrap>", line 219, in _call_with_frames_removed
  File "/opt/airflow/dags/data_pipeline.py", line 11, in <module>
    from pipeline.silver_orders import silver_orders
  File "/opt/airflow/pipeline/silver_orders.py", line 50
    F.col("ingested_timestamp")
    ^
SyntaxError: invalid syntax
[2025-09-10T21:51:04.911+0000] {processor.py:842} WARNING - No viable dags retrieved from /opt/airflow/dags/data_pipeline.py
[2025-09-10T21:51:04.950+0000] {processor.py:183} INFO - Processing /opt/airflow/dags/data_pipeline.py took 0.345 seconds
[2025-09-10T21:51:35.243+0000] {processor.py:161} INFO - Started process (PID=145) to work on /opt/airflow/dags/data_pipeline.py
[2025-09-10T21:51:35.245+0000] {processor.py:830} INFO - Processing file /opt/airflow/dags/data_pipeline.py for tasks to queue
[2025-09-10T21:51:35.250+0000] {logging_mixin.py:188} INFO - [2025-09-10T21:51:35.249+0000] {dagbag.py:538} INFO - Filling up the DagBag from /opt/airflow/dags/data_pipeline.py
[2025-09-10T21:51:35.358+0000] {logging_mixin.py:188} INFO - Pyspark version: 3.5.1
[2025-09-10T21:51:35.361+0000] {logging_mixin.py:188} INFO - [2025-09-10T21:51:35.359+0000] {dagbag.py:348} ERROR - Failed to import: /opt/airflow/dags/data_pipeline.py
Traceback (most recent call last):
  File "/home/airflow/.local/lib/python3.8/site-packages/airflow/models/dagbag.py", line 344, in parse
    loader.exec_module(new_module)
  File "<frozen importlib._bootstrap_external>", line 843, in exec_module
  File "<frozen importlib._bootstrap>", line 219, in _call_with_frames_removed
  File "/opt/airflow/dags/data_pipeline.py", line 11, in <module>
    from pipeline.silver_orders import silver_orders
  File "/opt/airflow/pipeline/silver_orders.py", line 50
    F.col("ingested_timestamp")
    ^
SyntaxError: invalid syntax
[2025-09-10T21:51:35.362+0000] {processor.py:842} WARNING - No viable dags retrieved from /opt/airflow/dags/data_pipeline.py
[2025-09-10T21:51:35.403+0000] {processor.py:183} INFO - Processing /opt/airflow/dags/data_pipeline.py took 0.174 seconds
[2025-09-10T21:52:05.640+0000] {processor.py:161} INFO - Started process (PID=146) to work on /opt/airflow/dags/data_pipeline.py
[2025-09-10T21:52:05.643+0000] {processor.py:830} INFO - Processing file /opt/airflow/dags/data_pipeline.py for tasks to queue
[2025-09-10T21:52:05.652+0000] {logging_mixin.py:188} INFO - [2025-09-10T21:52:05.651+0000] {dagbag.py:538} INFO - Filling up the DagBag from /opt/airflow/dags/data_pipeline.py
[2025-09-10T21:52:05.902+0000] {logging_mixin.py:188} INFO - Pyspark version: 3.5.1
[2025-09-10T21:52:05.908+0000] {logging_mixin.py:188} INFO - [2025-09-10T21:52:05.905+0000] {dagbag.py:348} ERROR - Failed to import: /opt/airflow/dags/data_pipeline.py
Traceback (most recent call last):
  File "/home/airflow/.local/lib/python3.8/site-packages/airflow/models/dagbag.py", line 344, in parse
    loader.exec_module(new_module)
  File "<frozen importlib._bootstrap_external>", line 843, in exec_module
  File "<frozen importlib._bootstrap>", line 219, in _call_with_frames_removed
  File "/opt/airflow/dags/data_pipeline.py", line 11, in <module>
    from pipeline.silver_orders import silver_orders
  File "/opt/airflow/pipeline/silver_orders.py", line 50
    F.col("ingested_timestamp")
    ^
SyntaxError: invalid syntax
[2025-09-10T21:52:05.910+0000] {processor.py:842} WARNING - No viable dags retrieved from /opt/airflow/dags/data_pipeline.py
[2025-09-10T21:52:06.004+0000] {processor.py:183} INFO - Processing /opt/airflow/dags/data_pipeline.py took 0.385 seconds
[2025-09-10T21:52:36.244+0000] {processor.py:161} INFO - Started process (PID=147) to work on /opt/airflow/dags/data_pipeline.py
[2025-09-10T21:52:36.249+0000] {processor.py:830} INFO - Processing file /opt/airflow/dags/data_pipeline.py for tasks to queue
[2025-09-10T21:52:36.262+0000] {logging_mixin.py:188} INFO - [2025-09-10T21:52:36.260+0000] {dagbag.py:538} INFO - Filling up the DagBag from /opt/airflow/dags/data_pipeline.py
[2025-09-10T21:52:36.530+0000] {logging_mixin.py:188} INFO - Pyspark version: 3.5.1
[2025-09-10T21:52:36.539+0000] {logging_mixin.py:188} INFO - [2025-09-10T21:52:36.535+0000] {dagbag.py:348} ERROR - Failed to import: /opt/airflow/dags/data_pipeline.py
Traceback (most recent call last):
  File "/home/airflow/.local/lib/python3.8/site-packages/airflow/models/dagbag.py", line 344, in parse
    loader.exec_module(new_module)
  File "<frozen importlib._bootstrap_external>", line 843, in exec_module
  File "<frozen importlib._bootstrap>", line 219, in _call_with_frames_removed
  File "/opt/airflow/dags/data_pipeline.py", line 11, in <module>
    from pipeline.silver_orders import silver_orders
  File "/opt/airflow/pipeline/silver_orders.py", line 50
    F.col("ingested_timestamp")
    ^
SyntaxError: invalid syntax
[2025-09-10T21:52:36.541+0000] {processor.py:842} WARNING - No viable dags retrieved from /opt/airflow/dags/data_pipeline.py
[2025-09-10T21:52:36.595+0000] {processor.py:183} INFO - Processing /opt/airflow/dags/data_pipeline.py took 0.368 seconds
[2025-09-10T21:53:06.835+0000] {processor.py:161} INFO - Started process (PID=148) to work on /opt/airflow/dags/data_pipeline.py
[2025-09-10T21:53:06.837+0000] {processor.py:830} INFO - Processing file /opt/airflow/dags/data_pipeline.py for tasks to queue
[2025-09-10T21:53:06.843+0000] {logging_mixin.py:188} INFO - [2025-09-10T21:53:06.843+0000] {dagbag.py:538} INFO - Filling up the DagBag from /opt/airflow/dags/data_pipeline.py
[2025-09-10T21:53:06.981+0000] {logging_mixin.py:188} INFO - Pyspark version: 3.5.1
[2025-09-10T21:53:06.991+0000] {logging_mixin.py:188} INFO - [2025-09-10T21:53:06.986+0000] {dagbag.py:348} ERROR - Failed to import: /opt/airflow/dags/data_pipeline.py
Traceback (most recent call last):
  File "/home/airflow/.local/lib/python3.8/site-packages/airflow/models/dagbag.py", line 344, in parse
    loader.exec_module(new_module)
  File "<frozen importlib._bootstrap_external>", line 843, in exec_module
  File "<frozen importlib._bootstrap>", line 219, in _call_with_frames_removed
  File "/opt/airflow/dags/data_pipeline.py", line 11, in <module>
    from pipeline.silver_orders import silver_orders
  File "/opt/airflow/pipeline/silver_orders.py", line 50
    F.col("ingested_timestamp")
    ^
SyntaxError: invalid syntax
[2025-09-10T21:53:06.993+0000] {processor.py:842} WARNING - No viable dags retrieved from /opt/airflow/dags/data_pipeline.py
[2025-09-10T21:53:07.099+0000] {processor.py:183} INFO - Processing /opt/airflow/dags/data_pipeline.py took 0.275 seconds
[2025-09-10T21:53:37.649+0000] {processor.py:161} INFO - Started process (PID=149) to work on /opt/airflow/dags/data_pipeline.py
[2025-09-10T21:53:37.653+0000] {processor.py:830} INFO - Processing file /opt/airflow/dags/data_pipeline.py for tasks to queue
[2025-09-10T21:53:37.672+0000] {logging_mixin.py:188} INFO - [2025-09-10T21:53:37.671+0000] {dagbag.py:538} INFO - Filling up the DagBag from /opt/airflow/dags/data_pipeline.py
[2025-09-10T21:53:39.394+0000] {logging_mixin.py:188} INFO - Pyspark version: 3.5.1
[2025-09-10T21:53:39.410+0000] {logging_mixin.py:188} INFO - [2025-09-10T21:53:39.401+0000] {dagbag.py:348} ERROR - Failed to import: /opt/airflow/dags/data_pipeline.py
Traceback (most recent call last):
  File "/home/airflow/.local/lib/python3.8/site-packages/airflow/models/dagbag.py", line 344, in parse
    loader.exec_module(new_module)
  File "<frozen importlib._bootstrap_external>", line 843, in exec_module
  File "<frozen importlib._bootstrap>", line 219, in _call_with_frames_removed
  File "/opt/airflow/dags/data_pipeline.py", line 11, in <module>
    from pipeline.silver_orders import silver_orders
  File "/opt/airflow/pipeline/silver_orders.py", line 50
    F.col("ingested_timestamp")
    ^
SyntaxError: invalid syntax
[2025-09-10T21:53:39.412+0000] {processor.py:842} WARNING - No viable dags retrieved from /opt/airflow/dags/data_pipeline.py
[2025-09-10T21:53:39.529+0000] {processor.py:183} INFO - Processing /opt/airflow/dags/data_pipeline.py took 1.905 seconds
[2025-09-10T21:54:10.201+0000] {processor.py:161} INFO - Started process (PID=150) to work on /opt/airflow/dags/data_pipeline.py
[2025-09-10T21:54:10.204+0000] {processor.py:830} INFO - Processing file /opt/airflow/dags/data_pipeline.py for tasks to queue
[2025-09-10T21:54:10.211+0000] {logging_mixin.py:188} INFO - [2025-09-10T21:54:10.210+0000] {dagbag.py:538} INFO - Filling up the DagBag from /opt/airflow/dags/data_pipeline.py
[2025-09-10T21:54:11.215+0000] {logging_mixin.py:188} INFO - Pyspark version: 3.5.1
[2025-09-10T21:54:11.223+0000] {logging_mixin.py:188} INFO - [2025-09-10T21:54:11.220+0000] {dagbag.py:348} ERROR - Failed to import: /opt/airflow/dags/data_pipeline.py
Traceback (most recent call last):
  File "/home/airflow/.local/lib/python3.8/site-packages/airflow/models/dagbag.py", line 344, in parse
    loader.exec_module(new_module)
  File "<frozen importlib._bootstrap_external>", line 843, in exec_module
  File "<frozen importlib._bootstrap>", line 219, in _call_with_frames_removed
  File "/opt/airflow/dags/data_pipeline.py", line 11, in <module>
    from pipeline.silver_orders import silver_orders
  File "/opt/airflow/pipeline/silver_orders.py", line 50
    F.col("ingested_timestamp")
    ^
SyntaxError: invalid syntax
[2025-09-10T21:54:11.225+0000] {processor.py:842} WARNING - No viable dags retrieved from /opt/airflow/dags/data_pipeline.py
[2025-09-10T21:54:11.283+0000] {processor.py:183} INFO - Processing /opt/airflow/dags/data_pipeline.py took 1.092 seconds
[2025-09-10T21:54:41.813+0000] {processor.py:161} INFO - Started process (PID=151) to work on /opt/airflow/dags/data_pipeline.py
[2025-09-10T21:54:41.814+0000] {processor.py:830} INFO - Processing file /opt/airflow/dags/data_pipeline.py for tasks to queue
[2025-09-10T21:54:41.819+0000] {logging_mixin.py:188} INFO - [2025-09-10T21:54:41.818+0000] {dagbag.py:538} INFO - Filling up the DagBag from /opt/airflow/dags/data_pipeline.py
[2025-09-10T21:54:41.922+0000] {logging_mixin.py:188} INFO - Pyspark version: 3.5.1
[2025-09-10T21:54:41.926+0000] {logging_mixin.py:188} INFO - [2025-09-10T21:54:41.925+0000] {dagbag.py:348} ERROR - Failed to import: /opt/airflow/dags/data_pipeline.py
Traceback (most recent call last):
  File "/home/airflow/.local/lib/python3.8/site-packages/airflow/models/dagbag.py", line 344, in parse
    loader.exec_module(new_module)
  File "<frozen importlib._bootstrap_external>", line 843, in exec_module
  File "<frozen importlib._bootstrap>", line 219, in _call_with_frames_removed
  File "/opt/airflow/dags/data_pipeline.py", line 11, in <module>
    from pipeline.silver_orders import silver_orders
  File "/opt/airflow/pipeline/silver_orders.py", line 50
    F.col("ingested_timestamp")
    ^
SyntaxError: invalid syntax
[2025-09-10T21:54:41.927+0000] {processor.py:842} WARNING - No viable dags retrieved from /opt/airflow/dags/data_pipeline.py
[2025-09-10T21:54:41.967+0000] {processor.py:183} INFO - Processing /opt/airflow/dags/data_pipeline.py took 0.161 seconds
[2025-09-10T22:50:22.490+0000] {processor.py:161} INFO - Started process (PID=152) to work on /opt/airflow/dags/data_pipeline.py
[2025-09-10T22:50:22.496+0000] {processor.py:830} INFO - Processing file /opt/airflow/dags/data_pipeline.py for tasks to queue
[2025-09-10T22:50:22.540+0000] {logging_mixin.py:188} INFO - [2025-09-10T22:50:22.535+0000] {dagbag.py:538} INFO - Filling up the DagBag from /opt/airflow/dags/data_pipeline.py
[2025-09-10T22:50:23.400+0000] {logging_mixin.py:188} INFO - Pyspark version: 3.5.1
[2025-09-10T22:50:23.425+0000] {logging_mixin.py:188} INFO - [2025-09-10T22:50:23.418+0000] {dagbag.py:348} ERROR - Failed to import: /opt/airflow/dags/data_pipeline.py
Traceback (most recent call last):
  File "/home/airflow/.local/lib/python3.8/site-packages/airflow/models/dagbag.py", line 344, in parse
    loader.exec_module(new_module)
  File "<frozen importlib._bootstrap_external>", line 843, in exec_module
  File "<frozen importlib._bootstrap>", line 219, in _call_with_frames_removed
  File "/opt/airflow/dags/data_pipeline.py", line 11, in <module>
    from pipeline.silver_orders import silver_orders
  File "/opt/airflow/pipeline/silver_orders.py", line 50
    F.col("ingested_timestamp")
    ^
SyntaxError: invalid syntax
[2025-09-10T22:50:23.427+0000] {processor.py:842} WARNING - No viable dags retrieved from /opt/airflow/dags/data_pipeline.py
[2025-09-10T22:50:23.662+0000] {processor.py:183} INFO - Processing /opt/airflow/dags/data_pipeline.py took 1.188 seconds
[2025-09-10T22:50:54.799+0000] {processor.py:161} INFO - Started process (PID=153) to work on /opt/airflow/dags/data_pipeline.py
[2025-09-10T22:50:54.829+0000] {processor.py:830} INFO - Processing file /opt/airflow/dags/data_pipeline.py for tasks to queue
[2025-09-10T22:50:54.877+0000] {logging_mixin.py:188} INFO - [2025-09-10T22:50:54.870+0000] {dagbag.py:538} INFO - Filling up the DagBag from /opt/airflow/dags/data_pipeline.py
[2025-09-10T22:50:56.511+0000] {logging_mixin.py:188} INFO - Pyspark version: 3.5.1
[2025-09-10T22:50:56.537+0000] {logging_mixin.py:188} INFO - [2025-09-10T22:50:56.521+0000] {dagbag.py:348} ERROR - Failed to import: /opt/airflow/dags/data_pipeline.py
Traceback (most recent call last):
  File "/home/airflow/.local/lib/python3.8/site-packages/airflow/models/dagbag.py", line 344, in parse
    loader.exec_module(new_module)
  File "<frozen importlib._bootstrap_external>", line 843, in exec_module
  File "<frozen importlib._bootstrap>", line 219, in _call_with_frames_removed
  File "/opt/airflow/dags/data_pipeline.py", line 11, in <module>
    from pipeline.silver_orders import silver_orders
  File "/opt/airflow/pipeline/silver_orders.py", line 50
    F.col("ingested_timestamp")
    ^
SyntaxError: invalid syntax
[2025-09-10T22:50:56.538+0000] {processor.py:842} WARNING - No viable dags retrieved from /opt/airflow/dags/data_pipeline.py
[2025-09-10T22:50:56.835+0000] {processor.py:183} INFO - Processing /opt/airflow/dags/data_pipeline.py took 2.198 seconds
[2025-09-10T22:51:27.582+0000] {processor.py:161} INFO - Started process (PID=154) to work on /opt/airflow/dags/data_pipeline.py
[2025-09-10T22:51:27.585+0000] {processor.py:830} INFO - Processing file /opt/airflow/dags/data_pipeline.py for tasks to queue
[2025-09-10T22:51:27.597+0000] {logging_mixin.py:188} INFO - [2025-09-10T22:51:27.596+0000] {dagbag.py:538} INFO - Filling up the DagBag from /opt/airflow/dags/data_pipeline.py
[2025-09-10T22:51:27.861+0000] {logging_mixin.py:188} INFO - Pyspark version: 3.5.1
[2025-09-10T22:51:27.871+0000] {logging_mixin.py:188} INFO - [2025-09-10T22:51:27.866+0000] {dagbag.py:348} ERROR - Failed to import: /opt/airflow/dags/data_pipeline.py
Traceback (most recent call last):
  File "/home/airflow/.local/lib/python3.8/site-packages/airflow/models/dagbag.py", line 344, in parse
    loader.exec_module(new_module)
  File "<frozen importlib._bootstrap_external>", line 843, in exec_module
  File "<frozen importlib._bootstrap>", line 219, in _call_with_frames_removed
  File "/opt/airflow/dags/data_pipeline.py", line 11, in <module>
    from pipeline.silver_orders import silver_orders
  File "/opt/airflow/pipeline/silver_orders.py", line 50
    F.col("ingested_timestamp")
    ^
SyntaxError: invalid syntax
[2025-09-10T22:51:27.873+0000] {processor.py:842} WARNING - No viable dags retrieved from /opt/airflow/dags/data_pipeline.py
[2025-09-10T22:51:27.951+0000] {processor.py:183} INFO - Processing /opt/airflow/dags/data_pipeline.py took 0.382 seconds
[2025-09-10T22:51:58.275+0000] {processor.py:161} INFO - Started process (PID=155) to work on /opt/airflow/dags/data_pipeline.py
[2025-09-10T22:51:58.277+0000] {processor.py:830} INFO - Processing file /opt/airflow/dags/data_pipeline.py for tasks to queue
[2025-09-10T22:51:58.281+0000] {logging_mixin.py:188} INFO - [2025-09-10T22:51:58.280+0000] {dagbag.py:538} INFO - Filling up the DagBag from /opt/airflow/dags/data_pipeline.py
[2025-09-10T22:51:58.424+0000] {logging_mixin.py:188} INFO - Pyspark version: 3.5.1
[2025-09-10T22:51:58.429+0000] {logging_mixin.py:188} INFO - [2025-09-10T22:51:58.427+0000] {dagbag.py:348} ERROR - Failed to import: /opt/airflow/dags/data_pipeline.py
Traceback (most recent call last):
  File "/home/airflow/.local/lib/python3.8/site-packages/airflow/models/dagbag.py", line 344, in parse
    loader.exec_module(new_module)
  File "<frozen importlib._bootstrap_external>", line 843, in exec_module
  File "<frozen importlib._bootstrap>", line 219, in _call_with_frames_removed
  File "/opt/airflow/dags/data_pipeline.py", line 11, in <module>
    from pipeline.silver_orders import silver_orders
  File "/opt/airflow/pipeline/silver_orders.py", line 50
    F.col("ingested_timestamp")
    ^
SyntaxError: invalid syntax
[2025-09-10T22:51:58.430+0000] {processor.py:842} WARNING - No viable dags retrieved from /opt/airflow/dags/data_pipeline.py
[2025-09-10T22:51:59.010+0000] {processor.py:183} INFO - Processing /opt/airflow/dags/data_pipeline.py took 0.742 seconds
[2025-09-10T22:52:29.233+0000] {processor.py:161} INFO - Started process (PID=156) to work on /opt/airflow/dags/data_pipeline.py
[2025-09-10T22:52:29.236+0000] {processor.py:830} INFO - Processing file /opt/airflow/dags/data_pipeline.py for tasks to queue
[2025-09-10T22:52:29.242+0000] {logging_mixin.py:188} INFO - [2025-09-10T22:52:29.242+0000] {dagbag.py:538} INFO - Filling up the DagBag from /opt/airflow/dags/data_pipeline.py
[2025-09-10T22:52:29.537+0000] {logging_mixin.py:188} INFO - Pyspark version: 3.5.1
[2025-09-10T22:52:29.541+0000] {logging_mixin.py:188} INFO - [2025-09-10T22:52:29.540+0000] {dagbag.py:348} ERROR - Failed to import: /opt/airflow/dags/data_pipeline.py
Traceback (most recent call last):
  File "/home/airflow/.local/lib/python3.8/site-packages/airflow/models/dagbag.py", line 344, in parse
    loader.exec_module(new_module)
  File "<frozen importlib._bootstrap_external>", line 843, in exec_module
  File "<frozen importlib._bootstrap>", line 219, in _call_with_frames_removed
  File "/opt/airflow/dags/data_pipeline.py", line 11, in <module>
    from pipeline.silver_orders import silver_orders
  File "/opt/airflow/pipeline/silver_orders.py", line 50
    F.col("ingested_timestamp")
    ^
SyntaxError: invalid syntax
[2025-09-10T22:52:29.542+0000] {processor.py:842} WARNING - No viable dags retrieved from /opt/airflow/dags/data_pipeline.py
[2025-09-10T22:52:29.579+0000] {processor.py:183} INFO - Processing /opt/airflow/dags/data_pipeline.py took 0.353 seconds
[2025-09-10T22:52:59.861+0000] {processor.py:161} INFO - Started process (PID=157) to work on /opt/airflow/dags/data_pipeline.py
[2025-09-10T22:52:59.867+0000] {processor.py:830} INFO - Processing file /opt/airflow/dags/data_pipeline.py for tasks to queue
[2025-09-10T22:52:59.885+0000] {logging_mixin.py:188} INFO - [2025-09-10T22:52:59.883+0000] {dagbag.py:538} INFO - Filling up the DagBag from /opt/airflow/dags/data_pipeline.py
[2025-09-10T22:53:00.732+0000] {logging_mixin.py:188} INFO - Pyspark version: 3.5.1
[2025-09-10T22:53:00.761+0000] {logging_mixin.py:188} INFO - [2025-09-10T22:53:00.749+0000] {dagbag.py:348} ERROR - Failed to import: /opt/airflow/dags/data_pipeline.py
Traceback (most recent call last):
  File "/home/airflow/.local/lib/python3.8/site-packages/airflow/models/dagbag.py", line 344, in parse
    loader.exec_module(new_module)
  File "<frozen importlib._bootstrap_external>", line 843, in exec_module
  File "<frozen importlib._bootstrap>", line 219, in _call_with_frames_removed
  File "/opt/airflow/dags/data_pipeline.py", line 11, in <module>
    from pipeline.silver_orders import silver_orders
  File "/opt/airflow/pipeline/silver_orders.py", line 50
    F.col("ingested_timestamp")
    ^
SyntaxError: invalid syntax
[2025-09-10T22:53:00.764+0000] {processor.py:842} WARNING - No viable dags retrieved from /opt/airflow/dags/data_pipeline.py
[2025-09-10T22:53:01.154+0000] {processor.py:183} INFO - Processing /opt/airflow/dags/data_pipeline.py took 1.313 seconds
[2025-09-10T22:53:31.758+0000] {processor.py:161} INFO - Started process (PID=158) to work on /opt/airflow/dags/data_pipeline.py
[2025-09-10T22:53:31.766+0000] {processor.py:830} INFO - Processing file /opt/airflow/dags/data_pipeline.py for tasks to queue
[2025-09-10T22:53:31.800+0000] {logging_mixin.py:188} INFO - [2025-09-10T22:53:31.790+0000] {dagbag.py:538} INFO - Filling up the DagBag from /opt/airflow/dags/data_pipeline.py
[2025-09-10T22:53:32.272+0000] {logging_mixin.py:188} INFO - Pyspark version: 3.5.1
[2025-09-10T22:53:32.278+0000] {logging_mixin.py:188} INFO - [2025-09-10T22:53:32.275+0000] {dagbag.py:348} ERROR - Failed to import: /opt/airflow/dags/data_pipeline.py
Traceback (most recent call last):
  File "/home/airflow/.local/lib/python3.8/site-packages/airflow/models/dagbag.py", line 344, in parse
    loader.exec_module(new_module)
  File "<frozen importlib._bootstrap_external>", line 843, in exec_module
  File "<frozen importlib._bootstrap>", line 219, in _call_with_frames_removed
  File "/opt/airflow/dags/data_pipeline.py", line 11, in <module>
    from pipeline.silver_orders import silver_orders
  File "/opt/airflow/pipeline/silver_orders.py", line 50
    F.col("ingested_timestamp")
    ^
SyntaxError: invalid syntax
[2025-09-10T22:53:32.280+0000] {processor.py:842} WARNING - No viable dags retrieved from /opt/airflow/dags/data_pipeline.py
[2025-09-10T22:53:32.344+0000] {processor.py:183} INFO - Processing /opt/airflow/dags/data_pipeline.py took 0.618 seconds
[2025-09-10T22:54:03.135+0000] {processor.py:161} INFO - Started process (PID=159) to work on /opt/airflow/dags/data_pipeline.py
[2025-09-10T22:54:03.139+0000] {processor.py:830} INFO - Processing file /opt/airflow/dags/data_pipeline.py for tasks to queue
[2025-09-10T22:54:03.148+0000] {logging_mixin.py:188} INFO - [2025-09-10T22:54:03.148+0000] {dagbag.py:538} INFO - Filling up the DagBag from /opt/airflow/dags/data_pipeline.py
[2025-09-10T22:54:03.661+0000] {logging_mixin.py:188} INFO - Pyspark version: 3.5.1
[2025-09-10T22:54:03.676+0000] {logging_mixin.py:188} INFO - [2025-09-10T22:54:03.669+0000] {dagbag.py:348} ERROR - Failed to import: /opt/airflow/dags/data_pipeline.py
Traceback (most recent call last):
  File "/home/airflow/.local/lib/python3.8/site-packages/airflow/models/dagbag.py", line 344, in parse
    loader.exec_module(new_module)
  File "<frozen importlib._bootstrap_external>", line 843, in exec_module
  File "<frozen importlib._bootstrap>", line 219, in _call_with_frames_removed
  File "/opt/airflow/dags/data_pipeline.py", line 11, in <module>
    from pipeline.silver_orders import silver_orders
  File "/opt/airflow/pipeline/silver_orders.py", line 50
    F.col("ingested_timestamp")
    ^
SyntaxError: invalid syntax
[2025-09-10T22:54:03.678+0000] {processor.py:842} WARNING - No viable dags retrieved from /opt/airflow/dags/data_pipeline.py
[2025-09-10T22:54:03.819+0000] {processor.py:183} INFO - Processing /opt/airflow/dags/data_pipeline.py took 0.707 seconds
[2025-09-10T22:54:34.325+0000] {processor.py:161} INFO - Started process (PID=160) to work on /opt/airflow/dags/data_pipeline.py
[2025-09-10T22:54:34.330+0000] {processor.py:830} INFO - Processing file /opt/airflow/dags/data_pipeline.py for tasks to queue
[2025-09-10T22:54:34.338+0000] {logging_mixin.py:188} INFO - [2025-09-10T22:54:34.337+0000] {dagbag.py:538} INFO - Filling up the DagBag from /opt/airflow/dags/data_pipeline.py
[2025-09-10T22:54:34.627+0000] {logging_mixin.py:188} INFO - Pyspark version: 3.5.1
[2025-09-10T22:54:34.635+0000] {logging_mixin.py:188} INFO - [2025-09-10T22:54:34.632+0000] {dagbag.py:348} ERROR - Failed to import: /opt/airflow/dags/data_pipeline.py
Traceback (most recent call last):
  File "/home/airflow/.local/lib/python3.8/site-packages/airflow/models/dagbag.py", line 344, in parse
    loader.exec_module(new_module)
  File "<frozen importlib._bootstrap_external>", line 843, in exec_module
  File "<frozen importlib._bootstrap>", line 219, in _call_with_frames_removed
  File "/opt/airflow/dags/data_pipeline.py", line 11, in <module>
    from pipeline.silver_orders import silver_orders
  File "/opt/airflow/pipeline/silver_orders.py", line 50
    F.col("ingested_timestamp")
    ^
SyntaxError: invalid syntax
[2025-09-10T22:54:34.636+0000] {processor.py:842} WARNING - No viable dags retrieved from /opt/airflow/dags/data_pipeline.py
[2025-09-10T22:54:34.728+0000] {processor.py:183} INFO - Processing /opt/airflow/dags/data_pipeline.py took 0.423 seconds
[2025-09-10T22:55:05.306+0000] {processor.py:161} INFO - Started process (PID=161) to work on /opt/airflow/dags/data_pipeline.py
[2025-09-10T22:55:05.312+0000] {processor.py:830} INFO - Processing file /opt/airflow/dags/data_pipeline.py for tasks to queue
[2025-09-10T22:55:05.332+0000] {logging_mixin.py:188} INFO - [2025-09-10T22:55:05.331+0000] {dagbag.py:538} INFO - Filling up the DagBag from /opt/airflow/dags/data_pipeline.py
[2025-09-10T22:55:08.033+0000] {logging_mixin.py:188} INFO - Pyspark version: 3.5.1
[2025-09-10T22:55:08.051+0000] {logging_mixin.py:188} INFO - [2025-09-10T22:55:08.045+0000] {dagbag.py:348} ERROR - Failed to import: /opt/airflow/dags/data_pipeline.py
Traceback (most recent call last):
  File "/home/airflow/.local/lib/python3.8/site-packages/airflow/models/dagbag.py", line 344, in parse
    loader.exec_module(new_module)
  File "<frozen importlib._bootstrap_external>", line 843, in exec_module
  File "<frozen importlib._bootstrap>", line 219, in _call_with_frames_removed
  File "/opt/airflow/dags/data_pipeline.py", line 11, in <module>
    from pipeline.silver_orders import silver_orders
  File "/opt/airflow/pipeline/silver_orders.py", line 50
    F.col("ingested_timestamp")
    ^
SyntaxError: invalid syntax
[2025-09-10T22:55:08.056+0000] {processor.py:842} WARNING - No viable dags retrieved from /opt/airflow/dags/data_pipeline.py
[2025-09-10T22:55:08.264+0000] {processor.py:183} INFO - Processing /opt/airflow/dags/data_pipeline.py took 2.986 seconds
[2025-09-10T22:55:39.103+0000] {processor.py:161} INFO - Started process (PID=162) to work on /opt/airflow/dags/data_pipeline.py
[2025-09-10T22:55:39.114+0000] {processor.py:830} INFO - Processing file /opt/airflow/dags/data_pipeline.py for tasks to queue
[2025-09-10T22:55:39.134+0000] {logging_mixin.py:188} INFO - [2025-09-10T22:55:39.130+0000] {dagbag.py:538} INFO - Filling up the DagBag from /opt/airflow/dags/data_pipeline.py
[2025-09-10T22:55:39.729+0000] {logging_mixin.py:188} INFO - Pyspark version: 3.5.1
[2025-09-10T22:55:39.738+0000] {logging_mixin.py:188} INFO - [2025-09-10T22:55:39.735+0000] {dagbag.py:348} ERROR - Failed to import: /opt/airflow/dags/data_pipeline.py
Traceback (most recent call last):
  File "/home/airflow/.local/lib/python3.8/site-packages/airflow/models/dagbag.py", line 344, in parse
    loader.exec_module(new_module)
  File "<frozen importlib._bootstrap_external>", line 843, in exec_module
  File "<frozen importlib._bootstrap>", line 219, in _call_with_frames_removed
  File "/opt/airflow/dags/data_pipeline.py", line 11, in <module>
    from pipeline.silver_orders import silver_orders
  File "/opt/airflow/pipeline/silver_orders.py", line 50
    F.col("ingested_timestamp")
    ^
SyntaxError: invalid syntax
[2025-09-10T22:55:39.740+0000] {processor.py:842} WARNING - No viable dags retrieved from /opt/airflow/dags/data_pipeline.py
[2025-09-10T22:55:39.814+0000] {processor.py:183} INFO - Processing /opt/airflow/dags/data_pipeline.py took 0.751 seconds
[2025-09-10T22:56:09.938+0000] {processor.py:161} INFO - Started process (PID=163) to work on /opt/airflow/dags/data_pipeline.py
[2025-09-10T22:56:09.939+0000] {processor.py:830} INFO - Processing file /opt/airflow/dags/data_pipeline.py for tasks to queue
[2025-09-10T22:56:09.944+0000] {logging_mixin.py:188} INFO - [2025-09-10T22:56:09.943+0000] {dagbag.py:538} INFO - Filling up the DagBag from /opt/airflow/dags/data_pipeline.py
[2025-09-10T22:56:10.197+0000] {logging_mixin.py:188} INFO - Pyspark version: 3.5.1
[2025-09-10T22:56:10.206+0000] {logging_mixin.py:188} INFO - [2025-09-10T22:56:10.203+0000] {dagbag.py:348} ERROR - Failed to import: /opt/airflow/dags/data_pipeline.py
Traceback (most recent call last):
  File "/home/airflow/.local/lib/python3.8/site-packages/airflow/models/dagbag.py", line 344, in parse
    loader.exec_module(new_module)
  File "<frozen importlib._bootstrap_external>", line 843, in exec_module
  File "<frozen importlib._bootstrap>", line 219, in _call_with_frames_removed
  File "/opt/airflow/dags/data_pipeline.py", line 11, in <module>
    from pipeline.silver_orders import silver_orders
  File "/opt/airflow/pipeline/silver_orders.py", line 50
    F.col("ingested_timestamp")
    ^
SyntaxError: invalid syntax
[2025-09-10T22:56:10.207+0000] {processor.py:842} WARNING - No viable dags retrieved from /opt/airflow/dags/data_pipeline.py
[2025-09-10T22:56:10.277+0000] {processor.py:183} INFO - Processing /opt/airflow/dags/data_pipeline.py took 0.346 seconds
[2025-09-10T22:56:40.594+0000] {processor.py:161} INFO - Started process (PID=164) to work on /opt/airflow/dags/data_pipeline.py
[2025-09-10T22:56:40.599+0000] {processor.py:830} INFO - Processing file /opt/airflow/dags/data_pipeline.py for tasks to queue
[2025-09-10T22:56:40.616+0000] {logging_mixin.py:188} INFO - [2025-09-10T22:56:40.615+0000] {dagbag.py:538} INFO - Filling up the DagBag from /opt/airflow/dags/data_pipeline.py
[2025-09-10T22:56:41.095+0000] {logging_mixin.py:188} INFO - Pyspark version: 3.5.1
[2025-09-10T22:56:41.106+0000] {logging_mixin.py:188} INFO - [2025-09-10T22:56:41.102+0000] {dagbag.py:348} ERROR - Failed to import: /opt/airflow/dags/data_pipeline.py
Traceback (most recent call last):
  File "/home/airflow/.local/lib/python3.8/site-packages/airflow/models/dagbag.py", line 344, in parse
    loader.exec_module(new_module)
  File "<frozen importlib._bootstrap_external>", line 843, in exec_module
  File "<frozen importlib._bootstrap>", line 219, in _call_with_frames_removed
  File "/opt/airflow/dags/data_pipeline.py", line 11, in <module>
    from pipeline.silver_orders import silver_orders
  File "/opt/airflow/pipeline/silver_orders.py", line 50
    F.col("ingested_timestamp")
    ^
SyntaxError: invalid syntax
[2025-09-10T22:56:41.107+0000] {processor.py:842} WARNING - No viable dags retrieved from /opt/airflow/dags/data_pipeline.py
[2025-09-10T22:56:41.186+0000] {processor.py:183} INFO - Processing /opt/airflow/dags/data_pipeline.py took 0.611 seconds
[2025-09-10T22:57:11.529+0000] {processor.py:161} INFO - Started process (PID=165) to work on /opt/airflow/dags/data_pipeline.py
[2025-09-10T22:57:11.539+0000] {processor.py:830} INFO - Processing file /opt/airflow/dags/data_pipeline.py for tasks to queue
[2025-09-10T22:57:11.561+0000] {logging_mixin.py:188} INFO - [2025-09-10T22:57:11.559+0000] {dagbag.py:538} INFO - Filling up the DagBag from /opt/airflow/dags/data_pipeline.py
[2025-09-10T22:57:12.275+0000] {logging_mixin.py:188} INFO - Pyspark version: 3.5.1
[2025-09-10T22:57:12.289+0000] {logging_mixin.py:188} INFO - [2025-09-10T22:57:12.282+0000] {dagbag.py:348} ERROR - Failed to import: /opt/airflow/dags/data_pipeline.py
Traceback (most recent call last):
  File "/home/airflow/.local/lib/python3.8/site-packages/airflow/models/dagbag.py", line 344, in parse
    loader.exec_module(new_module)
  File "<frozen importlib._bootstrap_external>", line 843, in exec_module
  File "<frozen importlib._bootstrap>", line 219, in _call_with_frames_removed
  File "/opt/airflow/dags/data_pipeline.py", line 11, in <module>
    from pipeline.silver_orders import silver_orders
  File "/opt/airflow/pipeline/silver_orders.py", line 50
    F.col("ingested_timestamp")
    ^
SyntaxError: invalid syntax
[2025-09-10T22:57:12.292+0000] {processor.py:842} WARNING - No viable dags retrieved from /opt/airflow/dags/data_pipeline.py
[2025-09-10T22:57:12.510+0000] {processor.py:183} INFO - Processing /opt/airflow/dags/data_pipeline.py took 1.033 seconds
[2025-09-10T22:57:43.196+0000] {processor.py:161} INFO - Started process (PID=166) to work on /opt/airflow/dags/data_pipeline.py
[2025-09-10T22:57:43.205+0000] {processor.py:830} INFO - Processing file /opt/airflow/dags/data_pipeline.py for tasks to queue
[2025-09-10T22:57:43.225+0000] {logging_mixin.py:188} INFO - [2025-09-10T22:57:43.224+0000] {dagbag.py:538} INFO - Filling up the DagBag from /opt/airflow/dags/data_pipeline.py
[2025-09-10T22:57:43.416+0000] {logging_mixin.py:188} INFO - Pyspark version: 3.5.1
[2025-09-10T22:57:43.427+0000] {logging_mixin.py:188} INFO - [2025-09-10T22:57:43.423+0000] {dagbag.py:348} ERROR - Failed to import: /opt/airflow/dags/data_pipeline.py
Traceback (most recent call last):
  File "/home/airflow/.local/lib/python3.8/site-packages/airflow/models/dagbag.py", line 344, in parse
    loader.exec_module(new_module)
  File "<frozen importlib._bootstrap_external>", line 843, in exec_module
  File "<frozen importlib._bootstrap>", line 219, in _call_with_frames_removed
  File "/opt/airflow/dags/data_pipeline.py", line 11, in <module>
    from pipeline.silver_orders import silver_orders
  File "/opt/airflow/pipeline/silver_orders.py", line 50
    F.col("ingested_timestamp")
    ^
SyntaxError: invalid syntax
[2025-09-10T22:57:43.428+0000] {processor.py:842} WARNING - No viable dags retrieved from /opt/airflow/dags/data_pipeline.py
[2025-09-10T22:57:43.489+0000] {processor.py:183} INFO - Processing /opt/airflow/dags/data_pipeline.py took 0.339 seconds
[2025-09-10T22:58:13.983+0000] {processor.py:161} INFO - Started process (PID=167) to work on /opt/airflow/dags/data_pipeline.py
[2025-09-10T22:58:13.995+0000] {processor.py:830} INFO - Processing file /opt/airflow/dags/data_pipeline.py for tasks to queue
[2025-09-10T22:58:14.032+0000] {logging_mixin.py:188} INFO - [2025-09-10T22:58:14.029+0000] {dagbag.py:538} INFO - Filling up the DagBag from /opt/airflow/dags/data_pipeline.py
[2025-09-10T22:58:18.113+0000] {logging_mixin.py:188} INFO - Pyspark version: 3.5.1
[2025-09-10T22:58:18.135+0000] {logging_mixin.py:188} INFO - [2025-09-10T22:58:18.123+0000] {dagbag.py:348} ERROR - Failed to import: /opt/airflow/dags/data_pipeline.py
Traceback (most recent call last):
  File "/home/airflow/.local/lib/python3.8/site-packages/airflow/models/dagbag.py", line 344, in parse
    loader.exec_module(new_module)
  File "<frozen importlib._bootstrap_external>", line 843, in exec_module
  File "<frozen importlib._bootstrap>", line 219, in _call_with_frames_removed
  File "/opt/airflow/dags/data_pipeline.py", line 11, in <module>
    from pipeline.silver_orders import silver_orders
  File "/opt/airflow/pipeline/silver_orders.py", line 66
    schema_enforment(
                    ^
SyntaxError: unexpected EOF while parsing
[2025-09-10T22:58:18.139+0000] {processor.py:842} WARNING - No viable dags retrieved from /opt/airflow/dags/data_pipeline.py
[2025-09-10T22:58:18.370+0000] {processor.py:183} INFO - Processing /opt/airflow/dags/data_pipeline.py took 4.411 seconds
[2025-09-10T22:58:48.881+0000] {processor.py:161} INFO - Started process (PID=168) to work on /opt/airflow/dags/data_pipeline.py
[2025-09-10T22:58:48.884+0000] {processor.py:830} INFO - Processing file /opt/airflow/dags/data_pipeline.py for tasks to queue
[2025-09-10T22:58:48.890+0000] {logging_mixin.py:188} INFO - [2025-09-10T22:58:48.890+0000] {dagbag.py:538} INFO - Filling up the DagBag from /opt/airflow/dags/data_pipeline.py
[2025-09-10T22:58:49.692+0000] {logging_mixin.py:188} INFO - Pyspark version: 3.5.1
[2025-09-10T22:58:49.707+0000] {logging_mixin.py:188} INFO - [2025-09-10T22:58:49.703+0000] {dagbag.py:348} ERROR - Failed to import: /opt/airflow/dags/data_pipeline.py
Traceback (most recent call last):
  File "/home/airflow/.local/lib/python3.8/site-packages/airflow/models/dagbag.py", line 344, in parse
    loader.exec_module(new_module)
  File "<frozen importlib._bootstrap_external>", line 843, in exec_module
  File "<frozen importlib._bootstrap>", line 219, in _call_with_frames_removed
  File "/opt/airflow/dags/data_pipeline.py", line 11, in <module>
    from pipeline.silver_orders import silver_orders
  File "/opt/airflow/pipeline/silver_orders.py", line 4, in <module>
    from bronze_orders import bronze_path
ModuleNotFoundError: No module named 'bronze_orders'
[2025-09-10T22:58:49.707+0000] {processor.py:842} WARNING - No viable dags retrieved from /opt/airflow/dags/data_pipeline.py
[2025-09-10T22:58:49.830+0000] {processor.py:183} INFO - Processing /opt/airflow/dags/data_pipeline.py took 0.957 seconds
[2025-09-10T22:59:20.217+0000] {processor.py:161} INFO - Started process (PID=169) to work on /opt/airflow/dags/data_pipeline.py
[2025-09-10T22:59:20.222+0000] {processor.py:830} INFO - Processing file /opt/airflow/dags/data_pipeline.py for tasks to queue
[2025-09-10T22:59:20.233+0000] {logging_mixin.py:188} INFO - [2025-09-10T22:59:20.232+0000] {dagbag.py:538} INFO - Filling up the DagBag from /opt/airflow/dags/data_pipeline.py
[2025-09-10T22:59:21.379+0000] {logging_mixin.py:188} INFO - Pyspark version: 3.5.1
[2025-09-10T22:59:21.413+0000] {logging_mixin.py:188} INFO - [2025-09-10T22:59:21.400+0000] {dagbag.py:348} ERROR - Failed to import: /opt/airflow/dags/data_pipeline.py
Traceback (most recent call last):
  File "/home/airflow/.local/lib/python3.8/site-packages/airflow/models/dagbag.py", line 344, in parse
    loader.exec_module(new_module)
  File "<frozen importlib._bootstrap_external>", line 843, in exec_module
  File "<frozen importlib._bootstrap>", line 219, in _call_with_frames_removed
  File "/opt/airflow/dags/data_pipeline.py", line 11, in <module>
    from pipeline.silver_orders import silver_orders
  File "/opt/airflow/pipeline/silver_orders.py", line 4, in <module>
    from bronze_orders import bronze_path
ModuleNotFoundError: No module named 'bronze_orders'
[2025-09-10T22:59:21.417+0000] {processor.py:842} WARNING - No viable dags retrieved from /opt/airflow/dags/data_pipeline.py
[2025-09-10T22:59:21.776+0000] {processor.py:183} INFO - Processing /opt/airflow/dags/data_pipeline.py took 1.608 seconds
[2025-09-10T22:59:52.607+0000] {processor.py:161} INFO - Started process (PID=170) to work on /opt/airflow/dags/data_pipeline.py
[2025-09-10T22:59:52.610+0000] {processor.py:830} INFO - Processing file /opt/airflow/dags/data_pipeline.py for tasks to queue
[2025-09-10T22:59:52.624+0000] {logging_mixin.py:188} INFO - [2025-09-10T22:59:52.623+0000] {dagbag.py:538} INFO - Filling up the DagBag from /opt/airflow/dags/data_pipeline.py
[2025-09-10T22:59:52.877+0000] {logging_mixin.py:188} INFO - Pyspark version: 3.5.1
[2025-09-10T22:59:52.886+0000] {logging_mixin.py:188} INFO - [2025-09-10T22:59:52.882+0000] {dagbag.py:348} ERROR - Failed to import: /opt/airflow/dags/data_pipeline.py
Traceback (most recent call last):
  File "/home/airflow/.local/lib/python3.8/site-packages/airflow/models/dagbag.py", line 344, in parse
    loader.exec_module(new_module)
  File "<frozen importlib._bootstrap_external>", line 843, in exec_module
  File "<frozen importlib._bootstrap>", line 219, in _call_with_frames_removed
  File "/opt/airflow/dags/data_pipeline.py", line 11, in <module>
    from pipeline.silver_orders import silver_orders
  File "/opt/airflow/pipeline/silver_orders.py", line 4, in <module>
    from bronze_orders import bronze_path
ModuleNotFoundError: No module named 'bronze_orders'
[2025-09-10T22:59:52.888+0000] {processor.py:842} WARNING - No viable dags retrieved from /opt/airflow/dags/data_pipeline.py
[2025-09-10T22:59:52.985+0000] {processor.py:183} INFO - Processing /opt/airflow/dags/data_pipeline.py took 0.394 seconds
[2025-09-10T23:00:23.486+0000] {processor.py:161} INFO - Started process (PID=171) to work on /opt/airflow/dags/data_pipeline.py
[2025-09-10T23:00:23.490+0000] {processor.py:830} INFO - Processing file /opt/airflow/dags/data_pipeline.py for tasks to queue
[2025-09-10T23:00:23.507+0000] {logging_mixin.py:188} INFO - [2025-09-10T23:00:23.505+0000] {dagbag.py:538} INFO - Filling up the DagBag from /opt/airflow/dags/data_pipeline.py
[2025-09-10T23:00:24.558+0000] {logging_mixin.py:188} INFO - Pyspark version: 3.5.1
[2025-09-10T23:00:24.588+0000] {logging_mixin.py:188} INFO - [2025-09-10T23:00:24.574+0000] {dagbag.py:348} ERROR - Failed to import: /opt/airflow/dags/data_pipeline.py
Traceback (most recent call last):
  File "/home/airflow/.local/lib/python3.8/site-packages/airflow/models/dagbag.py", line 344, in parse
    loader.exec_module(new_module)
  File "<frozen importlib._bootstrap_external>", line 843, in exec_module
  File "<frozen importlib._bootstrap>", line 219, in _call_with_frames_removed
  File "/opt/airflow/dags/data_pipeline.py", line 11, in <module>
    from pipeline.silver_orders import silver_orders
  File "/opt/airflow/pipeline/silver_orders.py", line 4, in <module>
    from bronze_orders import bronze_path
ModuleNotFoundError: No module named 'bronze_orders'
[2025-09-10T23:00:24.591+0000] {processor.py:842} WARNING - No viable dags retrieved from /opt/airflow/dags/data_pipeline.py
[2025-09-10T23:00:24.878+0000] {processor.py:183} INFO - Processing /opt/airflow/dags/data_pipeline.py took 1.483 seconds
[2025-09-10T23:00:55.269+0000] {processor.py:161} INFO - Started process (PID=172) to work on /opt/airflow/dags/data_pipeline.py
[2025-09-10T23:00:55.275+0000] {processor.py:830} INFO - Processing file /opt/airflow/dags/data_pipeline.py for tasks to queue
[2025-09-10T23:00:55.282+0000] {logging_mixin.py:188} INFO - [2025-09-10T23:00:55.281+0000] {dagbag.py:538} INFO - Filling up the DagBag from /opt/airflow/dags/data_pipeline.py
[2025-09-10T23:00:56.196+0000] {logging_mixin.py:188} INFO - Pyspark version: 3.5.1
[2025-09-10T23:00:56.216+0000] {logging_mixin.py:188} INFO - [2025-09-10T23:00:56.207+0000] {dagbag.py:348} ERROR - Failed to import: /opt/airflow/dags/data_pipeline.py
Traceback (most recent call last):
  File "/home/airflow/.local/lib/python3.8/site-packages/airflow/models/dagbag.py", line 344, in parse
    loader.exec_module(new_module)
  File "<frozen importlib._bootstrap_external>", line 843, in exec_module
  File "<frozen importlib._bootstrap>", line 219, in _call_with_frames_removed
  File "/opt/airflow/dags/data_pipeline.py", line 11, in <module>
    from pipeline.silver_orders import silver_orders
  File "/opt/airflow/pipeline/silver_orders.py", line 4, in <module>
    from bronze_orders import bronze_path
ModuleNotFoundError: No module named 'bronze_orders'
[2025-09-10T23:00:56.219+0000] {processor.py:842} WARNING - No viable dags retrieved from /opt/airflow/dags/data_pipeline.py
[2025-09-10T23:00:56.327+0000] {processor.py:183} INFO - Processing /opt/airflow/dags/data_pipeline.py took 1.070 seconds
[2025-09-10T23:01:26.529+0000] {processor.py:161} INFO - Started process (PID=173) to work on /opt/airflow/dags/data_pipeline.py
[2025-09-10T23:01:26.537+0000] {processor.py:830} INFO - Processing file /opt/airflow/dags/data_pipeline.py for tasks to queue
[2025-09-10T23:01:26.553+0000] {logging_mixin.py:188} INFO - [2025-09-10T23:01:26.551+0000] {dagbag.py:538} INFO - Filling up the DagBag from /opt/airflow/dags/data_pipeline.py
[2025-09-10T23:01:30.035+0000] {logging_mixin.py:188} INFO - Pyspark version: 3.5.1
[2025-09-10T23:01:30.059+0000] {logging_mixin.py:188} INFO - [2025-09-10T23:01:30.042+0000] {dagbag.py:348} ERROR - Failed to import: /opt/airflow/dags/data_pipeline.py
Traceback (most recent call last):
  File "/home/airflow/.local/lib/python3.8/site-packages/airflow/models/dagbag.py", line 344, in parse
    loader.exec_module(new_module)
  File "<frozen importlib._bootstrap_external>", line 843, in exec_module
  File "<frozen importlib._bootstrap>", line 219, in _call_with_frames_removed
  File "/opt/airflow/dags/data_pipeline.py", line 11, in <module>
    from pipeline.silver_orders import silver_orders
  File "/opt/airflow/pipeline/silver_orders.py", line 4, in <module>
    from bronze_orders import bronze_path
ModuleNotFoundError: No module named 'bronze_orders'
[2025-09-10T23:01:30.062+0000] {processor.py:842} WARNING - No viable dags retrieved from /opt/airflow/dags/data_pipeline.py
[2025-09-10T23:01:30.161+0000] {processor.py:183} INFO - Processing /opt/airflow/dags/data_pipeline.py took 3.648 seconds
[2025-09-10T23:02:01.036+0000] {processor.py:161} INFO - Started process (PID=174) to work on /opt/airflow/dags/data_pipeline.py
[2025-09-10T23:02:01.039+0000] {processor.py:830} INFO - Processing file /opt/airflow/dags/data_pipeline.py for tasks to queue
[2025-09-10T23:02:01.046+0000] {logging_mixin.py:188} INFO - [2025-09-10T23:02:01.045+0000] {dagbag.py:538} INFO - Filling up the DagBag from /opt/airflow/dags/data_pipeline.py
[2025-09-10T23:02:01.165+0000] {logging_mixin.py:188} INFO - Pyspark version: 3.5.1
[2025-09-10T23:02:01.174+0000] {logging_mixin.py:188} INFO - [2025-09-10T23:02:01.170+0000] {dagbag.py:348} ERROR - Failed to import: /opt/airflow/dags/data_pipeline.py
Traceback (most recent call last):
  File "/home/airflow/.local/lib/python3.8/site-packages/airflow/models/dagbag.py", line 344, in parse
    loader.exec_module(new_module)
  File "<frozen importlib._bootstrap_external>", line 843, in exec_module
  File "<frozen importlib._bootstrap>", line 219, in _call_with_frames_removed
  File "/opt/airflow/dags/data_pipeline.py", line 11, in <module>
    from pipeline.silver_orders import silver_orders
  File "/opt/airflow/pipeline/silver_orders.py", line 4, in <module>
    from bronze_orders import bronze_path
ModuleNotFoundError: No module named 'bronze_orders'
[2025-09-10T23:02:01.175+0000] {processor.py:842} WARNING - No viable dags retrieved from /opt/airflow/dags/data_pipeline.py
[2025-09-10T23:02:01.220+0000] {processor.py:183} INFO - Processing /opt/airflow/dags/data_pipeline.py took 0.192 seconds
[2025-09-10T23:02:32.267+0000] {processor.py:161} INFO - Started process (PID=175) to work on /opt/airflow/dags/data_pipeline.py
[2025-09-10T23:02:32.269+0000] {processor.py:830} INFO - Processing file /opt/airflow/dags/data_pipeline.py for tasks to queue
[2025-09-10T23:02:32.273+0000] {logging_mixin.py:188} INFO - [2025-09-10T23:02:32.273+0000] {dagbag.py:538} INFO - Filling up the DagBag from /opt/airflow/dags/data_pipeline.py
[2025-09-10T23:02:32.887+0000] {logging_mixin.py:188} INFO - Pyspark version: 3.5.1
[2025-09-10T23:02:32.903+0000] {logging_mixin.py:188} INFO - [2025-09-10T23:02:32.898+0000] {dagbag.py:348} ERROR - Failed to import: /opt/airflow/dags/data_pipeline.py
Traceback (most recent call last):
  File "/home/airflow/.local/lib/python3.8/site-packages/airflow/models/dagbag.py", line 344, in parse
    loader.exec_module(new_module)
  File "<frozen importlib._bootstrap_external>", line 843, in exec_module
  File "<frozen importlib._bootstrap>", line 219, in _call_with_frames_removed
  File "/opt/airflow/dags/data_pipeline.py", line 11, in <module>
    from pipeline.silver_orders import silver_orders
  File "/opt/airflow/pipeline/silver_orders.py", line 4, in <module>
    from bronze_orders import bronze_path
ModuleNotFoundError: No module named 'bronze_orders'
[2025-09-10T23:02:32.904+0000] {processor.py:842} WARNING - No viable dags retrieved from /opt/airflow/dags/data_pipeline.py
[2025-09-10T23:02:33.001+0000] {processor.py:183} INFO - Processing /opt/airflow/dags/data_pipeline.py took 0.746 seconds
[2025-09-10T23:03:03.867+0000] {processor.py:161} INFO - Started process (PID=176) to work on /opt/airflow/dags/data_pipeline.py
[2025-09-10T23:03:03.871+0000] {processor.py:830} INFO - Processing file /opt/airflow/dags/data_pipeline.py for tasks to queue
[2025-09-10T23:03:03.881+0000] {logging_mixin.py:188} INFO - [2025-09-10T23:03:03.880+0000] {dagbag.py:538} INFO - Filling up the DagBag from /opt/airflow/dags/data_pipeline.py
[2025-09-10T23:03:04.266+0000] {logging_mixin.py:188} INFO - Pyspark version: 3.5.1
[2025-09-10T23:03:04.292+0000] {logging_mixin.py:188} INFO - [2025-09-10T23:03:04.286+0000] {dagbag.py:348} ERROR - Failed to import: /opt/airflow/dags/data_pipeline.py
Traceback (most recent call last):
  File "/home/airflow/.local/lib/python3.8/site-packages/airflow/models/dagbag.py", line 344, in parse
    loader.exec_module(new_module)
  File "<frozen importlib._bootstrap_external>", line 843, in exec_module
  File "<frozen importlib._bootstrap>", line 219, in _call_with_frames_removed
  File "/opt/airflow/dags/data_pipeline.py", line 11, in <module>
    from pipeline.silver_orders import silver_orders
  File "/opt/airflow/pipeline/silver_orders.py", line 4, in <module>
    from bronze_orders import bronze_path
ModuleNotFoundError: No module named 'bronze_orders'
[2025-09-10T23:03:04.293+0000] {processor.py:842} WARNING - No viable dags retrieved from /opt/airflow/dags/data_pipeline.py
[2025-09-10T23:03:04.374+0000] {processor.py:183} INFO - Processing /opt/airflow/dags/data_pipeline.py took 0.530 seconds
[2025-09-10T23:03:34.766+0000] {processor.py:161} INFO - Started process (PID=177) to work on /opt/airflow/dags/data_pipeline.py
[2025-09-10T23:03:34.767+0000] {processor.py:830} INFO - Processing file /opt/airflow/dags/data_pipeline.py for tasks to queue
[2025-09-10T23:03:34.770+0000] {logging_mixin.py:188} INFO - [2025-09-10T23:03:34.770+0000] {dagbag.py:538} INFO - Filling up the DagBag from /opt/airflow/dags/data_pipeline.py
[2025-09-10T23:03:34.895+0000] {logging_mixin.py:188} INFO - Pyspark version: 3.5.1
[2025-09-10T23:03:34.902+0000] {logging_mixin.py:188} INFO - [2025-09-10T23:03:34.899+0000] {dagbag.py:348} ERROR - Failed to import: /opt/airflow/dags/data_pipeline.py
Traceback (most recent call last):
  File "/home/airflow/.local/lib/python3.8/site-packages/airflow/models/dagbag.py", line 344, in parse
    loader.exec_module(new_module)
  File "<frozen importlib._bootstrap_external>", line 843, in exec_module
  File "<frozen importlib._bootstrap>", line 219, in _call_with_frames_removed
  File "/opt/airflow/dags/data_pipeline.py", line 11, in <module>
    from pipeline.silver_orders import silver_orders
  File "/opt/airflow/pipeline/silver_orders.py", line 4, in <module>
    from bronze_orders import bronze_path
ModuleNotFoundError: No module named 'bronze_orders'
[2025-09-10T23:03:34.903+0000] {processor.py:842} WARNING - No viable dags retrieved from /opt/airflow/dags/data_pipeline.py
[2025-09-10T23:03:34.950+0000] {processor.py:183} INFO - Processing /opt/airflow/dags/data_pipeline.py took 0.193 seconds
[2025-09-10T23:04:05.684+0000] {processor.py:161} INFO - Started process (PID=178) to work on /opt/airflow/dags/data_pipeline.py
[2025-09-10T23:04:05.691+0000] {processor.py:830} INFO - Processing file /opt/airflow/dags/data_pipeline.py for tasks to queue
[2025-09-10T23:04:05.712+0000] {logging_mixin.py:188} INFO - [2025-09-10T23:04:05.709+0000] {dagbag.py:538} INFO - Filling up the DagBag from /opt/airflow/dags/data_pipeline.py
[2025-09-10T23:04:07.595+0000] {logging_mixin.py:188} INFO - Pyspark version: 3.5.1
[2025-09-10T23:04:07.611+0000] {logging_mixin.py:188} INFO - [2025-09-10T23:04:07.601+0000] {dagbag.py:348} ERROR - Failed to import: /opt/airflow/dags/data_pipeline.py
Traceback (most recent call last):
  File "/home/airflow/.local/lib/python3.8/site-packages/airflow/models/dagbag.py", line 344, in parse
    loader.exec_module(new_module)
  File "<frozen importlib._bootstrap_external>", line 843, in exec_module
  File "<frozen importlib._bootstrap>", line 219, in _call_with_frames_removed
  File "/opt/airflow/dags/data_pipeline.py", line 11, in <module>
    from pipeline.silver_orders import silver_orders
  File "/opt/airflow/pipeline/silver_orders.py", line 4, in <module>
    from bronze_orders import bronze_path
ModuleNotFoundError: No module named 'bronze_orders'
[2025-09-10T23:04:07.614+0000] {processor.py:842} WARNING - No viable dags retrieved from /opt/airflow/dags/data_pipeline.py
[2025-09-10T23:04:07.717+0000] {processor.py:183} INFO - Processing /opt/airflow/dags/data_pipeline.py took 2.074 seconds
[2025-09-10T23:04:38.649+0000] {processor.py:161} INFO - Started process (PID=179) to work on /opt/airflow/dags/data_pipeline.py
[2025-09-10T23:04:38.654+0000] {processor.py:830} INFO - Processing file /opt/airflow/dags/data_pipeline.py for tasks to queue
[2025-09-10T23:04:38.666+0000] {logging_mixin.py:188} INFO - [2025-09-10T23:04:38.665+0000] {dagbag.py:538} INFO - Filling up the DagBag from /opt/airflow/dags/data_pipeline.py
[2025-09-10T23:04:39.882+0000] {logging_mixin.py:188} INFO - Pyspark version: 3.5.1
[2025-09-10T23:04:39.889+0000] {logging_mixin.py:188} INFO - [2025-09-10T23:04:39.886+0000] {dagbag.py:348} ERROR - Failed to import: /opt/airflow/dags/data_pipeline.py
Traceback (most recent call last):
  File "/home/airflow/.local/lib/python3.8/site-packages/airflow/models/dagbag.py", line 344, in parse
    loader.exec_module(new_module)
  File "<frozen importlib._bootstrap_external>", line 843, in exec_module
  File "<frozen importlib._bootstrap>", line 219, in _call_with_frames_removed
  File "/opt/airflow/dags/data_pipeline.py", line 11, in <module>
    from pipeline.silver_orders import silver_orders
  File "/opt/airflow/pipeline/silver_orders.py", line 4, in <module>
    from bronze_orders import bronze_path
ModuleNotFoundError: No module named 'bronze_orders'
[2025-09-10T23:04:39.891+0000] {processor.py:842} WARNING - No viable dags retrieved from /opt/airflow/dags/data_pipeline.py
[2025-09-10T23:04:39.953+0000] {processor.py:183} INFO - Processing /opt/airflow/dags/data_pipeline.py took 1.328 seconds
[2025-09-10T23:05:10.051+0000] {processor.py:161} INFO - Started process (PID=180) to work on /opt/airflow/dags/data_pipeline.py
[2025-09-10T23:05:10.054+0000] {processor.py:830} INFO - Processing file /opt/airflow/dags/data_pipeline.py for tasks to queue
[2025-09-10T23:05:10.061+0000] {logging_mixin.py:188} INFO - [2025-09-10T23:05:10.061+0000] {dagbag.py:538} INFO - Filling up the DagBag from /opt/airflow/dags/data_pipeline.py
[2025-09-10T23:05:10.222+0000] {logging_mixin.py:188} INFO - Pyspark version: 3.5.1
[2025-09-10T23:05:10.229+0000] {logging_mixin.py:188} INFO - [2025-09-10T23:05:10.225+0000] {dagbag.py:348} ERROR - Failed to import: /opt/airflow/dags/data_pipeline.py
Traceback (most recent call last):
  File "/home/airflow/.local/lib/python3.8/site-packages/airflow/models/dagbag.py", line 344, in parse
    loader.exec_module(new_module)
  File "<frozen importlib._bootstrap_external>", line 843, in exec_module
  File "<frozen importlib._bootstrap>", line 219, in _call_with_frames_removed
  File "/opt/airflow/dags/data_pipeline.py", line 11, in <module>
    from pipeline.silver_orders import silver_orders
  File "/opt/airflow/pipeline/silver_orders.py", line 4, in <module>
    from bronze_orders import bronze_path
ModuleNotFoundError: No module named 'bronze_orders'
[2025-09-10T23:05:10.230+0000] {processor.py:842} WARNING - No viable dags retrieved from /opt/airflow/dags/data_pipeline.py
[2025-09-10T23:05:10.298+0000] {processor.py:183} INFO - Processing /opt/airflow/dags/data_pipeline.py took 0.258 seconds
[2025-09-10T23:05:40.438+0000] {processor.py:161} INFO - Started process (PID=181) to work on /opt/airflow/dags/data_pipeline.py
[2025-09-10T23:05:40.442+0000] {processor.py:830} INFO - Processing file /opt/airflow/dags/data_pipeline.py for tasks to queue
[2025-09-10T23:05:40.449+0000] {logging_mixin.py:188} INFO - [2025-09-10T23:05:40.448+0000] {dagbag.py:538} INFO - Filling up the DagBag from /opt/airflow/dags/data_pipeline.py
[2025-09-10T23:05:40.646+0000] {logging_mixin.py:188} INFO - Pyspark version: 3.5.1
[2025-09-10T23:05:40.655+0000] {logging_mixin.py:188} INFO - [2025-09-10T23:05:40.650+0000] {dagbag.py:348} ERROR - Failed to import: /opt/airflow/dags/data_pipeline.py
Traceback (most recent call last):
  File "/home/airflow/.local/lib/python3.8/site-packages/airflow/models/dagbag.py", line 344, in parse
    loader.exec_module(new_module)
  File "<frozen importlib._bootstrap_external>", line 843, in exec_module
  File "<frozen importlib._bootstrap>", line 219, in _call_with_frames_removed
  File "/opt/airflow/dags/data_pipeline.py", line 11, in <module>
    from pipeline.silver_orders import silver_orders
  File "/opt/airflow/pipeline/silver_orders.py", line 4, in <module>
    from bronze_orders import bronze_path
ModuleNotFoundError: No module named 'bronze_orders'
[2025-09-10T23:05:40.657+0000] {processor.py:842} WARNING - No viable dags retrieved from /opt/airflow/dags/data_pipeline.py
[2025-09-10T23:05:40.725+0000] {processor.py:183} INFO - Processing /opt/airflow/dags/data_pipeline.py took 0.295 seconds
[2025-09-10T23:06:11.552+0000] {processor.py:161} INFO - Started process (PID=182) to work on /opt/airflow/dags/data_pipeline.py
[2025-09-10T23:06:11.557+0000] {processor.py:830} INFO - Processing file /opt/airflow/dags/data_pipeline.py for tasks to queue
[2025-09-10T23:06:11.579+0000] {logging_mixin.py:188} INFO - [2025-09-10T23:06:11.578+0000] {dagbag.py:538} INFO - Filling up the DagBag from /opt/airflow/dags/data_pipeline.py
[2025-09-10T23:06:12.102+0000] {logging_mixin.py:188} INFO - Pyspark version: 3.5.1
[2025-09-10T23:06:12.122+0000] {logging_mixin.py:188} INFO - [2025-09-10T23:06:12.115+0000] {dagbag.py:348} ERROR - Failed to import: /opt/airflow/dags/data_pipeline.py
Traceback (most recent call last):
  File "/home/airflow/.local/lib/python3.8/site-packages/airflow/models/dagbag.py", line 344, in parse
    loader.exec_module(new_module)
  File "<frozen importlib._bootstrap_external>", line 843, in exec_module
  File "<frozen importlib._bootstrap>", line 219, in _call_with_frames_removed
  File "/opt/airflow/dags/data_pipeline.py", line 11, in <module>
    from pipeline.silver_orders import silver_orders
  File "/opt/airflow/pipeline/silver_orders.py", line 4, in <module>
    from bronze_orders import bronze_path
ModuleNotFoundError: No module named 'bronze_orders'
[2025-09-10T23:06:12.136+0000] {processor.py:842} WARNING - No viable dags retrieved from /opt/airflow/dags/data_pipeline.py
[2025-09-10T23:06:12.355+0000] {processor.py:183} INFO - Processing /opt/airflow/dags/data_pipeline.py took 0.823 seconds
[2025-09-10T23:06:42.503+0000] {processor.py:161} INFO - Started process (PID=183) to work on /opt/airflow/dags/data_pipeline.py
[2025-09-10T23:06:42.507+0000] {processor.py:830} INFO - Processing file /opt/airflow/dags/data_pipeline.py for tasks to queue
[2025-09-10T23:06:42.517+0000] {logging_mixin.py:188} INFO - [2025-09-10T23:06:42.516+0000] {dagbag.py:538} INFO - Filling up the DagBag from /opt/airflow/dags/data_pipeline.py
[2025-09-10T23:06:43.055+0000] {logging_mixin.py:188} INFO - Pyspark version: 3.5.1
[2025-09-10T23:06:43.084+0000] {logging_mixin.py:188} INFO - [2025-09-10T23:06:43.070+0000] {dagbag.py:348} ERROR - Failed to import: /opt/airflow/dags/data_pipeline.py
Traceback (most recent call last):
  File "/home/airflow/.local/lib/python3.8/site-packages/airflow/models/dagbag.py", line 344, in parse
    loader.exec_module(new_module)
  File "<frozen importlib._bootstrap_external>", line 843, in exec_module
  File "<frozen importlib._bootstrap>", line 219, in _call_with_frames_removed
  File "/opt/airflow/dags/data_pipeline.py", line 11, in <module>
    from pipeline.silver_orders import silver_orders
  File "/opt/airflow/pipeline/silver_orders.py", line 4, in <module>
    from bronze_orders import bronze_path
ModuleNotFoundError: No module named 'bronze_orders'
[2025-09-10T23:06:43.087+0000] {processor.py:842} WARNING - No viable dags retrieved from /opt/airflow/dags/data_pipeline.py
[2025-09-10T23:06:43.869+0000] {processor.py:183} INFO - Processing /opt/airflow/dags/data_pipeline.py took 1.382 seconds
[2025-09-10T23:07:14.099+0000] {processor.py:161} INFO - Started process (PID=184) to work on /opt/airflow/dags/data_pipeline.py
[2025-09-10T23:07:14.104+0000] {processor.py:830} INFO - Processing file /opt/airflow/dags/data_pipeline.py for tasks to queue
[2025-09-10T23:07:14.115+0000] {logging_mixin.py:188} INFO - [2025-09-10T23:07:14.114+0000] {dagbag.py:538} INFO - Filling up the DagBag from /opt/airflow/dags/data_pipeline.py
[2025-09-10T23:07:14.858+0000] {logging_mixin.py:188} INFO - Pyspark version: 3.5.1
[2025-09-10T23:07:14.868+0000] {logging_mixin.py:188} INFO - [2025-09-10T23:07:14.864+0000] {dagbag.py:348} ERROR - Failed to import: /opt/airflow/dags/data_pipeline.py
Traceback (most recent call last):
  File "/home/airflow/.local/lib/python3.8/site-packages/airflow/models/dagbag.py", line 344, in parse
    loader.exec_module(new_module)
  File "<frozen importlib._bootstrap_external>", line 843, in exec_module
  File "<frozen importlib._bootstrap>", line 219, in _call_with_frames_removed
  File "/opt/airflow/dags/data_pipeline.py", line 11, in <module>
    from pipeline.silver_orders import silver_orders
  File "/opt/airflow/pipeline/silver_orders.py", line 4, in <module>
    from bronze_orders import bronze_path
ModuleNotFoundError: No module named 'bronze_orders'
[2025-09-10T23:07:14.869+0000] {processor.py:842} WARNING - No viable dags retrieved from /opt/airflow/dags/data_pipeline.py
[2025-09-10T23:07:14.920+0000] {processor.py:183} INFO - Processing /opt/airflow/dags/data_pipeline.py took 0.839 seconds
[2025-09-10T23:07:45.092+0000] {processor.py:161} INFO - Started process (PID=185) to work on /opt/airflow/dags/data_pipeline.py
[2025-09-10T23:07:45.094+0000] {processor.py:830} INFO - Processing file /opt/airflow/dags/data_pipeline.py for tasks to queue
[2025-09-10T23:07:45.099+0000] {logging_mixin.py:188} INFO - [2025-09-10T23:07:45.098+0000] {dagbag.py:538} INFO - Filling up the DagBag from /opt/airflow/dags/data_pipeline.py
[2025-09-10T23:07:45.628+0000] {logging_mixin.py:188} INFO - Pyspark version: 3.5.1
[2025-09-10T23:07:45.636+0000] {logging_mixin.py:188} INFO - [2025-09-10T23:07:45.631+0000] {dagbag.py:348} ERROR - Failed to import: /opt/airflow/dags/data_pipeline.py
Traceback (most recent call last):
  File "/home/airflow/.local/lib/python3.8/site-packages/airflow/models/dagbag.py", line 344, in parse
    loader.exec_module(new_module)
  File "<frozen importlib._bootstrap_external>", line 843, in exec_module
  File "<frozen importlib._bootstrap>", line 219, in _call_with_frames_removed
  File "/opt/airflow/dags/data_pipeline.py", line 11, in <module>
    from pipeline.silver_orders import silver_orders
  File "/opt/airflow/pipeline/silver_orders.py", line 4, in <module>
    from bronze_orders import bronze_path
ModuleNotFoundError: No module named 'bronze_orders'
[2025-09-10T23:07:45.637+0000] {processor.py:842} WARNING - No viable dags retrieved from /opt/airflow/dags/data_pipeline.py
[2025-09-10T23:07:45.689+0000] {processor.py:183} INFO - Processing /opt/airflow/dags/data_pipeline.py took 0.610 seconds
[2025-09-10T23:08:16.339+0000] {processor.py:161} INFO - Started process (PID=186) to work on /opt/airflow/dags/data_pipeline.py
[2025-09-10T23:08:16.344+0000] {processor.py:830} INFO - Processing file /opt/airflow/dags/data_pipeline.py for tasks to queue
[2025-09-10T23:08:16.354+0000] {logging_mixin.py:188} INFO - [2025-09-10T23:08:16.353+0000] {dagbag.py:538} INFO - Filling up the DagBag from /opt/airflow/dags/data_pipeline.py
[2025-09-10T23:08:16.757+0000] {logging_mixin.py:188} INFO - Pyspark version: 3.5.1
[2025-09-10T23:08:16.773+0000] {logging_mixin.py:188} INFO - [2025-09-10T23:08:16.770+0000] {dagbag.py:348} ERROR - Failed to import: /opt/airflow/dags/data_pipeline.py
Traceback (most recent call last):
  File "/home/airflow/.local/lib/python3.8/site-packages/airflow/models/dagbag.py", line 344, in parse
    loader.exec_module(new_module)
  File "<frozen importlib._bootstrap_external>", line 843, in exec_module
  File "<frozen importlib._bootstrap>", line 219, in _call_with_frames_removed
  File "/opt/airflow/dags/data_pipeline.py", line 11, in <module>
    from pipeline.silver_orders import silver_orders
ImportError: cannot import name 'silver_orders' from 'pipeline.silver_orders' (/opt/airflow/pipeline/silver_orders.py)
[2025-09-10T23:08:16.774+0000] {processor.py:842} WARNING - No viable dags retrieved from /opt/airflow/dags/data_pipeline.py
[2025-09-10T23:08:16.885+0000] {processor.py:183} INFO - Processing /opt/airflow/dags/data_pipeline.py took 0.572 seconds
[2025-09-10T23:08:47.175+0000] {processor.py:161} INFO - Started process (PID=187) to work on /opt/airflow/dags/data_pipeline.py
[2025-09-10T23:08:47.178+0000] {processor.py:830} INFO - Processing file /opt/airflow/dags/data_pipeline.py for tasks to queue
[2025-09-10T23:08:47.183+0000] {logging_mixin.py:188} INFO - [2025-09-10T23:08:47.182+0000] {dagbag.py:538} INFO - Filling up the DagBag from /opt/airflow/dags/data_pipeline.py
[2025-09-10T23:08:47.313+0000] {logging_mixin.py:188} INFO - Pyspark version: 3.5.1
[2025-09-10T23:08:47.316+0000] {logging_mixin.py:188} INFO - [2025-09-10T23:08:47.315+0000] {dagbag.py:348} ERROR - Failed to import: /opt/airflow/dags/data_pipeline.py
Traceback (most recent call last):
  File "/home/airflow/.local/lib/python3.8/site-packages/airflow/models/dagbag.py", line 344, in parse
    loader.exec_module(new_module)
  File "<frozen importlib._bootstrap_external>", line 843, in exec_module
  File "<frozen importlib._bootstrap>", line 219, in _call_with_frames_removed
  File "/opt/airflow/dags/data_pipeline.py", line 11, in <module>
    from pipeline.silver_orders import silver_orders
ImportError: cannot import name 'silver_orders' from 'pipeline.silver_orders' (/opt/airflow/pipeline/silver_orders.py)
[2025-09-10T23:08:47.317+0000] {processor.py:842} WARNING - No viable dags retrieved from /opt/airflow/dags/data_pipeline.py
[2025-09-10T23:08:47.350+0000] {processor.py:183} INFO - Processing /opt/airflow/dags/data_pipeline.py took 0.182 seconds
[2025-09-10T23:09:17.733+0000] {processor.py:161} INFO - Started process (PID=188) to work on /opt/airflow/dags/data_pipeline.py
[2025-09-10T23:09:17.736+0000] {processor.py:830} INFO - Processing file /opt/airflow/dags/data_pipeline.py for tasks to queue
[2025-09-10T23:09:17.750+0000] {logging_mixin.py:188} INFO - [2025-09-10T23:09:17.747+0000] {dagbag.py:538} INFO - Filling up the DagBag from /opt/airflow/dags/data_pipeline.py
[2025-09-10T23:09:18.066+0000] {logging_mixin.py:188} INFO - Pyspark version: 3.5.1
[2025-09-10T23:09:18.072+0000] {logging_mixin.py:188} INFO - [2025-09-10T23:09:18.069+0000] {dagbag.py:348} ERROR - Failed to import: /opt/airflow/dags/data_pipeline.py
Traceback (most recent call last):
  File "/home/airflow/.local/lib/python3.8/site-packages/airflow/models/dagbag.py", line 344, in parse
    loader.exec_module(new_module)
  File "<frozen importlib._bootstrap_external>", line 843, in exec_module
  File "<frozen importlib._bootstrap>", line 219, in _call_with_frames_removed
  File "/opt/airflow/dags/data_pipeline.py", line 11, in <module>
    from pipeline.silver_orders import silver_orders
ImportError: cannot import name 'silver_orders' from 'pipeline.silver_orders' (/opt/airflow/pipeline/silver_orders.py)
[2025-09-10T23:09:18.073+0000] {processor.py:842} WARNING - No viable dags retrieved from /opt/airflow/dags/data_pipeline.py
[2025-09-10T23:09:18.134+0000] {processor.py:183} INFO - Processing /opt/airflow/dags/data_pipeline.py took 0.410 seconds
[2025-09-10T23:09:48.418+0000] {processor.py:161} INFO - Started process (PID=189) to work on /opt/airflow/dags/data_pipeline.py
[2025-09-10T23:09:48.421+0000] {processor.py:830} INFO - Processing file /opt/airflow/dags/data_pipeline.py for tasks to queue
[2025-09-10T23:09:48.429+0000] {logging_mixin.py:188} INFO - [2025-09-10T23:09:48.428+0000] {dagbag.py:538} INFO - Filling up the DagBag from /opt/airflow/dags/data_pipeline.py
[2025-09-10T23:09:48.661+0000] {logging_mixin.py:188} INFO - Pyspark version: 3.5.1
[2025-09-10T23:09:49.772+0000] {logging_mixin.py:188} INFO - [2025-09-10T23:09:48.664+0000] {dagbag.py:348} ERROR - Failed to import: /opt/airflow/dags/data_pipeline.py
Traceback (most recent call last):
  File "/home/airflow/.local/lib/python3.8/site-packages/airflow/models/dagbag.py", line 344, in parse
    loader.exec_module(new_module)
  File "<frozen importlib._bootstrap_external>", line 843, in exec_module
  File "<frozen importlib._bootstrap>", line 219, in _call_with_frames_removed
  File "/opt/airflow/dags/data_pipeline.py", line 11, in <module>
    from pipeline.silver_orders import silver_orders
ImportError: cannot import name 'silver_orders' from 'pipeline.silver_orders' (/opt/airflow/pipeline/silver_orders.py)
[2025-09-10T23:09:49.774+0000] {processor.py:842} WARNING - No viable dags retrieved from /opt/airflow/dags/data_pipeline.py
[2025-09-10T23:09:49.880+0000] {processor.py:183} INFO - Processing /opt/airflow/dags/data_pipeline.py took 1.472 seconds
[2025-09-10T23:10:19.969+0000] {processor.py:161} INFO - Started process (PID=190) to work on /opt/airflow/dags/data_pipeline.py
[2025-09-10T23:10:19.971+0000] {processor.py:830} INFO - Processing file /opt/airflow/dags/data_pipeline.py for tasks to queue
[2025-09-10T23:10:19.976+0000] {logging_mixin.py:188} INFO - [2025-09-10T23:10:19.975+0000] {dagbag.py:538} INFO - Filling up the DagBag from /opt/airflow/dags/data_pipeline.py
[2025-09-10T23:10:21.648+0000] {logging_mixin.py:188} INFO - Pyspark version: 3.5.1
[2025-09-10T23:10:21.680+0000] {logging_mixin.py:188} INFO - [2025-09-10T23:10:21.661+0000] {dagbag.py:348} ERROR - Failed to import: /opt/airflow/dags/data_pipeline.py
Traceback (most recent call last):
  File "/home/airflow/.local/lib/python3.8/site-packages/airflow/models/dagbag.py", line 344, in parse
    loader.exec_module(new_module)
  File "<frozen importlib._bootstrap_external>", line 843, in exec_module
  File "<frozen importlib._bootstrap>", line 219, in _call_with_frames_removed
  File "/opt/airflow/dags/data_pipeline.py", line 11, in <module>
    from pipeline.silver_orders import silver_orders
ImportError: cannot import name 'silver_orders' from 'pipeline.silver_orders' (/opt/airflow/pipeline/silver_orders.py)
[2025-09-10T23:10:21.683+0000] {processor.py:842} WARNING - No viable dags retrieved from /opt/airflow/dags/data_pipeline.py
[2025-09-10T23:10:21.850+0000] {processor.py:183} INFO - Processing /opt/airflow/dags/data_pipeline.py took 1.891 seconds
[2025-09-10T23:10:52.573+0000] {processor.py:161} INFO - Started process (PID=191) to work on /opt/airflow/dags/data_pipeline.py
[2025-09-10T23:10:52.581+0000] {processor.py:830} INFO - Processing file /opt/airflow/dags/data_pipeline.py for tasks to queue
[2025-09-10T23:10:52.594+0000] {logging_mixin.py:188} INFO - [2025-09-10T23:10:52.591+0000] {dagbag.py:538} INFO - Filling up the DagBag from /opt/airflow/dags/data_pipeline.py
[2025-09-10T23:10:53.669+0000] {logging_mixin.py:188} INFO - Pyspark version: 3.5.1
[2025-09-10T23:10:53.676+0000] {logging_mixin.py:188} INFO - [2025-09-10T23:10:53.672+0000] {dagbag.py:348} ERROR - Failed to import: /opt/airflow/dags/data_pipeline.py
Traceback (most recent call last):
  File "/home/airflow/.local/lib/python3.8/site-packages/airflow/models/dagbag.py", line 344, in parse
    loader.exec_module(new_module)
  File "<frozen importlib._bootstrap_external>", line 843, in exec_module
  File "<frozen importlib._bootstrap>", line 219, in _call_with_frames_removed
  File "/opt/airflow/dags/data_pipeline.py", line 11, in <module>
    from pipeline.silver_orders import silver_orders
ImportError: cannot import name 'silver_orders' from 'pipeline.silver_orders' (/opt/airflow/pipeline/silver_orders.py)
[2025-09-10T23:10:53.677+0000] {processor.py:842} WARNING - No viable dags retrieved from /opt/airflow/dags/data_pipeline.py
[2025-09-10T23:10:53.749+0000] {processor.py:183} INFO - Processing /opt/airflow/dags/data_pipeline.py took 1.196 seconds
[2025-09-10T23:11:24.706+0000] {processor.py:161} INFO - Started process (PID=192) to work on /opt/airflow/dags/data_pipeline.py
[2025-09-10T23:11:24.723+0000] {processor.py:830} INFO - Processing file /opt/airflow/dags/data_pipeline.py for tasks to queue
[2025-09-10T23:11:25.091+0000] {logging_mixin.py:188} INFO - [2025-09-10T23:11:25.081+0000] {dagbag.py:538} INFO - Filling up the DagBag from /opt/airflow/dags/data_pipeline.py
[2025-09-10T23:11:27.391+0000] {logging_mixin.py:188} INFO - Pyspark version: 3.5.1
[2025-09-10T23:11:27.500+0000] {logging_mixin.py:188} INFO - [2025-09-10T23:11:27.485+0000] {dagbag.py:348} ERROR - Failed to import: /opt/airflow/dags/data_pipeline.py
Traceback (most recent call last):
  File "/home/airflow/.local/lib/python3.8/site-packages/airflow/models/dagbag.py", line 344, in parse
    loader.exec_module(new_module)
  File "<frozen importlib._bootstrap_external>", line 843, in exec_module
  File "<frozen importlib._bootstrap>", line 219, in _call_with_frames_removed
  File "/opt/airflow/dags/data_pipeline.py", line 11, in <module>
    from pipeline.silver_orders import silver_path, schema_enforment
ImportError: cannot import name 'silver_orders' from 'pipeline.silver_orders' (/opt/airflow/pipeline/silver_orders.py)
[2025-09-10T23:11:27.504+0000] {processor.py:842} WARNING - No viable dags retrieved from /opt/airflow/dags/data_pipeline.py
[2025-09-10T23:11:27.849+0000] {processor.py:183} INFO - Processing /opt/airflow/dags/data_pipeline.py took 3.185 seconds
[2025-09-10T23:11:58.459+0000] {processor.py:161} INFO - Started process (PID=193) to work on /opt/airflow/dags/data_pipeline.py
[2025-09-10T23:11:58.461+0000] {processor.py:830} INFO - Processing file /opt/airflow/dags/data_pipeline.py for tasks to queue
[2025-09-10T23:11:58.465+0000] {logging_mixin.py:188} INFO - [2025-09-10T23:11:58.464+0000] {dagbag.py:538} INFO - Filling up the DagBag from /opt/airflow/dags/data_pipeline.py
[2025-09-10T23:11:58.720+0000] {logging_mixin.py:188} INFO - Pyspark version: 3.5.1
[2025-09-10T23:11:58.729+0000] {logging_mixin.py:188} INFO - [2025-09-10T23:11:58.725+0000] {dagbag.py:348} ERROR - Failed to import: /opt/airflow/dags/data_pipeline.py
Traceback (most recent call last):
  File "/home/airflow/.local/lib/python3.8/site-packages/airflow/models/dagbag.py", line 344, in parse
    loader.exec_module(new_module)
  File "<frozen importlib._bootstrap_external>", line 843, in exec_module
  File "<frozen importlib._bootstrap>", line 219, in _call_with_frames_removed
  File "/opt/airflow/dags/data_pipeline.py", line 11, in <module>
    from pipeline.silver_orders import silver_path, schema_enforment
ImportError: cannot import name 'silver_orders' from 'pipeline.silver_orders' (/opt/airflow/pipeline/silver_orders.py)
[2025-09-10T23:11:58.731+0000] {processor.py:842} WARNING - No viable dags retrieved from /opt/airflow/dags/data_pipeline.py
[2025-09-10T23:11:58.815+0000] {processor.py:183} INFO - Processing /opt/airflow/dags/data_pipeline.py took 0.370 seconds
[2025-09-10T23:12:29.184+0000] {processor.py:161} INFO - Started process (PID=194) to work on /opt/airflow/dags/data_pipeline.py
[2025-09-10T23:12:29.189+0000] {processor.py:830} INFO - Processing file /opt/airflow/dags/data_pipeline.py for tasks to queue
[2025-09-10T23:12:29.202+0000] {logging_mixin.py:188} INFO - [2025-09-10T23:12:29.201+0000] {dagbag.py:538} INFO - Filling up the DagBag from /opt/airflow/dags/data_pipeline.py
[2025-09-10T23:12:29.978+0000] {logging_mixin.py:188} INFO - Pyspark version: 3.5.1
[2025-09-10T23:12:29.995+0000] {logging_mixin.py:188} INFO - [2025-09-10T23:12:29.988+0000] {dagbag.py:348} ERROR - Failed to import: /opt/airflow/dags/data_pipeline.py
Traceback (most recent call last):
  File "/home/airflow/.local/lib/python3.8/site-packages/airflow/models/dagbag.py", line 344, in parse
    loader.exec_module(new_module)
  File "<frozen importlib._bootstrap_external>", line 843, in exec_module
  File "<frozen importlib._bootstrap>", line 219, in _call_with_frames_removed
  File "/opt/airflow/dags/data_pipeline.py", line 11, in <module>
    from pipeline.silver_orders import silver_path, schema_enforment
ImportError: cannot import name 'silver_orders' from 'pipeline.silver_orders' (/opt/airflow/pipeline/silver_orders.py)
[2025-09-10T23:12:29.997+0000] {processor.py:842} WARNING - No viable dags retrieved from /opt/airflow/dags/data_pipeline.py
[2025-09-10T23:12:30.196+0000] {processor.py:183} INFO - Processing /opt/airflow/dags/data_pipeline.py took 1.032 seconds
[2025-09-10T23:13:00.706+0000] {processor.py:161} INFO - Started process (PID=195) to work on /opt/airflow/dags/data_pipeline.py
[2025-09-10T23:13:00.713+0000] {processor.py:830} INFO - Processing file /opt/airflow/dags/data_pipeline.py for tasks to queue
[2025-09-10T23:13:00.751+0000] {logging_mixin.py:188} INFO - [2025-09-10T23:13:00.745+0000] {dagbag.py:538} INFO - Filling up the DagBag from /opt/airflow/dags/data_pipeline.py
[2025-09-10T23:13:06.227+0000] {logging_mixin.py:188} INFO - Pyspark version: 3.5.1
[2025-09-10T23:13:06.246+0000] {logging_mixin.py:188} INFO - [2025-09-10T23:13:06.237+0000] {dagbag.py:348} ERROR - Failed to import: /opt/airflow/dags/data_pipeline.py
Traceback (most recent call last):
  File "/home/airflow/.local/lib/python3.8/site-packages/airflow/models/dagbag.py", line 344, in parse
    loader.exec_module(new_module)
  File "<frozen importlib._bootstrap_external>", line 843, in exec_module
  File "<frozen importlib._bootstrap>", line 219, in _call_with_frames_removed
  File "/opt/airflow/dags/data_pipeline.py", line 11, in <module>
    from pipeline.silver_orders import silver_path, schema_enforment
ImportError: cannot import name 'silver_orders' from 'pipeline.silver_orders' (/opt/airflow/pipeline/silver_orders.py)
[2025-09-10T23:13:06.250+0000] {processor.py:842} WARNING - No viable dags retrieved from /opt/airflow/dags/data_pipeline.py
[2025-09-10T23:13:06.416+0000] {processor.py:183} INFO - Processing /opt/airflow/dags/data_pipeline.py took 5.764 seconds
[2025-09-10T23:13:37.128+0000] {processor.py:161} INFO - Started process (PID=196) to work on /opt/airflow/dags/data_pipeline.py
[2025-09-10T23:13:37.131+0000] {processor.py:830} INFO - Processing file /opt/airflow/dags/data_pipeline.py for tasks to queue
[2025-09-10T23:13:37.141+0000] {logging_mixin.py:188} INFO - [2025-09-10T23:13:37.140+0000] {dagbag.py:538} INFO - Filling up the DagBag from /opt/airflow/dags/data_pipeline.py
[2025-09-10T23:13:38.609+0000] {logging_mixin.py:188} INFO - Pyspark version: 3.5.1
[2025-09-10T23:13:38.623+0000] {logging_mixin.py:188} INFO - [2025-09-10T23:13:38.617+0000] {dagbag.py:348} ERROR - Failed to import: /opt/airflow/dags/data_pipeline.py
Traceback (most recent call last):
  File "/home/airflow/.local/lib/python3.8/site-packages/airflow/models/dagbag.py", line 344, in parse
    loader.exec_module(new_module)
  File "<frozen importlib._bootstrap_external>", line 843, in exec_module
  File "<frozen importlib._bootstrap>", line 219, in _call_with_frames_removed
  File "/opt/airflow/dags/data_pipeline.py", line 11, in <module>
    from pipeline.silver_orders import silver_path, schema_enforment
ImportError: cannot import name 'silver_orders' from 'pipeline.silver_orders' (/opt/airflow/pipeline/silver_orders.py)
[2025-09-10T23:13:38.626+0000] {processor.py:842} WARNING - No viable dags retrieved from /opt/airflow/dags/data_pipeline.py
[2025-09-10T23:13:38.826+0000] {processor.py:183} INFO - Processing /opt/airflow/dags/data_pipeline.py took 1.706 seconds
[2025-09-10T23:14:09.328+0000] {processor.py:161} INFO - Started process (PID=197) to work on /opt/airflow/dags/data_pipeline.py
[2025-09-10T23:14:09.335+0000] {processor.py:830} INFO - Processing file /opt/airflow/dags/data_pipeline.py for tasks to queue
[2025-09-10T23:14:09.360+0000] {logging_mixin.py:188} INFO - [2025-09-10T23:14:09.358+0000] {dagbag.py:538} INFO - Filling up the DagBag from /opt/airflow/dags/data_pipeline.py
[2025-09-10T23:14:12.897+0000] {logging_mixin.py:188} INFO - Pyspark version: 3.5.1
[2025-09-10T23:14:13.047+0000] {logging_mixin.py:188} INFO - [2025-09-10T23:14:13.040+0000] {dagbag.py:348} ERROR - Failed to import: /opt/airflow/dags/data_pipeline.py
Traceback (most recent call last):
  File "/home/airflow/.local/lib/python3.8/site-packages/airflow/models/dagbag.py", line 344, in parse
    loader.exec_module(new_module)
  File "<frozen importlib._bootstrap_external>", line 843, in exec_module
  File "<frozen importlib._bootstrap>", line 219, in _call_with_frames_removed
  File "/opt/airflow/dags/data_pipeline.py", line 11, in <module>
    from pipeline.silver_orders import silver_path, schema_enforment
ImportError: cannot import name 'silver_orders' from 'pipeline.silver_orders' (/opt/airflow/pipeline/silver_orders.py)
[2025-09-10T23:14:13.050+0000] {processor.py:842} WARNING - No viable dags retrieved from /opt/airflow/dags/data_pipeline.py
[2025-09-10T23:14:13.220+0000] {processor.py:183} INFO - Processing /opt/airflow/dags/data_pipeline.py took 3.930 seconds
[2025-09-10T23:14:43.568+0000] {processor.py:161} INFO - Started process (PID=198) to work on /opt/airflow/dags/data_pipeline.py
[2025-09-10T23:14:43.579+0000] {processor.py:830} INFO - Processing file /opt/airflow/dags/data_pipeline.py for tasks to queue
[2025-09-10T23:14:43.641+0000] {logging_mixin.py:188} INFO - [2025-09-10T23:14:43.628+0000] {dagbag.py:538} INFO - Filling up the DagBag from /opt/airflow/dags/data_pipeline.py
[2025-09-10T23:14:44.383+0000] {logging_mixin.py:188} INFO - Pyspark version: 3.5.1
[2025-09-10T23:14:44.396+0000] {logging_mixin.py:188} INFO - [2025-09-10T23:14:44.390+0000] {dagbag.py:348} ERROR - Failed to import: /opt/airflow/dags/data_pipeline.py
Traceback (most recent call last):
  File "/home/airflow/.local/lib/python3.8/site-packages/airflow/models/dagbag.py", line 344, in parse
    loader.exec_module(new_module)
  File "<frozen importlib._bootstrap_external>", line 843, in exec_module
  File "<frozen importlib._bootstrap>", line 219, in _call_with_frames_removed
  File "/opt/airflow/dags/data_pipeline.py", line 11, in <module>
    from pipeline.silver_orders import silver_path, schema_enforment
ImportError: cannot import name 'silver_orders' from 'pipeline.silver_orders' (/opt/airflow/pipeline/silver_orders.py)
[2025-09-10T23:14:44.399+0000] {processor.py:842} WARNING - No viable dags retrieved from /opt/airflow/dags/data_pipeline.py
[2025-09-10T23:14:44.528+0000] {processor.py:183} INFO - Processing /opt/airflow/dags/data_pipeline.py took 1.079 seconds
[2025-09-10T23:15:15.127+0000] {processor.py:161} INFO - Started process (PID=199) to work on /opt/airflow/dags/data_pipeline.py
[2025-09-10T23:15:15.135+0000] {processor.py:830} INFO - Processing file /opt/airflow/dags/data_pipeline.py for tasks to queue
[2025-09-10T23:15:15.164+0000] {logging_mixin.py:188} INFO - [2025-09-10T23:15:15.161+0000] {dagbag.py:538} INFO - Filling up the DagBag from /opt/airflow/dags/data_pipeline.py
[2025-09-10T23:15:16.648+0000] {logging_mixin.py:188} INFO - Pyspark version: 3.5.1
[2025-09-10T23:15:16.661+0000] {logging_mixin.py:188} INFO - [2025-09-10T23:15:16.655+0000] {dagbag.py:348} ERROR - Failed to import: /opt/airflow/dags/data_pipeline.py
Traceback (most recent call last):
  File "/home/airflow/.local/lib/python3.8/site-packages/airflow/models/dagbag.py", line 344, in parse
    loader.exec_module(new_module)
  File "<frozen importlib._bootstrap_external>", line 843, in exec_module
  File "<frozen importlib._bootstrap>", line 219, in _call_with_frames_removed
  File "/opt/airflow/dags/data_pipeline.py", line 11, in <module>
    from pipeline.silver_orders import silver_path, schema_enforment
ImportError: cannot import name 'silver_orders' from 'pipeline.silver_orders' (/opt/airflow/pipeline/silver_orders.py)
[2025-09-10T23:15:16.662+0000] {processor.py:842} WARNING - No viable dags retrieved from /opt/airflow/dags/data_pipeline.py
[2025-09-10T23:15:16.779+0000] {processor.py:183} INFO - Processing /opt/airflow/dags/data_pipeline.py took 1.695 seconds
[2025-09-10T23:15:46.890+0000] {processor.py:161} INFO - Started process (PID=200) to work on /opt/airflow/dags/data_pipeline.py
[2025-09-10T23:15:46.893+0000] {processor.py:830} INFO - Processing file /opt/airflow/dags/data_pipeline.py for tasks to queue
[2025-09-10T23:15:46.900+0000] {logging_mixin.py:188} INFO - [2025-09-10T23:15:46.899+0000] {dagbag.py:538} INFO - Filling up the DagBag from /opt/airflow/dags/data_pipeline.py
[2025-09-10T23:15:49.258+0000] {logging_mixin.py:188} INFO - Pyspark version: 3.5.1
[2025-09-10T23:15:49.351+0000] {logging_mixin.py:188} INFO - [2025-09-10T23:15:49.328+0000] {dagbag.py:348} ERROR - Failed to import: /opt/airflow/dags/data_pipeline.py
Traceback (most recent call last):
  File "/home/airflow/.local/lib/python3.8/site-packages/airflow/models/dagbag.py", line 344, in parse
    loader.exec_module(new_module)
  File "<frozen importlib._bootstrap_external>", line 843, in exec_module
  File "<frozen importlib._bootstrap>", line 219, in _call_with_frames_removed
  File "/opt/airflow/dags/data_pipeline.py", line 12, in <module>
    from ingestion.local_producer_host import purchase_event
  File "/opt/airflow/ingestion/local_producer_host.py", line 1, in <module>
    from confluent_kafka import Producer
ModuleNotFoundError: No module named 'confluent_kafka'
[2025-09-10T23:15:49.357+0000] {processor.py:842} WARNING - No viable dags retrieved from /opt/airflow/dags/data_pipeline.py
[2025-09-10T23:15:49.876+0000] {processor.py:183} INFO - Processing /opt/airflow/dags/data_pipeline.py took 2.993 seconds
[2025-09-10T23:16:20.708+0000] {processor.py:161} INFO - Started process (PID=201) to work on /opt/airflow/dags/data_pipeline.py
[2025-09-10T23:16:20.712+0000] {processor.py:830} INFO - Processing file /opt/airflow/dags/data_pipeline.py for tasks to queue
[2025-09-10T23:16:20.740+0000] {logging_mixin.py:188} INFO - [2025-09-10T23:16:20.734+0000] {dagbag.py:538} INFO - Filling up the DagBag from /opt/airflow/dags/data_pipeline.py
[2025-09-10T23:16:25.975+0000] {logging_mixin.py:188} INFO - Pyspark version: 3.5.1
[2025-09-10T23:16:26.014+0000] {logging_mixin.py:188} INFO - [2025-09-10T23:16:26.004+0000] {dagbag.py:348} ERROR - Failed to import: /opt/airflow/dags/data_pipeline.py
Traceback (most recent call last):
  File "/home/airflow/.local/lib/python3.8/site-packages/airflow/models/dagbag.py", line 344, in parse
    loader.exec_module(new_module)
  File "<frozen importlib._bootstrap_external>", line 843, in exec_module
  File "<frozen importlib._bootstrap>", line 219, in _call_with_frames_removed
  File "/opt/airflow/dags/data_pipeline.py", line 12, in <module>
    from ingestion.local_producer_host import purchase_event
  File "/opt/airflow/ingestion/local_producer_host.py", line 1, in <module>
    from confluent_kafka import Producer
ModuleNotFoundError: No module named 'confluent_kafka'
[2025-09-10T23:16:26.018+0000] {processor.py:842} WARNING - No viable dags retrieved from /opt/airflow/dags/data_pipeline.py
[2025-09-10T23:16:26.218+0000] {processor.py:183} INFO - Processing /opt/airflow/dags/data_pipeline.py took 5.536 seconds
[2025-09-10T23:16:56.775+0000] {processor.py:161} INFO - Started process (PID=202) to work on /opt/airflow/dags/data_pipeline.py
[2025-09-10T23:16:56.777+0000] {processor.py:830} INFO - Processing file /opt/airflow/dags/data_pipeline.py for tasks to queue
[2025-09-10T23:16:56.783+0000] {logging_mixin.py:188} INFO - [2025-09-10T23:16:56.782+0000] {dagbag.py:538} INFO - Filling up the DagBag from /opt/airflow/dags/data_pipeline.py
[2025-09-10T23:16:57.349+0000] {logging_mixin.py:188} INFO - Pyspark version: 3.5.1
[2025-09-10T23:16:57.364+0000] {logging_mixin.py:188} INFO - [2025-09-10T23:16:57.360+0000] {dagbag.py:348} ERROR - Failed to import: /opt/airflow/dags/data_pipeline.py
Traceback (most recent call last):
  File "/home/airflow/.local/lib/python3.8/site-packages/airflow/models/dagbag.py", line 344, in parse
    loader.exec_module(new_module)
  File "<frozen importlib._bootstrap_external>", line 843, in exec_module
  File "<frozen importlib._bootstrap>", line 219, in _call_with_frames_removed
  File "/opt/airflow/dags/data_pipeline.py", line 12, in <module>
    from ingestion.local_producer_host import purchase_event
  File "/opt/airflow/ingestion/local_producer_host.py", line 1, in <module>
    from confluent_kafka import Producer
ModuleNotFoundError: No module named 'confluent_kafka'
[2025-09-10T23:16:57.366+0000] {processor.py:842} WARNING - No viable dags retrieved from /opt/airflow/dags/data_pipeline.py
[2025-09-10T23:16:57.440+0000] {processor.py:183} INFO - Processing /opt/airflow/dags/data_pipeline.py took 0.675 seconds
[2025-09-10T23:17:27.736+0000] {processor.py:161} INFO - Started process (PID=203) to work on /opt/airflow/dags/data_pipeline.py
[2025-09-10T23:17:27.740+0000] {processor.py:830} INFO - Processing file /opt/airflow/dags/data_pipeline.py for tasks to queue
[2025-09-10T23:17:27.756+0000] {logging_mixin.py:188} INFO - [2025-09-10T23:17:27.753+0000] {dagbag.py:538} INFO - Filling up the DagBag from /opt/airflow/dags/data_pipeline.py
[2025-09-10T23:17:28.984+0000] {logging_mixin.py:188} INFO - Pyspark version: 3.5.1
[2025-09-10T23:17:29.025+0000] {logging_mixin.py:188} INFO - [2025-09-10T23:17:29.012+0000] {dagbag.py:348} ERROR - Failed to import: /opt/airflow/dags/data_pipeline.py
Traceback (most recent call last):
  File "/home/airflow/.local/lib/python3.8/site-packages/airflow/models/dagbag.py", line 344, in parse
    loader.exec_module(new_module)
  File "<frozen importlib._bootstrap_external>", line 843, in exec_module
  File "<frozen importlib._bootstrap>", line 219, in _call_with_frames_removed
  File "/opt/airflow/dags/data_pipeline.py", line 12, in <module>
    from ingestion.local_producer_host import purchase_event
  File "/opt/airflow/ingestion/local_producer_host.py", line 1, in <module>
    from confluent_kafka import Producer
ModuleNotFoundError: No module named 'confluent_kafka'
[2025-09-10T23:17:29.029+0000] {processor.py:842} WARNING - No viable dags retrieved from /opt/airflow/dags/data_pipeline.py
[2025-09-10T23:17:29.165+0000] {processor.py:183} INFO - Processing /opt/airflow/dags/data_pipeline.py took 1.451 seconds
[2025-09-10T23:17:59.866+0000] {processor.py:161} INFO - Started process (PID=204) to work on /opt/airflow/dags/data_pipeline.py
[2025-09-10T23:17:59.894+0000] {processor.py:830} INFO - Processing file /opt/airflow/dags/data_pipeline.py for tasks to queue
[2025-09-10T23:17:59.927+0000] {logging_mixin.py:188} INFO - [2025-09-10T23:17:59.924+0000] {dagbag.py:538} INFO - Filling up the DagBag from /opt/airflow/dags/data_pipeline.py
[2025-09-10T23:18:00.882+0000] {logging_mixin.py:188} INFO - Pyspark version: 3.5.1
[2025-09-10T23:18:00.919+0000] {logging_mixin.py:188} INFO - [2025-09-10T23:18:00.909+0000] {dagbag.py:348} ERROR - Failed to import: /opt/airflow/dags/data_pipeline.py
Traceback (most recent call last):
  File "/home/airflow/.local/lib/python3.8/site-packages/airflow/models/dagbag.py", line 344, in parse
    loader.exec_module(new_module)
  File "<frozen importlib._bootstrap_external>", line 843, in exec_module
  File "<frozen importlib._bootstrap>", line 219, in _call_with_frames_removed
  File "/opt/airflow/dags/data_pipeline.py", line 12, in <module>
    from ingestion.local_producer_host import purchase_event
  File "/opt/airflow/ingestion/local_producer_host.py", line 1, in <module>
    from confluent_kafka import Producer
ModuleNotFoundError: No module named 'confluent_kafka'
[2025-09-10T23:18:00.923+0000] {processor.py:842} WARNING - No viable dags retrieved from /opt/airflow/dags/data_pipeline.py
[2025-09-10T23:18:01.072+0000] {processor.py:183} INFO - Processing /opt/airflow/dags/data_pipeline.py took 1.239 seconds
[2025-09-10T23:18:31.670+0000] {processor.py:161} INFO - Started process (PID=205) to work on /opt/airflow/dags/data_pipeline.py
[2025-09-10T23:18:31.677+0000] {processor.py:830} INFO - Processing file /opt/airflow/dags/data_pipeline.py for tasks to queue
[2025-09-10T23:18:31.690+0000] {logging_mixin.py:188} INFO - [2025-09-10T23:18:31.688+0000] {dagbag.py:538} INFO - Filling up the DagBag from /opt/airflow/dags/data_pipeline.py
[2025-09-10T23:18:31.931+0000] {logging_mixin.py:188} INFO - Pyspark version: 3.5.1
[2025-09-10T23:18:31.954+0000] {logging_mixin.py:188} INFO - [2025-09-10T23:18:31.949+0000] {dagbag.py:348} ERROR - Failed to import: /opt/airflow/dags/data_pipeline.py
Traceback (most recent call last):
  File "/home/airflow/.local/lib/python3.8/site-packages/airflow/models/dagbag.py", line 344, in parse
    loader.exec_module(new_module)
  File "<frozen importlib._bootstrap_external>", line 843, in exec_module
  File "<frozen importlib._bootstrap>", line 219, in _call_with_frames_removed
  File "/opt/airflow/dags/data_pipeline.py", line 12, in <module>
    from ingestion.local_producer_host import purchase_event
  File "/opt/airflow/ingestion/local_producer_host.py", line 1, in <module>
    from confluent_kafka import Producer
ModuleNotFoundError: No module named 'confluent_kafka'
[2025-09-10T23:18:31.957+0000] {processor.py:842} WARNING - No viable dags retrieved from /opt/airflow/dags/data_pipeline.py
[2025-09-10T23:18:32.337+0000] {processor.py:183} INFO - Processing /opt/airflow/dags/data_pipeline.py took 0.702 seconds
[2025-09-10T23:19:02.999+0000] {processor.py:161} INFO - Started process (PID=206) to work on /opt/airflow/dags/data_pipeline.py
[2025-09-10T23:19:03.001+0000] {processor.py:830} INFO - Processing file /opt/airflow/dags/data_pipeline.py for tasks to queue
[2025-09-10T23:19:03.007+0000] {logging_mixin.py:188} INFO - [2025-09-10T23:19:03.006+0000] {dagbag.py:538} INFO - Filling up the DagBag from /opt/airflow/dags/data_pipeline.py
[2025-09-10T23:19:05.145+0000] {logging_mixin.py:188} INFO - Pyspark version: 3.5.1
[2025-09-10T23:19:05.191+0000] {logging_mixin.py:188} INFO - [2025-09-10T23:19:05.177+0000] {dagbag.py:348} ERROR - Failed to import: /opt/airflow/dags/data_pipeline.py
Traceback (most recent call last):
  File "/home/airflow/.local/lib/python3.8/site-packages/airflow/models/dagbag.py", line 344, in parse
    loader.exec_module(new_module)
  File "<frozen importlib._bootstrap_external>", line 843, in exec_module
  File "<frozen importlib._bootstrap>", line 219, in _call_with_frames_removed
  File "/opt/airflow/dags/data_pipeline.py", line 12, in <module>
    from ingestion.local_producer_host import purchase_event
  File "/opt/airflow/ingestion/local_producer_host.py", line 1, in <module>
    from confluent_kafka import Producer
ModuleNotFoundError: No module named 'confluent_kafka'
[2025-09-10T23:19:05.195+0000] {processor.py:842} WARNING - No viable dags retrieved from /opt/airflow/dags/data_pipeline.py
[2025-09-10T23:19:05.414+0000] {processor.py:183} INFO - Processing /opt/airflow/dags/data_pipeline.py took 2.425 seconds
[2025-09-10T23:19:36.031+0000] {processor.py:161} INFO - Started process (PID=207) to work on /opt/airflow/dags/data_pipeline.py
[2025-09-10T23:19:36.038+0000] {processor.py:830} INFO - Processing file /opt/airflow/dags/data_pipeline.py for tasks to queue
[2025-09-10T23:19:36.055+0000] {logging_mixin.py:188} INFO - [2025-09-10T23:19:36.052+0000] {dagbag.py:538} INFO - Filling up the DagBag from /opt/airflow/dags/data_pipeline.py
[2025-09-10T23:19:38.648+0000] {logging_mixin.py:188} INFO - Pyspark version: 3.5.1
[2025-09-10T23:19:38.707+0000] {logging_mixin.py:188} INFO - [2025-09-10T23:19:38.690+0000] {dagbag.py:348} ERROR - Failed to import: /opt/airflow/dags/data_pipeline.py
Traceback (most recent call last):
  File "/home/airflow/.local/lib/python3.8/site-packages/airflow/models/dagbag.py", line 344, in parse
    loader.exec_module(new_module)
  File "<frozen importlib._bootstrap_external>", line 843, in exec_module
  File "<frozen importlib._bootstrap>", line 219, in _call_with_frames_removed
  File "/opt/airflow/dags/data_pipeline.py", line 12, in <module>
    from ingestion.local_producer_host import purchase_event
  File "/opt/airflow/ingestion/local_producer_host.py", line 1, in <module>
    from confluent_kafka import Producer
ModuleNotFoundError: No module named 'confluent_kafka'
[2025-09-10T23:19:38.711+0000] {processor.py:842} WARNING - No viable dags retrieved from /opt/airflow/dags/data_pipeline.py
[2025-09-10T23:19:38.944+0000] {processor.py:183} INFO - Processing /opt/airflow/dags/data_pipeline.py took 2.941 seconds
[2025-09-10T23:20:09.923+0000] {processor.py:161} INFO - Started process (PID=208) to work on /opt/airflow/dags/data_pipeline.py
[2025-09-10T23:20:09.929+0000] {processor.py:830} INFO - Processing file /opt/airflow/dags/data_pipeline.py for tasks to queue
[2025-09-10T23:20:09.941+0000] {logging_mixin.py:188} INFO - [2025-09-10T23:20:09.939+0000] {dagbag.py:538} INFO - Filling up the DagBag from /opt/airflow/dags/data_pipeline.py
[2025-09-10T23:20:10.969+0000] {logging_mixin.py:188} INFO - Pyspark version: 3.5.1
[2025-09-10T23:20:10.996+0000] {logging_mixin.py:188} INFO - [2025-09-10T23:20:10.986+0000] {dagbag.py:348} ERROR - Failed to import: /opt/airflow/dags/data_pipeline.py
Traceback (most recent call last):
  File "/home/airflow/.local/lib/python3.8/site-packages/airflow/models/dagbag.py", line 344, in parse
    loader.exec_module(new_module)
  File "<frozen importlib._bootstrap_external>", line 843, in exec_module
  File "<frozen importlib._bootstrap>", line 219, in _call_with_frames_removed
  File "/opt/airflow/dags/data_pipeline.py", line 12, in <module>
    from ingestion.local_producer_host import purchase_event
  File "/opt/airflow/ingestion/local_producer_host.py", line 1, in <module>
    from confluent_kafka import Producer
ModuleNotFoundError: No module named 'confluent_kafka'
[2025-09-10T23:20:10.998+0000] {processor.py:842} WARNING - No viable dags retrieved from /opt/airflow/dags/data_pipeline.py
[2025-09-10T23:20:11.072+0000] {processor.py:183} INFO - Processing /opt/airflow/dags/data_pipeline.py took 1.166 seconds
[2025-09-10T23:20:41.576+0000] {processor.py:161} INFO - Started process (PID=209) to work on /opt/airflow/dags/data_pipeline.py
[2025-09-10T23:20:41.578+0000] {processor.py:830} INFO - Processing file /opt/airflow/dags/data_pipeline.py for tasks to queue
[2025-09-10T23:20:41.583+0000] {logging_mixin.py:188} INFO - [2025-09-10T23:20:41.583+0000] {dagbag.py:538} INFO - Filling up the DagBag from /opt/airflow/dags/data_pipeline.py
[2025-09-10T23:20:41.763+0000] {logging_mixin.py:188} INFO - Pyspark version: 3.5.1
[2025-09-10T23:20:41.774+0000] {logging_mixin.py:188} INFO - [2025-09-10T23:20:41.771+0000] {dagbag.py:348} ERROR - Failed to import: /opt/airflow/dags/data_pipeline.py
Traceback (most recent call last):
  File "/home/airflow/.local/lib/python3.8/site-packages/airflow/models/dagbag.py", line 344, in parse
    loader.exec_module(new_module)
  File "<frozen importlib._bootstrap_external>", line 843, in exec_module
  File "<frozen importlib._bootstrap>", line 219, in _call_with_frames_removed
  File "/opt/airflow/dags/data_pipeline.py", line 12, in <module>
    from ingestion.local_producer_host import purchase_event
  File "/opt/airflow/ingestion/local_producer_host.py", line 1, in <module>
    from confluent_kafka import Producer
ModuleNotFoundError: No module named 'confluent_kafka'
[2025-09-10T23:20:41.775+0000] {processor.py:842} WARNING - No viable dags retrieved from /opt/airflow/dags/data_pipeline.py
[2025-09-10T23:20:41.833+0000] {processor.py:183} INFO - Processing /opt/airflow/dags/data_pipeline.py took 0.265 seconds
[2025-09-10T23:21:12.405+0000] {processor.py:161} INFO - Started process (PID=210) to work on /opt/airflow/dags/data_pipeline.py
[2025-09-10T23:21:12.423+0000] {processor.py:830} INFO - Processing file /opt/airflow/dags/data_pipeline.py for tasks to queue
[2025-09-10T23:21:12.461+0000] {logging_mixin.py:188} INFO - [2025-09-10T23:21:12.457+0000] {dagbag.py:538} INFO - Filling up the DagBag from /opt/airflow/dags/data_pipeline.py
[2025-09-10T23:21:13.448+0000] {logging_mixin.py:188} INFO - Pyspark version: 3.5.1
[2025-09-10T23:21:13.497+0000] {logging_mixin.py:188} INFO - [2025-09-10T23:21:13.486+0000] {dagbag.py:348} ERROR - Failed to import: /opt/airflow/dags/data_pipeline.py
Traceback (most recent call last):
  File "/home/airflow/.local/lib/python3.8/site-packages/airflow/models/dagbag.py", line 344, in parse
    loader.exec_module(new_module)
  File "<frozen importlib._bootstrap_external>", line 843, in exec_module
  File "<frozen importlib._bootstrap>", line 219, in _call_with_frames_removed
  File "/opt/airflow/dags/data_pipeline.py", line 12, in <module>
    from ingestion.local_producer_host import purchase_event
  File "/opt/airflow/ingestion/local_producer_host.py", line 1, in <module>
    from confluent_kafka import Producer
ModuleNotFoundError: No module named 'confluent_kafka'
[2025-09-10T23:21:13.499+0000] {processor.py:842} WARNING - No viable dags retrieved from /opt/airflow/dags/data_pipeline.py
[2025-09-10T23:21:13.796+0000] {processor.py:183} INFO - Processing /opt/airflow/dags/data_pipeline.py took 1.463 seconds
[2025-09-10T23:21:44.002+0000] {processor.py:161} INFO - Started process (PID=211) to work on /opt/airflow/dags/data_pipeline.py
[2025-09-10T23:21:44.005+0000] {processor.py:830} INFO - Processing file /opt/airflow/dags/data_pipeline.py for tasks to queue
[2025-09-10T23:21:44.015+0000] {logging_mixin.py:188} INFO - [2025-09-10T23:21:44.013+0000] {dagbag.py:538} INFO - Filling up the DagBag from /opt/airflow/dags/data_pipeline.py
[2025-09-10T23:21:44.842+0000] {logging_mixin.py:188} INFO - Pyspark version: 3.5.1
[2025-09-10T23:21:44.862+0000] {logging_mixin.py:188} INFO - [2025-09-10T23:21:44.856+0000] {dagbag.py:348} ERROR - Failed to import: /opt/airflow/dags/data_pipeline.py
Traceback (most recent call last):
  File "/home/airflow/.local/lib/python3.8/site-packages/airflow/models/dagbag.py", line 344, in parse
    loader.exec_module(new_module)
  File "<frozen importlib._bootstrap_external>", line 843, in exec_module
  File "<frozen importlib._bootstrap>", line 219, in _call_with_frames_removed
  File "/opt/airflow/dags/data_pipeline.py", line 12, in <module>
    from ingestion.local_producer_host import purchase_event
  File "/opt/airflow/ingestion/local_producer_host.py", line 1, in <module>
    from confluent_kafka import Producer
ModuleNotFoundError: No module named 'confluent_kafka'
[2025-09-10T23:21:44.864+0000] {processor.py:842} WARNING - No viable dags retrieved from /opt/airflow/dags/data_pipeline.py
[2025-09-10T23:21:44.951+0000] {processor.py:183} INFO - Processing /opt/airflow/dags/data_pipeline.py took 0.966 seconds
[2025-09-10T23:22:15.347+0000] {processor.py:161} INFO - Started process (PID=212) to work on /opt/airflow/dags/data_pipeline.py
[2025-09-10T23:22:15.349+0000] {processor.py:830} INFO - Processing file /opt/airflow/dags/data_pipeline.py for tasks to queue
[2025-09-10T23:22:15.354+0000] {logging_mixin.py:188} INFO - [2025-09-10T23:22:15.353+0000] {dagbag.py:538} INFO - Filling up the DagBag from /opt/airflow/dags/data_pipeline.py
[2025-09-10T23:22:15.939+0000] {logging_mixin.py:188} INFO - Pyspark version: 3.5.1
[2025-09-10T23:22:15.956+0000] {logging_mixin.py:188} INFO - [2025-09-10T23:22:15.952+0000] {dagbag.py:348} ERROR - Failed to import: /opt/airflow/dags/data_pipeline.py
Traceback (most recent call last):
  File "/home/airflow/.local/lib/python3.8/site-packages/airflow/models/dagbag.py", line 344, in parse
    loader.exec_module(new_module)
  File "<frozen importlib._bootstrap_external>", line 843, in exec_module
  File "<frozen importlib._bootstrap>", line 219, in _call_with_frames_removed
  File "/opt/airflow/dags/data_pipeline.py", line 12, in <module>
    from ingestion.local_producer_host import purchase_event
  File "/opt/airflow/ingestion/local_producer_host.py", line 1, in <module>
    from confluent_kafka import Producer
ModuleNotFoundError: No module named 'confluent_kafka'
[2025-09-10T23:22:15.957+0000] {processor.py:842} WARNING - No viable dags retrieved from /opt/airflow/dags/data_pipeline.py
[2025-09-10T23:22:16.014+0000] {processor.py:183} INFO - Processing /opt/airflow/dags/data_pipeline.py took 0.678 seconds
[2025-09-10T23:22:46.282+0000] {processor.py:161} INFO - Started process (PID=213) to work on /opt/airflow/dags/data_pipeline.py
[2025-09-10T23:22:46.285+0000] {processor.py:830} INFO - Processing file /opt/airflow/dags/data_pipeline.py for tasks to queue
[2025-09-10T23:22:46.291+0000] {logging_mixin.py:188} INFO - [2025-09-10T23:22:46.290+0000] {dagbag.py:538} INFO - Filling up the DagBag from /opt/airflow/dags/data_pipeline.py
[2025-09-10T23:22:46.799+0000] {logging_mixin.py:188} INFO - Pyspark version: 3.5.1
[2025-09-10T23:22:46.815+0000] {logging_mixin.py:188} INFO - [2025-09-10T23:22:46.809+0000] {dagbag.py:348} ERROR - Failed to import: /opt/airflow/dags/data_pipeline.py
Traceback (most recent call last):
  File "/home/airflow/.local/lib/python3.8/site-packages/airflow/models/dagbag.py", line 344, in parse
    loader.exec_module(new_module)
  File "<frozen importlib._bootstrap_external>", line 843, in exec_module
  File "<frozen importlib._bootstrap>", line 219, in _call_with_frames_removed
  File "/opt/airflow/dags/data_pipeline.py", line 12, in <module>
    from ingestion.local_producer_host import purchase_event
  File "/opt/airflow/ingestion/local_producer_host.py", line 1, in <module>
    from confluent_kafka import Producer
ModuleNotFoundError: No module named 'confluent_kafka'
[2025-09-10T23:22:46.816+0000] {processor.py:842} WARNING - No viable dags retrieved from /opt/airflow/dags/data_pipeline.py
[2025-09-10T23:22:46.878+0000] {processor.py:183} INFO - Processing /opt/airflow/dags/data_pipeline.py took 0.610 seconds
[2025-09-10T23:23:17.624+0000] {processor.py:161} INFO - Started process (PID=214) to work on /opt/airflow/dags/data_pipeline.py
[2025-09-10T23:23:17.631+0000] {processor.py:830} INFO - Processing file /opt/airflow/dags/data_pipeline.py for tasks to queue
[2025-09-10T23:23:17.646+0000] {logging_mixin.py:188} INFO - [2025-09-10T23:23:17.645+0000] {dagbag.py:538} INFO - Filling up the DagBag from /opt/airflow/dags/data_pipeline.py
[2025-09-10T23:23:18.501+0000] {logging_mixin.py:188} INFO - Pyspark version: 3.5.1
[2025-09-10T23:23:18.522+0000] {logging_mixin.py:188} INFO - [2025-09-10T23:23:18.513+0000] {dagbag.py:348} ERROR - Failed to import: /opt/airflow/dags/data_pipeline.py
Traceback (most recent call last):
  File "/home/airflow/.local/lib/python3.8/site-packages/airflow/models/dagbag.py", line 344, in parse
    loader.exec_module(new_module)
  File "<frozen importlib._bootstrap_external>", line 843, in exec_module
  File "<frozen importlib._bootstrap>", line 219, in _call_with_frames_removed
  File "/opt/airflow/dags/data_pipeline.py", line 12, in <module>
    from ingestion.local_producer_host import purchase_event
  File "/opt/airflow/ingestion/local_producer_host.py", line 1, in <module>
    from confluent_kafka import Producer
ModuleNotFoundError: No module named 'confluent_kafka'
[2025-09-10T23:23:18.525+0000] {processor.py:842} WARNING - No viable dags retrieved from /opt/airflow/dags/data_pipeline.py
[2025-09-10T23:23:18.626+0000] {processor.py:183} INFO - Processing /opt/airflow/dags/data_pipeline.py took 1.036 seconds
[2025-09-10T23:23:49.017+0000] {processor.py:161} INFO - Started process (PID=215) to work on /opt/airflow/dags/data_pipeline.py
[2025-09-10T23:23:49.020+0000] {processor.py:830} INFO - Processing file /opt/airflow/dags/data_pipeline.py for tasks to queue
[2025-09-10T23:23:49.033+0000] {logging_mixin.py:188} INFO - [2025-09-10T23:23:49.031+0000] {dagbag.py:538} INFO - Filling up the DagBag from /opt/airflow/dags/data_pipeline.py
[2025-09-10T23:23:49.314+0000] {logging_mixin.py:188} INFO - Pyspark version: 3.5.1
[2025-09-10T23:23:49.335+0000] {logging_mixin.py:188} INFO - [2025-09-10T23:23:49.326+0000] {dagbag.py:348} ERROR - Failed to import: /opt/airflow/dags/data_pipeline.py
Traceback (most recent call last):
  File "/home/airflow/.local/lib/python3.8/site-packages/airflow/models/dagbag.py", line 344, in parse
    loader.exec_module(new_module)
  File "<frozen importlib._bootstrap_external>", line 843, in exec_module
  File "<frozen importlib._bootstrap>", line 219, in _call_with_frames_removed
  File "/opt/airflow/dags/data_pipeline.py", line 12, in <module>
    from ingestion.local_producer_host import purchase_event
  File "/opt/airflow/ingestion/local_producer_host.py", line 1, in <module>
    from confluent_kafka import Producer
ModuleNotFoundError: No module named 'confluent_kafka'
[2025-09-10T23:23:49.338+0000] {processor.py:842} WARNING - No viable dags retrieved from /opt/airflow/dags/data_pipeline.py
[2025-09-10T23:23:49.448+0000] {processor.py:183} INFO - Processing /opt/airflow/dags/data_pipeline.py took 0.445 seconds
[2025-09-10T23:24:19.602+0000] {processor.py:161} INFO - Started process (PID=216) to work on /opt/airflow/dags/data_pipeline.py
[2025-09-10T23:24:19.605+0000] {processor.py:830} INFO - Processing file /opt/airflow/dags/data_pipeline.py for tasks to queue
[2025-09-10T23:24:19.613+0000] {logging_mixin.py:188} INFO - [2025-09-10T23:24:19.612+0000] {dagbag.py:538} INFO - Filling up the DagBag from /opt/airflow/dags/data_pipeline.py
[2025-09-10T23:24:19.905+0000] {logging_mixin.py:188} INFO - Pyspark version: 3.5.1
[2025-09-10T23:24:19.928+0000] {logging_mixin.py:188} INFO - [2025-09-10T23:24:19.922+0000] {dagbag.py:348} ERROR - Failed to import: /opt/airflow/dags/data_pipeline.py
Traceback (most recent call last):
  File "/home/airflow/.local/lib/python3.8/site-packages/airflow/models/dagbag.py", line 344, in parse
    loader.exec_module(new_module)
  File "<frozen importlib._bootstrap_external>", line 843, in exec_module
  File "<frozen importlib._bootstrap>", line 219, in _call_with_frames_removed
  File "/opt/airflow/dags/data_pipeline.py", line 12, in <module>
    from ingestion.local_producer_host import purchase_event
  File "/opt/airflow/ingestion/local_producer_host.py", line 1, in <module>
    from confluent_kafka import Producer
ModuleNotFoundError: No module named 'confluent_kafka'
[2025-09-10T23:24:19.930+0000] {processor.py:842} WARNING - No viable dags retrieved from /opt/airflow/dags/data_pipeline.py
[2025-09-10T23:24:20.052+0000] {processor.py:183} INFO - Processing /opt/airflow/dags/data_pipeline.py took 0.461 seconds
[2025-09-10T23:24:50.242+0000] {processor.py:161} INFO - Started process (PID=217) to work on /opt/airflow/dags/data_pipeline.py
[2025-09-10T23:24:50.244+0000] {processor.py:830} INFO - Processing file /opt/airflow/dags/data_pipeline.py for tasks to queue
[2025-09-10T23:24:50.248+0000] {logging_mixin.py:188} INFO - [2025-09-10T23:24:50.247+0000] {dagbag.py:538} INFO - Filling up the DagBag from /opt/airflow/dags/data_pipeline.py
[2025-09-10T23:24:50.544+0000] {logging_mixin.py:188} INFO - Pyspark version: 3.5.1
[2025-09-10T23:24:50.553+0000] {logging_mixin.py:188} INFO - [2025-09-10T23:24:50.551+0000] {dagbag.py:348} ERROR - Failed to import: /opt/airflow/dags/data_pipeline.py
Traceback (most recent call last):
  File "/home/airflow/.local/lib/python3.8/site-packages/airflow/models/dagbag.py", line 344, in parse
    loader.exec_module(new_module)
  File "<frozen importlib._bootstrap_external>", line 843, in exec_module
  File "<frozen importlib._bootstrap>", line 219, in _call_with_frames_removed
  File "/opt/airflow/dags/data_pipeline.py", line 12, in <module>
    from ingestion.local_producer_host import purchase_event
  File "/opt/airflow/ingestion/local_producer_host.py", line 1, in <module>
    from confluent_kafka import Producer
ModuleNotFoundError: No module named 'confluent_kafka'
[2025-09-10T23:24:50.554+0000] {processor.py:842} WARNING - No viable dags retrieved from /opt/airflow/dags/data_pipeline.py
[2025-09-10T23:24:50.593+0000] {processor.py:183} INFO - Processing /opt/airflow/dags/data_pipeline.py took 0.356 seconds
[2025-09-10T23:25:20.809+0000] {processor.py:161} INFO - Started process (PID=218) to work on /opt/airflow/dags/data_pipeline.py
[2025-09-10T23:25:20.811+0000] {processor.py:830} INFO - Processing file /opt/airflow/dags/data_pipeline.py for tasks to queue
[2025-09-10T23:25:20.816+0000] {logging_mixin.py:188} INFO - [2025-09-10T23:25:20.816+0000] {dagbag.py:538} INFO - Filling up the DagBag from /opt/airflow/dags/data_pipeline.py
[2025-09-10T23:25:21.429+0000] {logging_mixin.py:188} INFO - Pyspark version: 3.5.1
[2025-09-10T23:25:21.445+0000] {logging_mixin.py:188} INFO - [2025-09-10T23:25:21.440+0000] {dagbag.py:348} ERROR - Failed to import: /opt/airflow/dags/data_pipeline.py
Traceback (most recent call last):
  File "/home/airflow/.local/lib/python3.8/site-packages/airflow/models/dagbag.py", line 344, in parse
    loader.exec_module(new_module)
  File "<frozen importlib._bootstrap_external>", line 843, in exec_module
  File "<frozen importlib._bootstrap>", line 219, in _call_with_frames_removed
  File "/opt/airflow/dags/data_pipeline.py", line 12, in <module>
    from ingestion.local_producer_host import purchase_event
  File "/opt/airflow/ingestion/local_producer_host.py", line 1, in <module>
    from confluent_kafka import Producer
ModuleNotFoundError: No module named 'confluent_kafka'
[2025-09-10T23:25:21.446+0000] {processor.py:842} WARNING - No viable dags retrieved from /opt/airflow/dags/data_pipeline.py
[2025-09-10T23:25:21.534+0000] {processor.py:183} INFO - Processing /opt/airflow/dags/data_pipeline.py took 0.734 seconds
[2025-09-10T23:25:51.970+0000] {processor.py:161} INFO - Started process (PID=219) to work on /opt/airflow/dags/data_pipeline.py
[2025-09-10T23:25:51.972+0000] {processor.py:830} INFO - Processing file /opt/airflow/dags/data_pipeline.py for tasks to queue
[2025-09-10T23:25:51.980+0000] {logging_mixin.py:188} INFO - [2025-09-10T23:25:51.978+0000] {dagbag.py:538} INFO - Filling up the DagBag from /opt/airflow/dags/data_pipeline.py
[2025-09-10T23:25:52.248+0000] {logging_mixin.py:188} INFO - Pyspark version: 3.5.1
[2025-09-10T23:25:52.257+0000] {logging_mixin.py:188} INFO - [2025-09-10T23:25:52.255+0000] {dagbag.py:348} ERROR - Failed to import: /opt/airflow/dags/data_pipeline.py
Traceback (most recent call last):
  File "/home/airflow/.local/lib/python3.8/site-packages/airflow/models/dagbag.py", line 344, in parse
    loader.exec_module(new_module)
  File "<frozen importlib._bootstrap_external>", line 843, in exec_module
  File "<frozen importlib._bootstrap>", line 219, in _call_with_frames_removed
  File "/opt/airflow/dags/data_pipeline.py", line 12, in <module>
    from ingestion.local_producer_host import purchase_event
  File "/opt/airflow/ingestion/local_producer_host.py", line 1, in <module>
    from confluent_kafka import Producer
ModuleNotFoundError: No module named 'confluent_kafka'
[2025-09-10T23:25:52.257+0000] {processor.py:842} WARNING - No viable dags retrieved from /opt/airflow/dags/data_pipeline.py
[2025-09-10T23:25:52.293+0000] {processor.py:183} INFO - Processing /opt/airflow/dags/data_pipeline.py took 0.334 seconds
[2025-09-10T23:26:22.544+0000] {processor.py:161} INFO - Started process (PID=220) to work on /opt/airflow/dags/data_pipeline.py
[2025-09-10T23:26:22.546+0000] {processor.py:830} INFO - Processing file /opt/airflow/dags/data_pipeline.py for tasks to queue
[2025-09-10T23:26:22.551+0000] {logging_mixin.py:188} INFO - [2025-09-10T23:26:22.550+0000] {dagbag.py:538} INFO - Filling up the DagBag from /opt/airflow/dags/data_pipeline.py
[2025-09-10T23:26:22.833+0000] {logging_mixin.py:188} INFO - Pyspark version: 3.5.1
[2025-09-10T23:26:22.864+0000] {logging_mixin.py:188} INFO - [2025-09-10T23:26:22.854+0000] {dagbag.py:348} ERROR - Failed to import: /opt/airflow/dags/data_pipeline.py
Traceback (most recent call last):
  File "/home/airflow/.local/lib/python3.8/site-packages/airflow/models/dagbag.py", line 344, in parse
    loader.exec_module(new_module)
  File "<frozen importlib._bootstrap_external>", line 843, in exec_module
  File "<frozen importlib._bootstrap>", line 219, in _call_with_frames_removed
  File "/opt/airflow/dags/data_pipeline.py", line 12, in <module>
    from ingestion.local_producer_host import purchase_event
  File "/opt/airflow/ingestion/local_producer_host.py", line 1, in <module>
    from confluent_kafka import Producer
ModuleNotFoundError: No module named 'confluent_kafka'
[2025-09-10T23:26:22.867+0000] {processor.py:842} WARNING - No viable dags retrieved from /opt/airflow/dags/data_pipeline.py
[2025-09-10T23:26:22.973+0000] {processor.py:183} INFO - Processing /opt/airflow/dags/data_pipeline.py took 0.437 seconds
[2025-09-10T23:26:53.306+0000] {processor.py:161} INFO - Started process (PID=221) to work on /opt/airflow/dags/data_pipeline.py
[2025-09-10T23:26:53.309+0000] {processor.py:830} INFO - Processing file /opt/airflow/dags/data_pipeline.py for tasks to queue
[2025-09-10T23:26:53.314+0000] {logging_mixin.py:188} INFO - [2025-09-10T23:26:53.313+0000] {dagbag.py:538} INFO - Filling up the DagBag from /opt/airflow/dags/data_pipeline.py
[2025-09-10T23:26:53.728+0000] {logging_mixin.py:188} INFO - Pyspark version: 3.5.1
[2025-09-10T23:26:53.741+0000] {logging_mixin.py:188} INFO - [2025-09-10T23:26:53.737+0000] {dagbag.py:348} ERROR - Failed to import: /opt/airflow/dags/data_pipeline.py
Traceback (most recent call last):
  File "/home/airflow/.local/lib/python3.8/site-packages/airflow/models/dagbag.py", line 344, in parse
    loader.exec_module(new_module)
  File "<frozen importlib._bootstrap_external>", line 843, in exec_module
  File "<frozen importlib._bootstrap>", line 219, in _call_with_frames_removed
  File "/opt/airflow/dags/data_pipeline.py", line 12, in <module>
    from ingestion.local_producer_host import purchase_event
  File "/opt/airflow/ingestion/local_producer_host.py", line 1, in <module>
    from confluent_kafka import Producer
ModuleNotFoundError: No module named 'confluent_kafka'
[2025-09-10T23:26:53.741+0000] {processor.py:842} WARNING - No viable dags retrieved from /opt/airflow/dags/data_pipeline.py
[2025-09-10T23:26:53.777+0000] {processor.py:183} INFO - Processing /opt/airflow/dags/data_pipeline.py took 0.480 seconds
[2025-09-10T23:27:24.143+0000] {processor.py:161} INFO - Started process (PID=222) to work on /opt/airflow/dags/data_pipeline.py
[2025-09-10T23:27:24.146+0000] {processor.py:830} INFO - Processing file /opt/airflow/dags/data_pipeline.py for tasks to queue
[2025-09-10T23:27:24.152+0000] {logging_mixin.py:188} INFO - [2025-09-10T23:27:24.152+0000] {dagbag.py:538} INFO - Filling up the DagBag from /opt/airflow/dags/data_pipeline.py
[2025-09-10T23:27:24.281+0000] {logging_mixin.py:188} INFO - Pyspark version: 3.5.1
[2025-09-10T23:27:24.295+0000] {logging_mixin.py:188} INFO - [2025-09-10T23:27:24.292+0000] {dagbag.py:348} ERROR - Failed to import: /opt/airflow/dags/data_pipeline.py
Traceback (most recent call last):
  File "/home/airflow/.local/lib/python3.8/site-packages/airflow/models/dagbag.py", line 344, in parse
    loader.exec_module(new_module)
  File "<frozen importlib._bootstrap_external>", line 843, in exec_module
  File "<frozen importlib._bootstrap>", line 219, in _call_with_frames_removed
  File "/opt/airflow/dags/data_pipeline.py", line 12, in <module>
    from ingestion.local_producer_host import purchase_event
  File "/opt/airflow/ingestion/local_producer_host.py", line 1, in <module>
    from confluent_kafka import Producer
ModuleNotFoundError: No module named 'confluent_kafka'
[2025-09-10T23:27:24.296+0000] {processor.py:842} WARNING - No viable dags retrieved from /opt/airflow/dags/data_pipeline.py
[2025-09-10T23:27:24.566+0000] {processor.py:183} INFO - Processing /opt/airflow/dags/data_pipeline.py took 0.431 seconds
[2025-09-10T23:27:54.923+0000] {processor.py:161} INFO - Started process (PID=223) to work on /opt/airflow/dags/data_pipeline.py
[2025-09-10T23:27:54.925+0000] {processor.py:830} INFO - Processing file /opt/airflow/dags/data_pipeline.py for tasks to queue
[2025-09-10T23:27:54.930+0000] {logging_mixin.py:188} INFO - [2025-09-10T23:27:54.929+0000] {dagbag.py:538} INFO - Filling up the DagBag from /opt/airflow/dags/data_pipeline.py
[2025-09-10T23:27:55.322+0000] {logging_mixin.py:188} INFO - Pyspark version: 3.5.1
[2025-09-10T23:27:55.337+0000] {logging_mixin.py:188} INFO - [2025-09-10T23:27:55.332+0000] {dagbag.py:348} ERROR - Failed to import: /opt/airflow/dags/data_pipeline.py
Traceback (most recent call last):
  File "/home/airflow/.local/lib/python3.8/site-packages/airflow/models/dagbag.py", line 344, in parse
    loader.exec_module(new_module)
  File "<frozen importlib._bootstrap_external>", line 843, in exec_module
  File "<frozen importlib._bootstrap>", line 219, in _call_with_frames_removed
  File "/opt/airflow/dags/data_pipeline.py", line 12, in <module>
    from ingestion.local_producer_host import purchase_event
  File "/opt/airflow/ingestion/local_producer_host.py", line 1, in <module>
    from confluent_kafka import Producer
ModuleNotFoundError: No module named 'confluent_kafka'
[2025-09-10T23:27:55.337+0000] {processor.py:842} WARNING - No viable dags retrieved from /opt/airflow/dags/data_pipeline.py
[2025-09-10T23:27:55.377+0000] {processor.py:183} INFO - Processing /opt/airflow/dags/data_pipeline.py took 0.457 seconds
[2025-09-10T23:28:25.926+0000] {processor.py:161} INFO - Started process (PID=224) to work on /opt/airflow/dags/data_pipeline.py
[2025-09-10T23:28:25.930+0000] {processor.py:830} INFO - Processing file /opt/airflow/dags/data_pipeline.py for tasks to queue
[2025-09-10T23:28:25.936+0000] {logging_mixin.py:188} INFO - [2025-09-10T23:28:25.935+0000] {dagbag.py:538} INFO - Filling up the DagBag from /opt/airflow/dags/data_pipeline.py
[2025-09-10T23:28:26.301+0000] {logging_mixin.py:188} INFO - Pyspark version: 3.5.1
[2025-09-10T23:28:26.313+0000] {logging_mixin.py:188} INFO - [2025-09-10T23:28:26.310+0000] {dagbag.py:348} ERROR - Failed to import: /opt/airflow/dags/data_pipeline.py
Traceback (most recent call last):
  File "/home/airflow/.local/lib/python3.8/site-packages/airflow/models/dagbag.py", line 344, in parse
    loader.exec_module(new_module)
  File "<frozen importlib._bootstrap_external>", line 843, in exec_module
  File "<frozen importlib._bootstrap>", line 219, in _call_with_frames_removed
  File "/opt/airflow/dags/data_pipeline.py", line 12, in <module>
    from ingestion.local_producer_host import purchase_event
  File "/opt/airflow/ingestion/local_producer_host.py", line 1, in <module>
    from confluent_kafka import Producer
ModuleNotFoundError: No module named 'confluent_kafka'
[2025-09-10T23:28:26.315+0000] {processor.py:842} WARNING - No viable dags retrieved from /opt/airflow/dags/data_pipeline.py
[2025-09-10T23:28:26.364+0000] {processor.py:183} INFO - Processing /opt/airflow/dags/data_pipeline.py took 0.455 seconds
[2025-09-10T23:28:56.731+0000] {processor.py:161} INFO - Started process (PID=225) to work on /opt/airflow/dags/data_pipeline.py
[2025-09-10T23:28:56.734+0000] {processor.py:830} INFO - Processing file /opt/airflow/dags/data_pipeline.py for tasks to queue
[2025-09-10T23:28:56.739+0000] {logging_mixin.py:188} INFO - [2025-09-10T23:28:56.739+0000] {dagbag.py:538} INFO - Filling up the DagBag from /opt/airflow/dags/data_pipeline.py
[2025-09-10T23:28:57.249+0000] {logging_mixin.py:188} INFO - Pyspark version: 3.5.1
[2025-09-10T23:28:57.260+0000] {logging_mixin.py:188} INFO - [2025-09-10T23:28:57.257+0000] {dagbag.py:348} ERROR - Failed to import: /opt/airflow/dags/data_pipeline.py
Traceback (most recent call last):
  File "/home/airflow/.local/lib/python3.8/site-packages/airflow/models/dagbag.py", line 344, in parse
    loader.exec_module(new_module)
  File "<frozen importlib._bootstrap_external>", line 843, in exec_module
  File "<frozen importlib._bootstrap>", line 219, in _call_with_frames_removed
  File "/opt/airflow/dags/data_pipeline.py", line 12, in <module>
    from ingestion.local_producer_host import purchase_event
  File "/opt/airflow/ingestion/local_producer_host.py", line 1, in <module>
    from confluent_kafka import Producer
ModuleNotFoundError: No module named 'confluent_kafka'
[2025-09-10T23:28:57.261+0000] {processor.py:842} WARNING - No viable dags retrieved from /opt/airflow/dags/data_pipeline.py
[2025-09-10T23:28:57.312+0000] {processor.py:183} INFO - Processing /opt/airflow/dags/data_pipeline.py took 0.591 seconds
[2025-09-10T23:29:27.939+0000] {processor.py:161} INFO - Started process (PID=226) to work on /opt/airflow/dags/data_pipeline.py
[2025-09-10T23:29:27.941+0000] {processor.py:830} INFO - Processing file /opt/airflow/dags/data_pipeline.py for tasks to queue
[2025-09-10T23:29:27.947+0000] {logging_mixin.py:188} INFO - [2025-09-10T23:29:27.946+0000] {dagbag.py:538} INFO - Filling up the DagBag from /opt/airflow/dags/data_pipeline.py
[2025-09-10T23:29:28.455+0000] {logging_mixin.py:188} INFO - Pyspark version: 3.5.1
[2025-09-10T23:29:28.472+0000] {logging_mixin.py:188} INFO - [2025-09-10T23:29:28.466+0000] {dagbag.py:348} ERROR - Failed to import: /opt/airflow/dags/data_pipeline.py
Traceback (most recent call last):
  File "/home/airflow/.local/lib/python3.8/site-packages/airflow/models/dagbag.py", line 344, in parse
    loader.exec_module(new_module)
  File "<frozen importlib._bootstrap_external>", line 843, in exec_module
  File "<frozen importlib._bootstrap>", line 219, in _call_with_frames_removed
  File "/opt/airflow/dags/data_pipeline.py", line 12, in <module>
    from ingestion.local_producer_host import purchase_event
  File "/opt/airflow/ingestion/local_producer_host.py", line 1, in <module>
    from confluent_kafka import Producer
ModuleNotFoundError: No module named 'confluent_kafka'
[2025-09-10T23:29:28.473+0000] {processor.py:842} WARNING - No viable dags retrieved from /opt/airflow/dags/data_pipeline.py
[2025-09-10T23:29:28.536+0000] {processor.py:183} INFO - Processing /opt/airflow/dags/data_pipeline.py took 0.607 seconds
[2025-09-10T23:29:58.683+0000] {processor.py:161} INFO - Started process (PID=227) to work on /opt/airflow/dags/data_pipeline.py
[2025-09-10T23:29:58.686+0000] {processor.py:830} INFO - Processing file /opt/airflow/dags/data_pipeline.py for tasks to queue
[2025-09-10T23:29:58.695+0000] {logging_mixin.py:188} INFO - [2025-09-10T23:29:58.694+0000] {dagbag.py:538} INFO - Filling up the DagBag from /opt/airflow/dags/data_pipeline.py
[2025-09-10T23:29:59.894+0000] {logging_mixin.py:188} INFO - Pyspark version: 3.5.1
[2025-09-10T23:29:59.921+0000] {logging_mixin.py:188} INFO - [2025-09-10T23:29:59.915+0000] {dagbag.py:348} ERROR - Failed to import: /opt/airflow/dags/data_pipeline.py
Traceback (most recent call last):
  File "/home/airflow/.local/lib/python3.8/site-packages/airflow/models/dagbag.py", line 344, in parse
    loader.exec_module(new_module)
  File "<frozen importlib._bootstrap_external>", line 843, in exec_module
  File "<frozen importlib._bootstrap>", line 219, in _call_with_frames_removed
  File "/opt/airflow/dags/data_pipeline.py", line 12, in <module>
    from ingestion.local_producer_host import purchase_event
  File "/opt/airflow/ingestion/local_producer_host.py", line 1, in <module>
    from confluent_kafka import Producer
ModuleNotFoundError: No module named 'confluent_kafka'
[2025-09-10T23:29:59.924+0000] {processor.py:842} WARNING - No viable dags retrieved from /opt/airflow/dags/data_pipeline.py
[2025-09-10T23:30:00.013+0000] {processor.py:183} INFO - Processing /opt/airflow/dags/data_pipeline.py took 1.347 seconds
[2025-09-10T23:30:30.184+0000] {processor.py:161} INFO - Started process (PID=228) to work on /opt/airflow/dags/data_pipeline.py
[2025-09-10T23:30:30.195+0000] {processor.py:830} INFO - Processing file /opt/airflow/dags/data_pipeline.py for tasks to queue
[2025-09-10T23:30:30.215+0000] {logging_mixin.py:188} INFO - [2025-09-10T23:30:30.212+0000] {dagbag.py:538} INFO - Filling up the DagBag from /opt/airflow/dags/data_pipeline.py
[2025-09-10T23:30:30.957+0000] {logging_mixin.py:188} INFO - Pyspark version: 3.5.1
[2025-09-10T23:30:31.037+0000] {logging_mixin.py:188} INFO - [2025-09-10T23:30:31.023+0000] {dagbag.py:348} ERROR - Failed to import: /opt/airflow/dags/data_pipeline.py
Traceback (most recent call last):
  File "/home/airflow/.local/lib/python3.8/site-packages/airflow/models/dagbag.py", line 344, in parse
    loader.exec_module(new_module)
  File "<frozen importlib._bootstrap_external>", line 843, in exec_module
  File "<frozen importlib._bootstrap>", line 219, in _call_with_frames_removed
  File "/opt/airflow/dags/data_pipeline.py", line 12, in <module>
    from ingestion.local_producer_host import purchase_event
  File "/opt/airflow/ingestion/local_producer_host.py", line 1, in <module>
    from confluent_kafka import Producer
ModuleNotFoundError: No module named 'confluent_kafka'
[2025-09-10T23:30:31.042+0000] {processor.py:842} WARNING - No viable dags retrieved from /opt/airflow/dags/data_pipeline.py
[2025-09-10T23:30:32.148+0000] {processor.py:183} INFO - Processing /opt/airflow/dags/data_pipeline.py took 1.984 seconds
[2025-09-10T23:31:02.804+0000] {processor.py:161} INFO - Started process (PID=229) to work on /opt/airflow/dags/data_pipeline.py
[2025-09-10T23:31:02.806+0000] {processor.py:830} INFO - Processing file /opt/airflow/dags/data_pipeline.py for tasks to queue
[2025-09-10T23:31:02.812+0000] {logging_mixin.py:188} INFO - [2025-09-10T23:31:02.811+0000] {dagbag.py:538} INFO - Filling up the DagBag from /opt/airflow/dags/data_pipeline.py
[2025-09-10T23:31:03.112+0000] {logging_mixin.py:188} INFO - Pyspark version: 3.5.1
[2025-09-10T23:31:03.130+0000] {logging_mixin.py:188} INFO - [2025-09-10T23:31:03.124+0000] {dagbag.py:348} ERROR - Failed to import: /opt/airflow/dags/data_pipeline.py
Traceback (most recent call last):
  File "/home/airflow/.local/lib/python3.8/site-packages/airflow/models/dagbag.py", line 344, in parse
    loader.exec_module(new_module)
  File "<frozen importlib._bootstrap_external>", line 843, in exec_module
  File "<frozen importlib._bootstrap>", line 219, in _call_with_frames_removed
  File "/opt/airflow/dags/data_pipeline.py", line 12, in <module>
    from ingestion.local_producer_host import purchase_event
  File "/opt/airflow/ingestion/local_producer_host.py", line 1, in <module>
    from confluent_kafka import Producer
ModuleNotFoundError: No module named 'confluent_kafka'
[2025-09-10T23:31:03.132+0000] {processor.py:842} WARNING - No viable dags retrieved from /opt/airflow/dags/data_pipeline.py
[2025-09-10T23:31:03.184+0000] {processor.py:183} INFO - Processing /opt/airflow/dags/data_pipeline.py took 0.392 seconds
[2025-09-10T23:31:33.970+0000] {processor.py:161} INFO - Started process (PID=230) to work on /opt/airflow/dags/data_pipeline.py
[2025-09-10T23:31:33.976+0000] {processor.py:830} INFO - Processing file /opt/airflow/dags/data_pipeline.py for tasks to queue
[2025-09-10T23:31:33.997+0000] {logging_mixin.py:188} INFO - [2025-09-10T23:31:33.995+0000] {dagbag.py:538} INFO - Filling up the DagBag from /opt/airflow/dags/data_pipeline.py
[2025-09-10T23:31:35.615+0000] {logging_mixin.py:188} INFO - Pyspark version: 3.5.1
[2025-09-10T23:31:35.691+0000] {logging_mixin.py:188} INFO - [2025-09-10T23:31:35.659+0000] {dagbag.py:348} ERROR - Failed to import: /opt/airflow/dags/data_pipeline.py
Traceback (most recent call last):
  File "/home/airflow/.local/lib/python3.8/site-packages/airflow/models/dagbag.py", line 344, in parse
    loader.exec_module(new_module)
  File "<frozen importlib._bootstrap_external>", line 843, in exec_module
  File "<frozen importlib._bootstrap>", line 219, in _call_with_frames_removed
  File "/opt/airflow/dags/data_pipeline.py", line 12, in <module>
    from ingestion.local_producer_host import purchase_event
  File "/opt/airflow/ingestion/local_producer_host.py", line 1, in <module>
    from confluent_kafka import Producer
ModuleNotFoundError: No module named 'confluent_kafka'
[2025-09-10T23:31:35.702+0000] {processor.py:842} WARNING - No viable dags retrieved from /opt/airflow/dags/data_pipeline.py
[2025-09-10T23:31:35.858+0000] {processor.py:183} INFO - Processing /opt/airflow/dags/data_pipeline.py took 1.918 seconds
[2025-09-10T23:32:05.995+0000] {processor.py:161} INFO - Started process (PID=231) to work on /opt/airflow/dags/data_pipeline.py
[2025-09-10T23:32:06.002+0000] {processor.py:830} INFO - Processing file /opt/airflow/dags/data_pipeline.py for tasks to queue
[2025-09-10T23:32:06.019+0000] {logging_mixin.py:188} INFO - [2025-09-10T23:32:06.017+0000] {dagbag.py:538} INFO - Filling up the DagBag from /opt/airflow/dags/data_pipeline.py
[2025-09-10T23:32:06.705+0000] {logging_mixin.py:188} INFO - Pyspark version: 3.5.1
[2025-09-10T23:32:06.727+0000] {logging_mixin.py:188} INFO - [2025-09-10T23:32:06.720+0000] {dagbag.py:348} ERROR - Failed to import: /opt/airflow/dags/data_pipeline.py
Traceback (most recent call last):
  File "/home/airflow/.local/lib/python3.8/site-packages/airflow/models/dagbag.py", line 344, in parse
    loader.exec_module(new_module)
  File "<frozen importlib._bootstrap_external>", line 843, in exec_module
  File "<frozen importlib._bootstrap>", line 219, in _call_with_frames_removed
  File "/opt/airflow/dags/data_pipeline.py", line 12, in <module>
    from ingestion.local_producer_host import purchase_event
  File "/opt/airflow/ingestion/local_producer_host.py", line 1, in <module>
    from confluent_kafka import Producer
ModuleNotFoundError: No module named 'confluent_kafka'
[2025-09-10T23:32:06.728+0000] {processor.py:842} WARNING - No viable dags retrieved from /opt/airflow/dags/data_pipeline.py
[2025-09-10T23:32:06.814+0000] {processor.py:183} INFO - Processing /opt/airflow/dags/data_pipeline.py took 0.837 seconds
[2025-09-10T23:32:37.184+0000] {processor.py:161} INFO - Started process (PID=232) to work on /opt/airflow/dags/data_pipeline.py
[2025-09-10T23:32:37.187+0000] {processor.py:830} INFO - Processing file /opt/airflow/dags/data_pipeline.py for tasks to queue
[2025-09-10T23:32:37.191+0000] {logging_mixin.py:188} INFO - [2025-09-10T23:32:37.191+0000] {dagbag.py:538} INFO - Filling up the DagBag from /opt/airflow/dags/data_pipeline.py
[2025-09-10T23:32:37.922+0000] {logging_mixin.py:188} INFO - Pyspark version: 3.5.1
[2025-09-10T23:32:37.949+0000] {logging_mixin.py:188} INFO - [2025-09-10T23:32:37.938+0000] {dagbag.py:348} ERROR - Failed to import: /opt/airflow/dags/data_pipeline.py
Traceback (most recent call last):
  File "/home/airflow/.local/lib/python3.8/site-packages/airflow/models/dagbag.py", line 344, in parse
    loader.exec_module(new_module)
  File "<frozen importlib._bootstrap_external>", line 843, in exec_module
  File "<frozen importlib._bootstrap>", line 219, in _call_with_frames_removed
  File "/opt/airflow/dags/data_pipeline.py", line 12, in <module>
    from ingestion.local_producer_host import purchase_event
  File "/opt/airflow/ingestion/local_producer_host.py", line 1, in <module>
    from confluent_kafka import Producer
ModuleNotFoundError: No module named 'confluent_kafka'
[2025-09-10T23:32:37.950+0000] {processor.py:842} WARNING - No viable dags retrieved from /opt/airflow/dags/data_pipeline.py
[2025-09-10T23:32:38.053+0000] {processor.py:183} INFO - Processing /opt/airflow/dags/data_pipeline.py took 0.882 seconds
[2025-09-10T23:33:08.133+0000] {processor.py:161} INFO - Started process (PID=233) to work on /opt/airflow/dags/data_pipeline.py
[2025-09-10T23:33:08.136+0000] {processor.py:830} INFO - Processing file /opt/airflow/dags/data_pipeline.py for tasks to queue
[2025-09-10T23:33:08.142+0000] {logging_mixin.py:188} INFO - [2025-09-10T23:33:08.140+0000] {dagbag.py:538} INFO - Filling up the DagBag from /opt/airflow/dags/data_pipeline.py
[2025-09-10T23:33:08.297+0000] {logging_mixin.py:188} INFO - Pyspark version: 3.5.1
[2025-09-10T23:33:08.314+0000] {logging_mixin.py:188} INFO - [2025-09-10T23:33:08.305+0000] {dagbag.py:348} ERROR - Failed to import: /opt/airflow/dags/data_pipeline.py
Traceback (most recent call last):
  File "/home/airflow/.local/lib/python3.8/site-packages/airflow/models/dagbag.py", line 344, in parse
    loader.exec_module(new_module)
  File "<frozen importlib._bootstrap_external>", line 843, in exec_module
  File "<frozen importlib._bootstrap>", line 219, in _call_with_frames_removed
  File "/opt/airflow/dags/data_pipeline.py", line 12, in <module>
    from ingestion.local_producer_host import purchase_event
  File "/opt/airflow/ingestion/local_producer_host.py", line 1, in <module>
    from confluent_kafka import Producer
ModuleNotFoundError: No module named 'confluent_kafka'
[2025-09-10T23:33:08.315+0000] {processor.py:842} WARNING - No viable dags retrieved from /opt/airflow/dags/data_pipeline.py
[2025-09-10T23:33:08.376+0000] {processor.py:183} INFO - Processing /opt/airflow/dags/data_pipeline.py took 0.274 seconds
[2025-09-10T23:33:38.883+0000] {processor.py:161} INFO - Started process (PID=234) to work on /opt/airflow/dags/data_pipeline.py
[2025-09-10T23:33:38.887+0000] {processor.py:830} INFO - Processing file /opt/airflow/dags/data_pipeline.py for tasks to queue
[2025-09-10T23:33:38.897+0000] {logging_mixin.py:188} INFO - [2025-09-10T23:33:38.896+0000] {dagbag.py:538} INFO - Filling up the DagBag from /opt/airflow/dags/data_pipeline.py
[2025-09-10T23:33:39.800+0000] {logging_mixin.py:188} INFO - Pyspark version: 3.5.1
[2025-09-10T23:33:39.828+0000] {logging_mixin.py:188} INFO - [2025-09-10T23:33:39.822+0000] {dagbag.py:348} ERROR - Failed to import: /opt/airflow/dags/data_pipeline.py
Traceback (most recent call last):
  File "/home/airflow/.local/lib/python3.8/site-packages/airflow/models/dagbag.py", line 344, in parse
    loader.exec_module(new_module)
  File "<frozen importlib._bootstrap_external>", line 843, in exec_module
  File "<frozen importlib._bootstrap>", line 219, in _call_with_frames_removed
  File "/opt/airflow/dags/data_pipeline.py", line 12, in <module>
    from ingestion.local_producer_host import purchase_event
  File "/opt/airflow/ingestion/local_producer_host.py", line 1, in <module>
    from confluent_kafka import Producer
ModuleNotFoundError: No module named 'confluent_kafka'
[2025-09-10T23:33:39.829+0000] {processor.py:842} WARNING - No viable dags retrieved from /opt/airflow/dags/data_pipeline.py
[2025-09-10T23:33:39.936+0000] {processor.py:183} INFO - Processing /opt/airflow/dags/data_pipeline.py took 1.109 seconds
[2025-09-10T23:34:10.887+0000] {processor.py:161} INFO - Started process (PID=235) to work on /opt/airflow/dags/data_pipeline.py
[2025-09-10T23:34:10.893+0000] {processor.py:830} INFO - Processing file /opt/airflow/dags/data_pipeline.py for tasks to queue
[2025-09-10T23:34:10.995+0000] {logging_mixin.py:188} INFO - [2025-09-10T23:34:10.994+0000] {dagbag.py:538} INFO - Filling up the DagBag from /opt/airflow/dags/data_pipeline.py
[2025-09-10T23:34:12.224+0000] {logging_mixin.py:188} INFO - Pyspark version: 3.5.1
[2025-09-10T23:34:12.267+0000] {logging_mixin.py:188} INFO - [2025-09-10T23:34:12.254+0000] {dagbag.py:348} ERROR - Failed to import: /opt/airflow/dags/data_pipeline.py
Traceback (most recent call last):
  File "/home/airflow/.local/lib/python3.8/site-packages/airflow/models/dagbag.py", line 344, in parse
    loader.exec_module(new_module)
  File "<frozen importlib._bootstrap_external>", line 843, in exec_module
  File "<frozen importlib._bootstrap>", line 219, in _call_with_frames_removed
  File "/opt/airflow/dags/data_pipeline.py", line 12, in <module>
    from ingestion.local_producer_host import purchase_event
  File "/opt/airflow/ingestion/local_producer_host.py", line 1, in <module>
    from confluent_kafka import Producer
ModuleNotFoundError: No module named 'confluent_kafka'
[2025-09-10T23:34:12.270+0000] {processor.py:842} WARNING - No viable dags retrieved from /opt/airflow/dags/data_pipeline.py
[2025-09-10T23:34:12.445+0000] {processor.py:183} INFO - Processing /opt/airflow/dags/data_pipeline.py took 1.616 seconds
[2025-09-10T23:34:43.174+0000] {processor.py:161} INFO - Started process (PID=236) to work on /opt/airflow/dags/data_pipeline.py
[2025-09-10T23:34:43.201+0000] {processor.py:830} INFO - Processing file /opt/airflow/dags/data_pipeline.py for tasks to queue
[2025-09-10T23:34:43.224+0000] {logging_mixin.py:188} INFO - [2025-09-10T23:34:43.222+0000] {dagbag.py:538} INFO - Filling up the DagBag from /opt/airflow/dags/data_pipeline.py
[2025-09-10T23:34:45.049+0000] {logging_mixin.py:188} INFO - Pyspark version: 3.5.1
[2025-09-10T23:34:45.086+0000] {logging_mixin.py:188} INFO - [2025-09-10T23:34:45.078+0000] {dagbag.py:348} ERROR - Failed to import: /opt/airflow/dags/data_pipeline.py
Traceback (most recent call last):
  File "/home/airflow/.local/lib/python3.8/site-packages/airflow/models/dagbag.py", line 344, in parse
    loader.exec_module(new_module)
  File "<frozen importlib._bootstrap_external>", line 843, in exec_module
  File "<frozen importlib._bootstrap>", line 219, in _call_with_frames_removed
  File "/opt/airflow/dags/data_pipeline.py", line 12, in <module>
    from ingestion.local_producer_host import purchase_event
  File "/opt/airflow/ingestion/local_producer_host.py", line 1, in <module>
    from confluent_kafka import Producer
ModuleNotFoundError: No module named 'confluent_kafka'
[2025-09-10T23:34:45.089+0000] {processor.py:842} WARNING - No viable dags retrieved from /opt/airflow/dags/data_pipeline.py
[2025-09-10T23:34:45.247+0000] {processor.py:183} INFO - Processing /opt/airflow/dags/data_pipeline.py took 2.115 seconds
[2025-09-10T23:35:15.931+0000] {processor.py:161} INFO - Started process (PID=237) to work on /opt/airflow/dags/data_pipeline.py
[2025-09-10T23:35:15.934+0000] {processor.py:830} INFO - Processing file /opt/airflow/dags/data_pipeline.py for tasks to queue
[2025-09-10T23:35:15.941+0000] {logging_mixin.py:188} INFO - [2025-09-10T23:35:15.940+0000] {dagbag.py:538} INFO - Filling up the DagBag from /opt/airflow/dags/data_pipeline.py
[2025-09-10T23:35:16.392+0000] {logging_mixin.py:188} INFO - Pyspark version: 3.5.1
[2025-09-10T23:35:16.408+0000] {logging_mixin.py:188} INFO - [2025-09-10T23:35:16.402+0000] {dagbag.py:348} ERROR - Failed to import: /opt/airflow/dags/data_pipeline.py
Traceback (most recent call last):
  File "/home/airflow/.local/lib/python3.8/site-packages/airflow/models/dagbag.py", line 344, in parse
    loader.exec_module(new_module)
  File "<frozen importlib._bootstrap_external>", line 843, in exec_module
  File "<frozen importlib._bootstrap>", line 219, in _call_with_frames_removed
  File "/opt/airflow/dags/data_pipeline.py", line 12, in <module>
    from ingestion.local_producer_host import purchase_event
  File "/opt/airflow/ingestion/local_producer_host.py", line 1, in <module>
    from confluent_kafka import Producer
ModuleNotFoundError: No module named 'confluent_kafka'
[2025-09-10T23:35:16.410+0000] {processor.py:842} WARNING - No viable dags retrieved from /opt/airflow/dags/data_pipeline.py
[2025-09-10T23:35:16.464+0000] {processor.py:183} INFO - Processing /opt/airflow/dags/data_pipeline.py took 0.541 seconds
[2025-09-10T23:35:46.977+0000] {processor.py:161} INFO - Started process (PID=238) to work on /opt/airflow/dags/data_pipeline.py
[2025-09-10T23:35:46.980+0000] {processor.py:830} INFO - Processing file /opt/airflow/dags/data_pipeline.py for tasks to queue
[2025-09-10T23:35:46.985+0000] {logging_mixin.py:188} INFO - [2025-09-10T23:35:46.984+0000] {dagbag.py:538} INFO - Filling up the DagBag from /opt/airflow/dags/data_pipeline.py
[2025-09-10T23:35:47.332+0000] {logging_mixin.py:188} INFO - Pyspark version: 3.5.1
[2025-09-10T23:35:47.345+0000] {logging_mixin.py:188} INFO - [2025-09-10T23:35:47.342+0000] {dagbag.py:348} ERROR - Failed to import: /opt/airflow/dags/data_pipeline.py
Traceback (most recent call last):
  File "/home/airflow/.local/lib/python3.8/site-packages/airflow/models/dagbag.py", line 344, in parse
    loader.exec_module(new_module)
  File "<frozen importlib._bootstrap_external>", line 843, in exec_module
  File "<frozen importlib._bootstrap>", line 219, in _call_with_frames_removed
  File "/opt/airflow/dags/data_pipeline.py", line 12, in <module>
    from ingestion.local_producer_host import purchase_event
  File "/opt/airflow/ingestion/local_producer_host.py", line 1, in <module>
    from confluent_kafka import Producer
ModuleNotFoundError: No module named 'confluent_kafka'
[2025-09-10T23:35:47.346+0000] {processor.py:842} WARNING - No viable dags retrieved from /opt/airflow/dags/data_pipeline.py
[2025-09-10T23:35:47.393+0000] {processor.py:183} INFO - Processing /opt/airflow/dags/data_pipeline.py took 0.428 seconds
[2025-09-10T23:36:17.991+0000] {processor.py:161} INFO - Started process (PID=239) to work on /opt/airflow/dags/data_pipeline.py
[2025-09-10T23:36:17.998+0000] {processor.py:830} INFO - Processing file /opt/airflow/dags/data_pipeline.py for tasks to queue
[2025-09-10T23:36:18.012+0000] {logging_mixin.py:188} INFO - [2025-09-10T23:36:18.011+0000] {dagbag.py:538} INFO - Filling up the DagBag from /opt/airflow/dags/data_pipeline.py
[2025-09-10T23:36:18.882+0000] {logging_mixin.py:188} INFO - Pyspark version: 3.5.1
[2025-09-10T23:36:19.026+0000] {logging_mixin.py:188} INFO - [2025-09-10T23:36:18.983+0000] {dagbag.py:348} ERROR - Failed to import: /opt/airflow/dags/data_pipeline.py
Traceback (most recent call last):
  File "/home/airflow/.local/lib/python3.8/site-packages/airflow/models/dagbag.py", line 344, in parse
    loader.exec_module(new_module)
  File "<frozen importlib._bootstrap_external>", line 843, in exec_module
  File "<frozen importlib._bootstrap>", line 219, in _call_with_frames_removed
  File "/opt/airflow/dags/data_pipeline.py", line 12, in <module>
    from ingestion.local_producer_host import purchase_event
  File "/opt/airflow/ingestion/local_producer_host.py", line 1, in <module>
    from confluent_kafka import Producer
ModuleNotFoundError: No module named 'confluent_kafka'
[2025-09-10T23:36:19.031+0000] {processor.py:842} WARNING - No viable dags retrieved from /opt/airflow/dags/data_pipeline.py
[2025-09-10T23:36:26.277+0000] {processor.py:183} INFO - Processing /opt/airflow/dags/data_pipeline.py took 8.643 seconds
[2025-09-10T23:36:57.366+0000] {processor.py:161} INFO - Started process (PID=240) to work on /opt/airflow/dags/data_pipeline.py
[2025-09-10T23:36:57.375+0000] {processor.py:830} INFO - Processing file /opt/airflow/dags/data_pipeline.py for tasks to queue
[2025-09-10T23:36:57.423+0000] {logging_mixin.py:188} INFO - [2025-09-10T23:36:57.416+0000] {dagbag.py:538} INFO - Filling up the DagBag from /opt/airflow/dags/data_pipeline.py
[2025-09-10T23:36:58.392+0000] {logging_mixin.py:188} INFO - Pyspark version: 3.5.1
[2025-09-10T23:36:58.413+0000] {logging_mixin.py:188} INFO - [2025-09-10T23:36:58.407+0000] {dagbag.py:348} ERROR - Failed to import: /opt/airflow/dags/data_pipeline.py
Traceback (most recent call last):
  File "/home/airflow/.local/lib/python3.8/site-packages/airflow/models/dagbag.py", line 344, in parse
    loader.exec_module(new_module)
  File "<frozen importlib._bootstrap_external>", line 843, in exec_module
  File "<frozen importlib._bootstrap>", line 219, in _call_with_frames_removed
  File "/opt/airflow/dags/data_pipeline.py", line 12, in <module>
    from ingestion.local_producer_host import purchase_event
  File "/opt/airflow/ingestion/local_producer_host.py", line 1, in <module>
    from confluent_kafka import Producer
ModuleNotFoundError: No module named 'confluent_kafka'
[2025-09-10T23:36:58.415+0000] {processor.py:842} WARNING - No viable dags retrieved from /opt/airflow/dags/data_pipeline.py
[2025-09-10T23:36:58.503+0000] {processor.py:183} INFO - Processing /opt/airflow/dags/data_pipeline.py took 1.176 seconds
[2025-09-10T23:37:28.727+0000] {processor.py:161} INFO - Started process (PID=241) to work on /opt/airflow/dags/data_pipeline.py
[2025-09-10T23:37:28.730+0000] {processor.py:830} INFO - Processing file /opt/airflow/dags/data_pipeline.py for tasks to queue
[2025-09-10T23:37:28.736+0000] {logging_mixin.py:188} INFO - [2025-09-10T23:37:28.736+0000] {dagbag.py:538} INFO - Filling up the DagBag from /opt/airflow/dags/data_pipeline.py
[2025-09-10T23:37:29.076+0000] {logging_mixin.py:188} INFO - Pyspark version: 3.5.1
[2025-09-10T23:37:29.084+0000] {logging_mixin.py:188} INFO - [2025-09-10T23:37:29.081+0000] {dagbag.py:348} ERROR - Failed to import: /opt/airflow/dags/data_pipeline.py
Traceback (most recent call last):
  File "/home/airflow/.local/lib/python3.8/site-packages/airflow/models/dagbag.py", line 344, in parse
    loader.exec_module(new_module)
  File "<frozen importlib._bootstrap_external>", line 843, in exec_module
  File "<frozen importlib._bootstrap>", line 219, in _call_with_frames_removed
  File "/opt/airflow/dags/data_pipeline.py", line 12, in <module>
    from ingestion.local_producer_host import purchase_event
  File "/opt/airflow/ingestion/local_producer_host.py", line 1, in <module>
    from confluent_kafka import Producer
ModuleNotFoundError: No module named 'confluent_kafka'
[2025-09-10T23:37:29.085+0000] {processor.py:842} WARNING - No viable dags retrieved from /opt/airflow/dags/data_pipeline.py
[2025-09-10T23:37:29.117+0000] {processor.py:183} INFO - Processing /opt/airflow/dags/data_pipeline.py took 0.399 seconds
[2025-09-10T23:37:59.203+0000] {processor.py:161} INFO - Started process (PID=242) to work on /opt/airflow/dags/data_pipeline.py
[2025-09-10T23:37:59.207+0000] {processor.py:830} INFO - Processing file /opt/airflow/dags/data_pipeline.py for tasks to queue
[2025-09-10T23:37:59.217+0000] {logging_mixin.py:188} INFO - [2025-09-10T23:37:59.216+0000] {dagbag.py:538} INFO - Filling up the DagBag from /opt/airflow/dags/data_pipeline.py
[2025-09-10T23:37:59.603+0000] {logging_mixin.py:188} INFO - Pyspark version: 3.5.1
[2025-09-10T23:37:59.624+0000] {logging_mixin.py:188} INFO - [2025-09-10T23:37:59.618+0000] {dagbag.py:348} ERROR - Failed to import: /opt/airflow/dags/data_pipeline.py
Traceback (most recent call last):
  File "/home/airflow/.local/lib/python3.8/site-packages/airflow/models/dagbag.py", line 344, in parse
    loader.exec_module(new_module)
  File "<frozen importlib._bootstrap_external>", line 843, in exec_module
  File "<frozen importlib._bootstrap>", line 219, in _call_with_frames_removed
  File "/opt/airflow/dags/data_pipeline.py", line 12, in <module>
    from ingestion.local_producer_host import purchase_event
  File "/opt/airflow/ingestion/local_producer_host.py", line 1, in <module>
    from confluent_kafka import Producer
ModuleNotFoundError: No module named 'confluent_kafka'
[2025-09-10T23:37:59.626+0000] {processor.py:842} WARNING - No viable dags retrieved from /opt/airflow/dags/data_pipeline.py
[2025-09-10T23:37:59.693+0000] {processor.py:183} INFO - Processing /opt/airflow/dags/data_pipeline.py took 0.500 seconds
[2025-09-10T23:38:29.778+0000] {processor.py:161} INFO - Started process (PID=243) to work on /opt/airflow/dags/data_pipeline.py
[2025-09-10T23:38:29.781+0000] {processor.py:830} INFO - Processing file /opt/airflow/dags/data_pipeline.py for tasks to queue
[2025-09-10T23:38:29.789+0000] {logging_mixin.py:188} INFO - [2025-09-10T23:38:29.788+0000] {dagbag.py:538} INFO - Filling up the DagBag from /opt/airflow/dags/data_pipeline.py
[2025-09-10T23:38:30.456+0000] {logging_mixin.py:188} INFO - Pyspark version: 3.5.1
[2025-09-10T23:38:30.473+0000] {logging_mixin.py:188} INFO - [2025-09-10T23:38:30.468+0000] {dagbag.py:348} ERROR - Failed to import: /opt/airflow/dags/data_pipeline.py
Traceback (most recent call last):
  File "/home/airflow/.local/lib/python3.8/site-packages/airflow/models/dagbag.py", line 344, in parse
    loader.exec_module(new_module)
  File "<frozen importlib._bootstrap_external>", line 843, in exec_module
  File "<frozen importlib._bootstrap>", line 219, in _call_with_frames_removed
  File "/opt/airflow/dags/data_pipeline.py", line 12, in <module>
    from ingestion.local_producer_host import purchase_event
  File "/opt/airflow/ingestion/local_producer_host.py", line 1, in <module>
    from confluent_kafka import Producer
ModuleNotFoundError: No module named 'confluent_kafka'
[2025-09-10T23:38:30.475+0000] {processor.py:842} WARNING - No viable dags retrieved from /opt/airflow/dags/data_pipeline.py
[2025-09-10T23:38:30.534+0000] {processor.py:183} INFO - Processing /opt/airflow/dags/data_pipeline.py took 0.768 seconds
[2025-09-10T23:39:01.011+0000] {processor.py:161} INFO - Started process (PID=244) to work on /opt/airflow/dags/data_pipeline.py
[2025-09-10T23:39:01.147+0000] {processor.py:830} INFO - Processing file /opt/airflow/dags/data_pipeline.py for tasks to queue
[2025-09-10T23:39:01.168+0000] {logging_mixin.py:188} INFO - [2025-09-10T23:39:01.166+0000] {dagbag.py:538} INFO - Filling up the DagBag from /opt/airflow/dags/data_pipeline.py
[2025-09-10T23:39:02.009+0000] {logging_mixin.py:188} INFO - Pyspark version: 3.5.1
[2025-09-10T23:39:02.036+0000] {logging_mixin.py:188} INFO - [2025-09-10T23:39:02.030+0000] {dagbag.py:348} ERROR - Failed to import: /opt/airflow/dags/data_pipeline.py
Traceback (most recent call last):
  File "/home/airflow/.local/lib/python3.8/site-packages/airflow/models/dagbag.py", line 344, in parse
    loader.exec_module(new_module)
  File "<frozen importlib._bootstrap_external>", line 843, in exec_module
  File "<frozen importlib._bootstrap>", line 219, in _call_with_frames_removed
  File "/opt/airflow/dags/data_pipeline.py", line 12, in <module>
    from ingestion.local_producer_host import purchase_event
  File "/opt/airflow/ingestion/local_producer_host.py", line 1, in <module>
    from confluent_kafka import Producer
ModuleNotFoundError: No module named 'confluent_kafka'
[2025-09-10T23:39:02.038+0000] {processor.py:842} WARNING - No viable dags retrieved from /opt/airflow/dags/data_pipeline.py
[2025-09-10T23:39:02.149+0000] {processor.py:183} INFO - Processing /opt/airflow/dags/data_pipeline.py took 1.188 seconds
[2025-09-10T23:39:32.760+0000] {processor.py:161} INFO - Started process (PID=245) to work on /opt/airflow/dags/data_pipeline.py
[2025-09-10T23:39:32.770+0000] {processor.py:830} INFO - Processing file /opt/airflow/dags/data_pipeline.py for tasks to queue
[2025-09-10T23:39:32.777+0000] {logging_mixin.py:188} INFO - [2025-09-10T23:39:32.776+0000] {dagbag.py:538} INFO - Filling up the DagBag from /opt/airflow/dags/data_pipeline.py
[2025-09-10T23:39:33.579+0000] {logging_mixin.py:188} INFO - Pyspark version: 3.5.1
[2025-09-10T23:39:33.598+0000] {logging_mixin.py:188} INFO - [2025-09-10T23:39:33.590+0000] {dagbag.py:348} ERROR - Failed to import: /opt/airflow/dags/data_pipeline.py
Traceback (most recent call last):
  File "/home/airflow/.local/lib/python3.8/site-packages/airflow/models/dagbag.py", line 344, in parse
    loader.exec_module(new_module)
  File "<frozen importlib._bootstrap_external>", line 843, in exec_module
  File "<frozen importlib._bootstrap>", line 219, in _call_with_frames_removed
  File "/opt/airflow/dags/data_pipeline.py", line 12, in <module>
    from ingestion.local_producer_host import purchase_event
  File "/opt/airflow/ingestion/local_producer_host.py", line 1, in <module>
    from confluent_kafka import Producer
ModuleNotFoundError: No module named 'confluent_kafka'
[2025-09-10T23:39:33.600+0000] {processor.py:842} WARNING - No viable dags retrieved from /opt/airflow/dags/data_pipeline.py
[2025-09-10T23:39:33.674+0000] {processor.py:183} INFO - Processing /opt/airflow/dags/data_pipeline.py took 0.926 seconds
[2025-09-10T23:40:04.159+0000] {processor.py:161} INFO - Started process (PID=246) to work on /opt/airflow/dags/data_pipeline.py
[2025-09-10T23:40:04.162+0000] {processor.py:830} INFO - Processing file /opt/airflow/dags/data_pipeline.py for tasks to queue
[2025-09-10T23:40:04.171+0000] {logging_mixin.py:188} INFO - [2025-09-10T23:40:04.170+0000] {dagbag.py:538} INFO - Filling up the DagBag from /opt/airflow/dags/data_pipeline.py
[2025-09-10T23:40:04.679+0000] {logging_mixin.py:188} INFO - Pyspark version: 3.5.1
[2025-09-10T23:40:04.696+0000] {logging_mixin.py:188} INFO - [2025-09-10T23:40:04.691+0000] {dagbag.py:348} ERROR - Failed to import: /opt/airflow/dags/data_pipeline.py
Traceback (most recent call last):
  File "/home/airflow/.local/lib/python3.8/site-packages/airflow/models/dagbag.py", line 344, in parse
    loader.exec_module(new_module)
  File "<frozen importlib._bootstrap_external>", line 843, in exec_module
  File "<frozen importlib._bootstrap>", line 219, in _call_with_frames_removed
  File "/opt/airflow/dags/data_pipeline.py", line 12, in <module>
    from ingestion.local_producer_host import purchase_event
  File "/opt/airflow/ingestion/local_producer_host.py", line 1, in <module>
    from confluent_kafka import Producer
ModuleNotFoundError: No module named 'confluent_kafka'
[2025-09-10T23:40:04.698+0000] {processor.py:842} WARNING - No viable dags retrieved from /opt/airflow/dags/data_pipeline.py
[2025-09-10T23:40:04.756+0000] {processor.py:183} INFO - Processing /opt/airflow/dags/data_pipeline.py took 0.608 seconds
[2025-09-10T23:40:35.173+0000] {processor.py:161} INFO - Started process (PID=247) to work on /opt/airflow/dags/data_pipeline.py
[2025-09-10T23:40:35.175+0000] {processor.py:830} INFO - Processing file /opt/airflow/dags/data_pipeline.py for tasks to queue
[2025-09-10T23:40:35.184+0000] {logging_mixin.py:188} INFO - [2025-09-10T23:40:35.183+0000] {dagbag.py:538} INFO - Filling up the DagBag from /opt/airflow/dags/data_pipeline.py
[2025-09-10T23:40:35.699+0000] {logging_mixin.py:188} INFO - Pyspark version: 3.5.1
[2025-09-10T23:40:35.715+0000] {logging_mixin.py:188} INFO - [2025-09-10T23:40:35.711+0000] {dagbag.py:348} ERROR - Failed to import: /opt/airflow/dags/data_pipeline.py
Traceback (most recent call last):
  File "/home/airflow/.local/lib/python3.8/site-packages/airflow/models/dagbag.py", line 344, in parse
    loader.exec_module(new_module)
  File "<frozen importlib._bootstrap_external>", line 843, in exec_module
  File "<frozen importlib._bootstrap>", line 219, in _call_with_frames_removed
  File "/opt/airflow/dags/data_pipeline.py", line 12, in <module>
    from ingestion.local_producer_host import purchase_event
  File "/opt/airflow/ingestion/local_producer_host.py", line 1, in <module>
    from confluent_kafka import Producer
ModuleNotFoundError: No module named 'confluent_kafka'
[2025-09-10T23:40:35.717+0000] {processor.py:842} WARNING - No viable dags retrieved from /opt/airflow/dags/data_pipeline.py
[2025-09-10T23:40:35.770+0000] {processor.py:183} INFO - Processing /opt/airflow/dags/data_pipeline.py took 0.608 seconds
[2025-09-10T23:41:06.177+0000] {processor.py:161} INFO - Started process (PID=248) to work on /opt/airflow/dags/data_pipeline.py
[2025-09-10T23:41:06.179+0000] {processor.py:830} INFO - Processing file /opt/airflow/dags/data_pipeline.py for tasks to queue
[2025-09-10T23:41:06.184+0000] {logging_mixin.py:188} INFO - [2025-09-10T23:41:06.184+0000] {dagbag.py:538} INFO - Filling up the DagBag from /opt/airflow/dags/data_pipeline.py
[2025-09-10T23:41:06.506+0000] {logging_mixin.py:188} INFO - Pyspark version: 3.5.1
[2025-09-10T23:41:06.524+0000] {logging_mixin.py:188} INFO - [2025-09-10T23:41:06.519+0000] {dagbag.py:348} ERROR - Failed to import: /opt/airflow/dags/data_pipeline.py
Traceback (most recent call last):
  File "/home/airflow/.local/lib/python3.8/site-packages/airflow/models/dagbag.py", line 344, in parse
    loader.exec_module(new_module)
  File "<frozen importlib._bootstrap_external>", line 843, in exec_module
  File "<frozen importlib._bootstrap>", line 219, in _call_with_frames_removed
  File "/opt/airflow/dags/data_pipeline.py", line 12, in <module>
    from ingestion.local_producer_host import purchase_event
  File "/opt/airflow/ingestion/local_producer_host.py", line 1, in <module>
    from confluent_kafka import Producer
ModuleNotFoundError: No module named 'confluent_kafka'
[2025-09-10T23:41:06.525+0000] {processor.py:842} WARNING - No viable dags retrieved from /opt/airflow/dags/data_pipeline.py
[2025-09-10T23:41:06.592+0000] {processor.py:183} INFO - Processing /opt/airflow/dags/data_pipeline.py took 0.430 seconds
[2025-09-10T23:41:36.685+0000] {processor.py:161} INFO - Started process (PID=249) to work on /opt/airflow/dags/data_pipeline.py
[2025-09-10T23:41:36.687+0000] {processor.py:830} INFO - Processing file /opt/airflow/dags/data_pipeline.py for tasks to queue
[2025-09-10T23:41:36.698+0000] {logging_mixin.py:188} INFO - [2025-09-10T23:41:36.697+0000] {dagbag.py:538} INFO - Filling up the DagBag from /opt/airflow/dags/data_pipeline.py
[2025-09-10T23:41:37.349+0000] {logging_mixin.py:188} INFO - Pyspark version: 3.5.1
[2025-09-10T23:41:37.369+0000] {logging_mixin.py:188} INFO - [2025-09-10T23:41:37.365+0000] {dagbag.py:348} ERROR - Failed to import: /opt/airflow/dags/data_pipeline.py
Traceback (most recent call last):
  File "/home/airflow/.local/lib/python3.8/site-packages/airflow/models/dagbag.py", line 344, in parse
    loader.exec_module(new_module)
  File "<frozen importlib._bootstrap_external>", line 843, in exec_module
  File "<frozen importlib._bootstrap>", line 219, in _call_with_frames_removed
  File "/opt/airflow/dags/data_pipeline.py", line 12, in <module>
    from ingestion.local_producer_host import purchase_event
  File "/opt/airflow/ingestion/local_producer_host.py", line 1, in <module>
    from confluent_kafka import Producer
ModuleNotFoundError: No module named 'confluent_kafka'
[2025-09-10T23:41:37.371+0000] {processor.py:842} WARNING - No viable dags retrieved from /opt/airflow/dags/data_pipeline.py
[2025-09-10T23:41:37.445+0000] {processor.py:183} INFO - Processing /opt/airflow/dags/data_pipeline.py took 0.776 seconds
[2025-09-10T23:42:07.816+0000] {processor.py:161} INFO - Started process (PID=250) to work on /opt/airflow/dags/data_pipeline.py
[2025-09-10T23:42:07.819+0000] {processor.py:830} INFO - Processing file /opt/airflow/dags/data_pipeline.py for tasks to queue
[2025-09-10T23:42:07.826+0000] {logging_mixin.py:188} INFO - [2025-09-10T23:42:07.826+0000] {dagbag.py:538} INFO - Filling up the DagBag from /opt/airflow/dags/data_pipeline.py
[2025-09-10T23:42:08.196+0000] {logging_mixin.py:188} INFO - Pyspark version: 3.5.1
[2025-09-10T23:42:08.216+0000] {logging_mixin.py:188} INFO - [2025-09-10T23:42:08.210+0000] {dagbag.py:348} ERROR - Failed to import: /opt/airflow/dags/data_pipeline.py
Traceback (most recent call last):
  File "/home/airflow/.local/lib/python3.8/site-packages/airflow/models/dagbag.py", line 344, in parse
    loader.exec_module(new_module)
  File "<frozen importlib._bootstrap_external>", line 843, in exec_module
  File "<frozen importlib._bootstrap>", line 219, in _call_with_frames_removed
  File "/opt/airflow/dags/data_pipeline.py", line 12, in <module>
    from ingestion.local_producer_host import purchase_event
  File "/opt/airflow/ingestion/local_producer_host.py", line 1, in <module>
    from confluent_kafka import Producer
ModuleNotFoundError: No module named 'confluent_kafka'
[2025-09-10T23:42:08.218+0000] {processor.py:842} WARNING - No viable dags retrieved from /opt/airflow/dags/data_pipeline.py
[2025-09-10T23:42:08.279+0000] {processor.py:183} INFO - Processing /opt/airflow/dags/data_pipeline.py took 0.475 seconds
[2025-09-10T23:42:38.633+0000] {processor.py:161} INFO - Started process (PID=251) to work on /opt/airflow/dags/data_pipeline.py
[2025-09-10T23:42:38.634+0000] {processor.py:830} INFO - Processing file /opt/airflow/dags/data_pipeline.py for tasks to queue
[2025-09-10T23:42:38.637+0000] {logging_mixin.py:188} INFO - [2025-09-10T23:42:38.637+0000] {dagbag.py:538} INFO - Filling up the DagBag from /opt/airflow/dags/data_pipeline.py
[2025-09-10T23:42:39.057+0000] {logging_mixin.py:188} INFO - Pyspark version: 3.5.1
[2025-09-10T23:42:39.080+0000] {logging_mixin.py:188} INFO - [2025-09-10T23:42:39.068+0000] {dagbag.py:348} ERROR - Failed to import: /opt/airflow/dags/data_pipeline.py
Traceback (most recent call last):
  File "/home/airflow/.local/lib/python3.8/site-packages/airflow/models/dagbag.py", line 344, in parse
    loader.exec_module(new_module)
  File "<frozen importlib._bootstrap_external>", line 843, in exec_module
  File "<frozen importlib._bootstrap>", line 219, in _call_with_frames_removed
  File "/opt/airflow/dags/data_pipeline.py", line 12, in <module>
    from ingestion.local_producer_host import purchase_event
  File "/opt/airflow/ingestion/local_producer_host.py", line 1, in <module>
    from confluent_kafka import Producer
ModuleNotFoundError: No module named 'confluent_kafka'
[2025-09-10T23:42:39.082+0000] {processor.py:842} WARNING - No viable dags retrieved from /opt/airflow/dags/data_pipeline.py
[2025-09-10T23:42:39.289+0000] {processor.py:183} INFO - Processing /opt/airflow/dags/data_pipeline.py took 0.660 seconds
[2025-09-10T23:43:09.646+0000] {processor.py:161} INFO - Started process (PID=252) to work on /opt/airflow/dags/data_pipeline.py
[2025-09-10T23:43:09.648+0000] {processor.py:830} INFO - Processing file /opt/airflow/dags/data_pipeline.py for tasks to queue
[2025-09-10T23:43:09.652+0000] {logging_mixin.py:188} INFO - [2025-09-10T23:43:09.651+0000] {dagbag.py:538} INFO - Filling up the DagBag from /opt/airflow/dags/data_pipeline.py
[2025-09-10T23:43:09.961+0000] {logging_mixin.py:188} INFO - Pyspark version: 3.5.1
[2025-09-10T23:43:09.975+0000] {logging_mixin.py:188} INFO - [2025-09-10T23:43:09.972+0000] {dagbag.py:348} ERROR - Failed to import: /opt/airflow/dags/data_pipeline.py
Traceback (most recent call last):
  File "/home/airflow/.local/lib/python3.8/site-packages/airflow/models/dagbag.py", line 344, in parse
    loader.exec_module(new_module)
  File "<frozen importlib._bootstrap_external>", line 843, in exec_module
  File "<frozen importlib._bootstrap>", line 219, in _call_with_frames_removed
  File "/opt/airflow/dags/data_pipeline.py", line 12, in <module>
    from ingestion.local_producer_host import purchase_event
  File "/opt/airflow/ingestion/local_producer_host.py", line 1, in <module>
    from confluent_kafka import Producer
ModuleNotFoundError: No module named 'confluent_kafka'
[2025-09-10T23:43:09.976+0000] {processor.py:842} WARNING - No viable dags retrieved from /opt/airflow/dags/data_pipeline.py
[2025-09-10T23:43:10.016+0000] {processor.py:183} INFO - Processing /opt/airflow/dags/data_pipeline.py took 0.374 seconds
[2025-09-10T23:43:40.336+0000] {processor.py:161} INFO - Started process (PID=253) to work on /opt/airflow/dags/data_pipeline.py
[2025-09-10T23:43:40.338+0000] {processor.py:830} INFO - Processing file /opt/airflow/dags/data_pipeline.py for tasks to queue
[2025-09-10T23:43:40.344+0000] {logging_mixin.py:188} INFO - [2025-09-10T23:43:40.343+0000] {dagbag.py:538} INFO - Filling up the DagBag from /opt/airflow/dags/data_pipeline.py
[2025-09-10T23:43:40.915+0000] {logging_mixin.py:188} INFO - Pyspark version: 3.5.1
[2025-09-10T23:43:40.936+0000] {logging_mixin.py:188} INFO - [2025-09-10T23:43:40.930+0000] {dagbag.py:348} ERROR - Failed to import: /opt/airflow/dags/data_pipeline.py
Traceback (most recent call last):
  File "/home/airflow/.local/lib/python3.8/site-packages/airflow/models/dagbag.py", line 344, in parse
    loader.exec_module(new_module)
  File "<frozen importlib._bootstrap_external>", line 843, in exec_module
  File "<frozen importlib._bootstrap>", line 219, in _call_with_frames_removed
  File "/opt/airflow/dags/data_pipeline.py", line 12, in <module>
    from ingestion.local_producer_host import purchase_event
  File "/opt/airflow/ingestion/local_producer_host.py", line 1, in <module>
    from confluent_kafka import Producer
ModuleNotFoundError: No module named 'confluent_kafka'
[2025-09-10T23:43:40.939+0000] {processor.py:842} WARNING - No viable dags retrieved from /opt/airflow/dags/data_pipeline.py
[2025-09-10T23:43:41.037+0000] {processor.py:183} INFO - Processing /opt/airflow/dags/data_pipeline.py took 0.711 seconds
[2025-09-10T23:44:11.414+0000] {processor.py:161} INFO - Started process (PID=254) to work on /opt/airflow/dags/data_pipeline.py
[2025-09-10T23:44:11.415+0000] {processor.py:830} INFO - Processing file /opt/airflow/dags/data_pipeline.py for tasks to queue
[2025-09-10T23:44:11.422+0000] {logging_mixin.py:188} INFO - [2025-09-10T23:44:11.421+0000] {dagbag.py:538} INFO - Filling up the DagBag from /opt/airflow/dags/data_pipeline.py
[2025-09-10T23:44:11.865+0000] {logging_mixin.py:188} INFO - Pyspark version: 3.5.1
[2025-09-10T23:44:11.878+0000] {logging_mixin.py:188} INFO - [2025-09-10T23:44:11.875+0000] {dagbag.py:348} ERROR - Failed to import: /opt/airflow/dags/data_pipeline.py
Traceback (most recent call last):
  File "/home/airflow/.local/lib/python3.8/site-packages/airflow/models/dagbag.py", line 344, in parse
    loader.exec_module(new_module)
  File "<frozen importlib._bootstrap_external>", line 843, in exec_module
  File "<frozen importlib._bootstrap>", line 219, in _call_with_frames_removed
  File "/opt/airflow/dags/data_pipeline.py", line 12, in <module>
    from ingestion.local_producer_host import purchase_event
  File "/opt/airflow/ingestion/local_producer_host.py", line 1, in <module>
    from confluent_kafka import Producer
ModuleNotFoundError: No module named 'confluent_kafka'
[2025-09-10T23:44:11.879+0000] {processor.py:842} WARNING - No viable dags retrieved from /opt/airflow/dags/data_pipeline.py
[2025-09-10T23:44:11.929+0000] {processor.py:183} INFO - Processing /opt/airflow/dags/data_pipeline.py took 0.522 seconds
[2025-09-10T23:44:42.296+0000] {processor.py:161} INFO - Started process (PID=255) to work on /opt/airflow/dags/data_pipeline.py
[2025-09-10T23:44:42.298+0000] {processor.py:830} INFO - Processing file /opt/airflow/dags/data_pipeline.py for tasks to queue
[2025-09-10T23:44:42.306+0000] {logging_mixin.py:188} INFO - [2025-09-10T23:44:42.305+0000] {dagbag.py:538} INFO - Filling up the DagBag from /opt/airflow/dags/data_pipeline.py
[2025-09-10T23:44:42.635+0000] {logging_mixin.py:188} INFO - Pyspark version: 3.5.1
[2025-09-10T23:44:42.660+0000] {logging_mixin.py:188} INFO - [2025-09-10T23:44:42.645+0000] {dagbag.py:348} ERROR - Failed to import: /opt/airflow/dags/data_pipeline.py
Traceback (most recent call last):
  File "/home/airflow/.local/lib/python3.8/site-packages/airflow/models/dagbag.py", line 344, in parse
    loader.exec_module(new_module)
  File "<frozen importlib._bootstrap_external>", line 843, in exec_module
  File "<frozen importlib._bootstrap>", line 219, in _call_with_frames_removed
  File "/opt/airflow/dags/data_pipeline.py", line 12, in <module>
    from ingestion.local_producer_host import purchase_event
  File "/opt/airflow/ingestion/local_producer_host.py", line 1, in <module>
    from confluent_kafka import Producer
ModuleNotFoundError: No module named 'confluent_kafka'
[2025-09-10T23:44:42.662+0000] {processor.py:842} WARNING - No viable dags retrieved from /opt/airflow/dags/data_pipeline.py
[2025-09-10T23:44:42.746+0000] {processor.py:183} INFO - Processing /opt/airflow/dags/data_pipeline.py took 0.458 seconds
[2025-09-10T23:45:13.138+0000] {processor.py:161} INFO - Started process (PID=256) to work on /opt/airflow/dags/data_pipeline.py
[2025-09-10T23:45:13.140+0000] {processor.py:830} INFO - Processing file /opt/airflow/dags/data_pipeline.py for tasks to queue
[2025-09-10T23:45:13.146+0000] {logging_mixin.py:188} INFO - [2025-09-10T23:45:13.145+0000] {dagbag.py:538} INFO - Filling up the DagBag from /opt/airflow/dags/data_pipeline.py
[2025-09-10T23:45:13.268+0000] {logging_mixin.py:188} INFO - Pyspark version: 3.5.1
[2025-09-10T23:45:13.281+0000] {logging_mixin.py:188} INFO - [2025-09-10T23:45:13.276+0000] {dagbag.py:348} ERROR - Failed to import: /opt/airflow/dags/data_pipeline.py
Traceback (most recent call last):
  File "/home/airflow/.local/lib/python3.8/site-packages/airflow/models/dagbag.py", line 344, in parse
    loader.exec_module(new_module)
  File "<frozen importlib._bootstrap_external>", line 843, in exec_module
  File "<frozen importlib._bootstrap>", line 219, in _call_with_frames_removed
  File "/opt/airflow/dags/data_pipeline.py", line 12, in <module>
    from ingestion.local_producer_host import purchase_event
  File "/opt/airflow/ingestion/local_producer_host.py", line 1, in <module>
    from confluent_kafka import Producer
ModuleNotFoundError: No module named 'confluent_kafka'
[2025-09-10T23:45:13.282+0000] {processor.py:842} WARNING - No viable dags retrieved from /opt/airflow/dags/data_pipeline.py
[2025-09-10T23:45:13.568+0000] {processor.py:183} INFO - Processing /opt/airflow/dags/data_pipeline.py took 0.440 seconds
[2025-09-10T23:45:43.644+0000] {processor.py:161} INFO - Started process (PID=257) to work on /opt/airflow/dags/data_pipeline.py
[2025-09-10T23:45:43.646+0000] {processor.py:830} INFO - Processing file /opt/airflow/dags/data_pipeline.py for tasks to queue
[2025-09-10T23:45:43.653+0000] {logging_mixin.py:188} INFO - [2025-09-10T23:45:43.652+0000] {dagbag.py:538} INFO - Filling up the DagBag from /opt/airflow/dags/data_pipeline.py
[2025-09-10T23:45:43.967+0000] {logging_mixin.py:188} INFO - Pyspark version: 3.5.1
[2025-09-10T23:45:43.979+0000] {logging_mixin.py:188} INFO - [2025-09-10T23:45:43.976+0000] {dagbag.py:348} ERROR - Failed to import: /opt/airflow/dags/data_pipeline.py
Traceback (most recent call last):
  File "/home/airflow/.local/lib/python3.8/site-packages/airflow/models/dagbag.py", line 344, in parse
    loader.exec_module(new_module)
  File "<frozen importlib._bootstrap_external>", line 843, in exec_module
  File "<frozen importlib._bootstrap>", line 219, in _call_with_frames_removed
  File "/opt/airflow/dags/data_pipeline.py", line 12, in <module>
    from ingestion.local_producer_host import purchase_event
  File "/opt/airflow/ingestion/local_producer_host.py", line 1, in <module>
    from confluent_kafka import Producer
ModuleNotFoundError: No module named 'confluent_kafka'
[2025-09-10T23:45:43.980+0000] {processor.py:842} WARNING - No viable dags retrieved from /opt/airflow/dags/data_pipeline.py
[2025-09-10T23:45:44.032+0000] {processor.py:183} INFO - Processing /opt/airflow/dags/data_pipeline.py took 0.395 seconds
[2025-09-10T23:46:14.516+0000] {processor.py:161} INFO - Started process (PID=258) to work on /opt/airflow/dags/data_pipeline.py
[2025-09-10T23:46:14.518+0000] {processor.py:830} INFO - Processing file /opt/airflow/dags/data_pipeline.py for tasks to queue
[2025-09-10T23:46:14.525+0000] {logging_mixin.py:188} INFO - [2025-09-10T23:46:14.524+0000] {dagbag.py:538} INFO - Filling up the DagBag from /opt/airflow/dags/data_pipeline.py
[2025-09-10T23:46:14.827+0000] {logging_mixin.py:188} INFO - Pyspark version: 3.5.1
[2025-09-10T23:46:14.837+0000] {logging_mixin.py:188} INFO - [2025-09-10T23:46:14.834+0000] {dagbag.py:348} ERROR - Failed to import: /opt/airflow/dags/data_pipeline.py
Traceback (most recent call last):
  File "/home/airflow/.local/lib/python3.8/site-packages/airflow/models/dagbag.py", line 344, in parse
    loader.exec_module(new_module)
  File "<frozen importlib._bootstrap_external>", line 843, in exec_module
  File "<frozen importlib._bootstrap>", line 219, in _call_with_frames_removed
  File "/opt/airflow/dags/data_pipeline.py", line 12, in <module>
    from ingestion.local_producer_host import purchase_event
  File "/opt/airflow/ingestion/local_producer_host.py", line 1, in <module>
    from confluent_kafka import Producer
ModuleNotFoundError: No module named 'confluent_kafka'
[2025-09-10T23:46:14.838+0000] {processor.py:842} WARNING - No viable dags retrieved from /opt/airflow/dags/data_pipeline.py
[2025-09-10T23:46:14.884+0000] {processor.py:183} INFO - Processing /opt/airflow/dags/data_pipeline.py took 0.378 seconds
[2025-09-10T23:46:45.253+0000] {processor.py:161} INFO - Started process (PID=259) to work on /opt/airflow/dags/data_pipeline.py
[2025-09-10T23:46:45.256+0000] {processor.py:830} INFO - Processing file /opt/airflow/dags/data_pipeline.py for tasks to queue
[2025-09-10T23:46:45.265+0000] {logging_mixin.py:188} INFO - [2025-09-10T23:46:45.264+0000] {dagbag.py:538} INFO - Filling up the DagBag from /opt/airflow/dags/data_pipeline.py
[2025-09-10T23:46:45.992+0000] {logging_mixin.py:188} INFO - Pyspark version: 3.5.1
[2025-09-10T23:46:46.036+0000] {logging_mixin.py:188} INFO - [2025-09-10T23:46:46.023+0000] {dagbag.py:348} ERROR - Failed to import: /opt/airflow/dags/data_pipeline.py
Traceback (most recent call last):
  File "/home/airflow/.local/lib/python3.8/site-packages/airflow/models/dagbag.py", line 344, in parse
    loader.exec_module(new_module)
  File "<frozen importlib._bootstrap_external>", line 843, in exec_module
  File "<frozen importlib._bootstrap>", line 219, in _call_with_frames_removed
  File "/opt/airflow/dags/data_pipeline.py", line 12, in <module>
    from ingestion.local_producer_host import purchase_event
  File "/opt/airflow/ingestion/local_producer_host.py", line 1, in <module>
    from confluent_kafka import Producer
ModuleNotFoundError: No module named 'confluent_kafka'
[2025-09-10T23:46:46.043+0000] {processor.py:842} WARNING - No viable dags retrieved from /opt/airflow/dags/data_pipeline.py
[2025-09-10T23:46:46.206+0000] {processor.py:183} INFO - Processing /opt/airflow/dags/data_pipeline.py took 0.964 seconds
[2025-09-10T23:47:16.318+0000] {processor.py:161} INFO - Started process (PID=260) to work on /opt/airflow/dags/data_pipeline.py
[2025-09-10T23:47:16.322+0000] {processor.py:830} INFO - Processing file /opt/airflow/dags/data_pipeline.py for tasks to queue
[2025-09-10T23:47:16.331+0000] {logging_mixin.py:188} INFO - [2025-09-10T23:47:16.330+0000] {dagbag.py:538} INFO - Filling up the DagBag from /opt/airflow/dags/data_pipeline.py
[2025-09-10T23:47:16.727+0000] {logging_mixin.py:188} INFO - Pyspark version: 3.5.1
[2025-09-10T23:47:16.740+0000] {logging_mixin.py:188} INFO - [2025-09-10T23:47:16.737+0000] {dagbag.py:348} ERROR - Failed to import: /opt/airflow/dags/data_pipeline.py
Traceback (most recent call last):
  File "/home/airflow/.local/lib/python3.8/site-packages/airflow/models/dagbag.py", line 344, in parse
    loader.exec_module(new_module)
  File "<frozen importlib._bootstrap_external>", line 843, in exec_module
  File "<frozen importlib._bootstrap>", line 219, in _call_with_frames_removed
  File "/opt/airflow/dags/data_pipeline.py", line 12, in <module>
    from ingestion.local_producer_host import purchase_event
  File "/opt/airflow/ingestion/local_producer_host.py", line 1, in <module>
    from confluent_kafka import Producer
ModuleNotFoundError: No module named 'confluent_kafka'
[2025-09-10T23:47:16.741+0000] {processor.py:842} WARNING - No viable dags retrieved from /opt/airflow/dags/data_pipeline.py
[2025-09-10T23:47:16.792+0000] {processor.py:183} INFO - Processing /opt/airflow/dags/data_pipeline.py took 0.489 seconds
[2025-09-10T23:47:47.100+0000] {processor.py:161} INFO - Started process (PID=261) to work on /opt/airflow/dags/data_pipeline.py
[2025-09-10T23:47:47.104+0000] {processor.py:830} INFO - Processing file /opt/airflow/dags/data_pipeline.py for tasks to queue
[2025-09-10T23:47:47.110+0000] {logging_mixin.py:188} INFO - [2025-09-10T23:47:47.109+0000] {dagbag.py:538} INFO - Filling up the DagBag from /opt/airflow/dags/data_pipeline.py
[2025-09-10T23:47:48.038+0000] {logging_mixin.py:188} INFO - Pyspark version: 3.5.1
[2025-09-10T23:47:48.071+0000] {logging_mixin.py:188} INFO - [2025-09-10T23:47:48.064+0000] {dagbag.py:348} ERROR - Failed to import: /opt/airflow/dags/data_pipeline.py
Traceback (most recent call last):
  File "/home/airflow/.local/lib/python3.8/site-packages/airflow/models/dagbag.py", line 344, in parse
    loader.exec_module(new_module)
  File "<frozen importlib._bootstrap_external>", line 843, in exec_module
  File "<frozen importlib._bootstrap>", line 219, in _call_with_frames_removed
  File "/opt/airflow/dags/data_pipeline.py", line 12, in <module>
    from ingestion.local_producer_host import purchase_event
  File "/opt/airflow/ingestion/local_producer_host.py", line 1, in <module>
    from confluent_kafka import Producer
ModuleNotFoundError: No module named 'confluent_kafka'
[2025-09-10T23:47:48.074+0000] {processor.py:842} WARNING - No viable dags retrieved from /opt/airflow/dags/data_pipeline.py
[2025-09-10T23:47:48.149+0000] {processor.py:183} INFO - Processing /opt/airflow/dags/data_pipeline.py took 1.074 seconds
[2025-09-10T23:48:18.580+0000] {processor.py:161} INFO - Started process (PID=262) to work on /opt/airflow/dags/data_pipeline.py
[2025-09-10T23:48:18.582+0000] {processor.py:830} INFO - Processing file /opt/airflow/dags/data_pipeline.py for tasks to queue
[2025-09-10T23:48:18.587+0000] {logging_mixin.py:188} INFO - [2025-09-10T23:48:18.586+0000] {dagbag.py:538} INFO - Filling up the DagBag from /opt/airflow/dags/data_pipeline.py
[2025-09-10T23:48:18.913+0000] {logging_mixin.py:188} INFO - Pyspark version: 3.5.1
[2025-09-10T23:48:18.924+0000] {logging_mixin.py:188} INFO - [2025-09-10T23:48:18.922+0000] {dagbag.py:348} ERROR - Failed to import: /opt/airflow/dags/data_pipeline.py
Traceback (most recent call last):
  File "/home/airflow/.local/lib/python3.8/site-packages/airflow/models/dagbag.py", line 344, in parse
    loader.exec_module(new_module)
  File "<frozen importlib._bootstrap_external>", line 843, in exec_module
  File "<frozen importlib._bootstrap>", line 219, in _call_with_frames_removed
  File "/opt/airflow/dags/data_pipeline.py", line 12, in <module>
    from ingestion.local_producer_host import purchase_event
  File "/opt/airflow/ingestion/local_producer_host.py", line 1, in <module>
    from confluent_kafka import Producer
ModuleNotFoundError: No module named 'confluent_kafka'
[2025-09-10T23:48:18.925+0000] {processor.py:842} WARNING - No viable dags retrieved from /opt/airflow/dags/data_pipeline.py
[2025-09-10T23:48:18.968+0000] {processor.py:183} INFO - Processing /opt/airflow/dags/data_pipeline.py took 0.396 seconds
[2025-09-10T23:48:49.322+0000] {processor.py:161} INFO - Started process (PID=263) to work on /opt/airflow/dags/data_pipeline.py
[2025-09-10T23:48:49.324+0000] {processor.py:830} INFO - Processing file /opt/airflow/dags/data_pipeline.py for tasks to queue
[2025-09-10T23:48:49.329+0000] {logging_mixin.py:188} INFO - [2025-09-10T23:48:49.329+0000] {dagbag.py:538} INFO - Filling up the DagBag from /opt/airflow/dags/data_pipeline.py
[2025-09-10T23:48:49.810+0000] {logging_mixin.py:188} INFO - Pyspark version: 3.5.1
[2025-09-10T23:48:49.824+0000] {logging_mixin.py:188} INFO - [2025-09-10T23:48:49.821+0000] {dagbag.py:348} ERROR - Failed to import: /opt/airflow/dags/data_pipeline.py
Traceback (most recent call last):
  File "/home/airflow/.local/lib/python3.8/site-packages/airflow/models/dagbag.py", line 344, in parse
    loader.exec_module(new_module)
  File "<frozen importlib._bootstrap_external>", line 843, in exec_module
  File "<frozen importlib._bootstrap>", line 219, in _call_with_frames_removed
  File "/opt/airflow/dags/data_pipeline.py", line 12, in <module>
    from ingestion.local_producer_host import purchase_event
  File "/opt/airflow/ingestion/local_producer_host.py", line 1, in <module>
    from confluent_kafka import Producer
ModuleNotFoundError: No module named 'confluent_kafka'
[2025-09-10T23:48:49.825+0000] {processor.py:842} WARNING - No viable dags retrieved from /opt/airflow/dags/data_pipeline.py
[2025-09-10T23:48:49.877+0000] {processor.py:183} INFO - Processing /opt/airflow/dags/data_pipeline.py took 0.564 seconds
[2025-09-10T23:49:20.341+0000] {processor.py:161} INFO - Started process (PID=264) to work on /opt/airflow/dags/data_pipeline.py
[2025-09-10T23:49:20.343+0000] {processor.py:830} INFO - Processing file /opt/airflow/dags/data_pipeline.py for tasks to queue
[2025-09-10T23:49:20.347+0000] {logging_mixin.py:188} INFO - [2025-09-10T23:49:20.347+0000] {dagbag.py:538} INFO - Filling up the DagBag from /opt/airflow/dags/data_pipeline.py
[2025-09-10T23:49:23.584+0000] {logging_mixin.py:188} INFO - Pyspark version: 3.5.1
[2025-09-10T23:49:23.602+0000] {logging_mixin.py:188} INFO - [2025-09-10T23:49:23.597+0000] {dagbag.py:348} ERROR - Failed to import: /opt/airflow/dags/data_pipeline.py
Traceback (most recent call last):
  File "/home/airflow/.local/lib/python3.8/site-packages/airflow/models/dagbag.py", line 344, in parse
    loader.exec_module(new_module)
  File "<frozen importlib._bootstrap_external>", line 843, in exec_module
  File "<frozen importlib._bootstrap>", line 219, in _call_with_frames_removed
  File "/opt/airflow/dags/data_pipeline.py", line 12, in <module>
    from ingestion.local_producer_host import purchase_event
  File "/opt/airflow/ingestion/local_producer_host.py", line 1, in <module>
    from confluent_kafka import Producer
ModuleNotFoundError: No module named 'confluent_kafka'
[2025-09-10T23:49:23.604+0000] {processor.py:842} WARNING - No viable dags retrieved from /opt/airflow/dags/data_pipeline.py
[2025-09-10T23:49:23.735+0000] {processor.py:183} INFO - Processing /opt/airflow/dags/data_pipeline.py took 3.399 seconds
[2025-09-10T23:49:54.053+0000] {processor.py:161} INFO - Started process (PID=265) to work on /opt/airflow/dags/data_pipeline.py
[2025-09-10T23:49:54.056+0000] {processor.py:830} INFO - Processing file /opt/airflow/dags/data_pipeline.py for tasks to queue
[2025-09-10T23:49:54.063+0000] {logging_mixin.py:188} INFO - [2025-09-10T23:49:54.062+0000] {dagbag.py:538} INFO - Filling up the DagBag from /opt/airflow/dags/data_pipeline.py
[2025-09-10T23:49:54.363+0000] {logging_mixin.py:188} INFO - Pyspark version: 3.5.1
[2025-09-10T23:49:54.375+0000] {logging_mixin.py:188} INFO - [2025-09-10T23:49:54.370+0000] {dagbag.py:348} ERROR - Failed to import: /opt/airflow/dags/data_pipeline.py
Traceback (most recent call last):
  File "/home/airflow/.local/lib/python3.8/site-packages/airflow/models/dagbag.py", line 344, in parse
    loader.exec_module(new_module)
  File "<frozen importlib._bootstrap_external>", line 843, in exec_module
  File "<frozen importlib._bootstrap>", line 219, in _call_with_frames_removed
  File "/opt/airflow/dags/data_pipeline.py", line 12, in <module>
    from ingestion.local_producer_host import purchase_event
  File "/opt/airflow/ingestion/local_producer_host.py", line 1, in <module>
    from confluent_kafka import Producer
ModuleNotFoundError: No module named 'confluent_kafka'
[2025-09-10T23:49:54.377+0000] {processor.py:842} WARNING - No viable dags retrieved from /opt/airflow/dags/data_pipeline.py
[2025-09-10T23:49:54.455+0000] {processor.py:183} INFO - Processing /opt/airflow/dags/data_pipeline.py took 0.413 seconds
[2025-09-10T23:50:24.625+0000] {processor.py:161} INFO - Started process (PID=266) to work on /opt/airflow/dags/data_pipeline.py
[2025-09-10T23:50:24.627+0000] {processor.py:830} INFO - Processing file /opt/airflow/dags/data_pipeline.py for tasks to queue
[2025-09-10T23:50:24.633+0000] {logging_mixin.py:188} INFO - [2025-09-10T23:50:24.632+0000] {dagbag.py:538} INFO - Filling up the DagBag from /opt/airflow/dags/data_pipeline.py
[2025-09-10T23:50:24.900+0000] {logging_mixin.py:188} INFO - Pyspark version: 3.5.1
[2025-09-10T23:50:24.909+0000] {logging_mixin.py:188} INFO - [2025-09-10T23:50:24.907+0000] {dagbag.py:348} ERROR - Failed to import: /opt/airflow/dags/data_pipeline.py
Traceback (most recent call last):
  File "/home/airflow/.local/lib/python3.8/site-packages/airflow/models/dagbag.py", line 344, in parse
    loader.exec_module(new_module)
  File "<frozen importlib._bootstrap_external>", line 843, in exec_module
  File "<frozen importlib._bootstrap>", line 219, in _call_with_frames_removed
  File "/opt/airflow/dags/data_pipeline.py", line 12, in <module>
    from ingestion.local_producer_host import purchase_event
  File "/opt/airflow/ingestion/local_producer_host.py", line 1, in <module>
    from confluent_kafka import Producer
ModuleNotFoundError: No module named 'confluent_kafka'
[2025-09-10T23:50:24.910+0000] {processor.py:842} WARNING - No viable dags retrieved from /opt/airflow/dags/data_pipeline.py
[2025-09-10T23:50:24.943+0000] {processor.py:183} INFO - Processing /opt/airflow/dags/data_pipeline.py took 0.327 seconds
[2025-09-10T23:50:55.117+0000] {processor.py:161} INFO - Started process (PID=267) to work on /opt/airflow/dags/data_pipeline.py
[2025-09-10T23:50:55.119+0000] {processor.py:830} INFO - Processing file /opt/airflow/dags/data_pipeline.py for tasks to queue
[2025-09-10T23:50:55.124+0000] {logging_mixin.py:188} INFO - [2025-09-10T23:50:55.124+0000] {dagbag.py:538} INFO - Filling up the DagBag from /opt/airflow/dags/data_pipeline.py
[2025-09-10T23:50:55.408+0000] {logging_mixin.py:188} INFO - Pyspark version: 3.5.1
[2025-09-10T23:50:55.415+0000] {logging_mixin.py:188} INFO - [2025-09-10T23:50:55.413+0000] {dagbag.py:348} ERROR - Failed to import: /opt/airflow/dags/data_pipeline.py
Traceback (most recent call last):
  File "/home/airflow/.local/lib/python3.8/site-packages/airflow/models/dagbag.py", line 344, in parse
    loader.exec_module(new_module)
  File "<frozen importlib._bootstrap_external>", line 843, in exec_module
  File "<frozen importlib._bootstrap>", line 219, in _call_with_frames_removed
  File "/opt/airflow/dags/data_pipeline.py", line 12, in <module>
    from ingestion.local_producer_host import purchase_event
  File "/opt/airflow/ingestion/local_producer_host.py", line 1, in <module>
    from confluent_kafka import Producer
ModuleNotFoundError: No module named 'confluent_kafka'
[2025-09-10T23:50:55.415+0000] {processor.py:842} WARNING - No viable dags retrieved from /opt/airflow/dags/data_pipeline.py
[2025-09-10T23:50:55.441+0000] {processor.py:183} INFO - Processing /opt/airflow/dags/data_pipeline.py took 0.332 seconds
[2025-09-10T23:51:25.707+0000] {processor.py:161} INFO - Started process (PID=268) to work on /opt/airflow/dags/data_pipeline.py
[2025-09-10T23:51:25.709+0000] {processor.py:830} INFO - Processing file /opt/airflow/dags/data_pipeline.py for tasks to queue
[2025-09-10T23:51:25.716+0000] {logging_mixin.py:188} INFO - [2025-09-10T23:51:25.714+0000] {dagbag.py:538} INFO - Filling up the DagBag from /opt/airflow/dags/data_pipeline.py
[2025-09-10T23:51:26.130+0000] {logging_mixin.py:188} INFO - Pyspark version: 3.5.1
[2025-09-10T23:51:26.138+0000] {logging_mixin.py:188} INFO - [2025-09-10T23:51:26.136+0000] {dagbag.py:348} ERROR - Failed to import: /opt/airflow/dags/data_pipeline.py
Traceback (most recent call last):
  File "/home/airflow/.local/lib/python3.8/site-packages/airflow/models/dagbag.py", line 344, in parse
    loader.exec_module(new_module)
  File "<frozen importlib._bootstrap_external>", line 843, in exec_module
  File "<frozen importlib._bootstrap>", line 219, in _call_with_frames_removed
  File "/opt/airflow/dags/data_pipeline.py", line 12, in <module>
    from ingestion.local_producer_host import purchase_event
  File "/opt/airflow/ingestion/local_producer_host.py", line 1, in <module>
    from confluent_kafka import Producer
ModuleNotFoundError: No module named 'confluent_kafka'
[2025-09-10T23:51:26.139+0000] {processor.py:842} WARNING - No viable dags retrieved from /opt/airflow/dags/data_pipeline.py
[2025-09-10T23:51:26.179+0000] {processor.py:183} INFO - Processing /opt/airflow/dags/data_pipeline.py took 0.484 seconds
[2025-09-10T23:51:56.289+0000] {processor.py:161} INFO - Started process (PID=269) to work on /opt/airflow/dags/data_pipeline.py
[2025-09-10T23:51:56.291+0000] {processor.py:830} INFO - Processing file /opt/airflow/dags/data_pipeline.py for tasks to queue
[2025-09-10T23:51:56.298+0000] {logging_mixin.py:188} INFO - [2025-09-10T23:51:56.297+0000] {dagbag.py:538} INFO - Filling up the DagBag from /opt/airflow/dags/data_pipeline.py
[2025-09-10T23:51:56.595+0000] {logging_mixin.py:188} INFO - Pyspark version: 3.5.1
[2025-09-10T23:51:56.608+0000] {logging_mixin.py:188} INFO - [2025-09-10T23:51:56.604+0000] {dagbag.py:348} ERROR - Failed to import: /opt/airflow/dags/data_pipeline.py
Traceback (most recent call last):
  File "/home/airflow/.local/lib/python3.8/site-packages/airflow/models/dagbag.py", line 344, in parse
    loader.exec_module(new_module)
  File "<frozen importlib._bootstrap_external>", line 843, in exec_module
  File "<frozen importlib._bootstrap>", line 219, in _call_with_frames_removed
  File "/opt/airflow/dags/data_pipeline.py", line 12, in <module>
    from ingestion.local_producer_host import purchase_event
  File "/opt/airflow/ingestion/local_producer_host.py", line 1, in <module>
    from confluent_kafka import Producer
ModuleNotFoundError: No module named 'confluent_kafka'
[2025-09-10T23:51:56.609+0000] {processor.py:842} WARNING - No viable dags retrieved from /opt/airflow/dags/data_pipeline.py
[2025-09-10T23:51:56.653+0000] {processor.py:183} INFO - Processing /opt/airflow/dags/data_pipeline.py took 0.371 seconds
[2025-09-10T23:52:26.777+0000] {processor.py:161} INFO - Started process (PID=270) to work on /opt/airflow/dags/data_pipeline.py
[2025-09-10T23:52:26.779+0000] {processor.py:830} INFO - Processing file /opt/airflow/dags/data_pipeline.py for tasks to queue
[2025-09-10T23:52:26.786+0000] {logging_mixin.py:188} INFO - [2025-09-10T23:52:26.786+0000] {dagbag.py:538} INFO - Filling up the DagBag from /opt/airflow/dags/data_pipeline.py
[2025-09-10T23:52:27.096+0000] {logging_mixin.py:188} INFO - Pyspark version: 3.5.1
[2025-09-10T23:52:27.118+0000] {logging_mixin.py:188} INFO - [2025-09-10T23:52:27.111+0000] {dagbag.py:348} ERROR - Failed to import: /opt/airflow/dags/data_pipeline.py
Traceback (most recent call last):
  File "/home/airflow/.local/lib/python3.8/site-packages/airflow/models/dagbag.py", line 344, in parse
    loader.exec_module(new_module)
  File "<frozen importlib._bootstrap_external>", line 843, in exec_module
  File "<frozen importlib._bootstrap>", line 219, in _call_with_frames_removed
  File "/opt/airflow/dags/data_pipeline.py", line 12, in <module>
    from ingestion.local_producer_host import purchase_event
  File "/opt/airflow/ingestion/local_producer_host.py", line 1, in <module>
    from confluent_kafka import Producer
ModuleNotFoundError: No module named 'confluent_kafka'
[2025-09-10T23:52:27.119+0000] {processor.py:842} WARNING - No viable dags retrieved from /opt/airflow/dags/data_pipeline.py
[2025-09-10T23:52:27.203+0000] {processor.py:183} INFO - Processing /opt/airflow/dags/data_pipeline.py took 0.434 seconds
[2025-09-10T23:52:57.272+0000] {processor.py:161} INFO - Started process (PID=271) to work on /opt/airflow/dags/data_pipeline.py
[2025-09-10T23:52:57.274+0000] {processor.py:830} INFO - Processing file /opt/airflow/dags/data_pipeline.py for tasks to queue
[2025-09-10T23:52:57.280+0000] {logging_mixin.py:188} INFO - [2025-09-10T23:52:57.279+0000] {dagbag.py:538} INFO - Filling up the DagBag from /opt/airflow/dags/data_pipeline.py
[2025-09-10T23:52:57.621+0000] {logging_mixin.py:188} INFO - Pyspark version: 3.5.1
[2025-09-10T23:52:57.628+0000] {logging_mixin.py:188} INFO - [2025-09-10T23:52:57.625+0000] {dagbag.py:348} ERROR - Failed to import: /opt/airflow/dags/data_pipeline.py
Traceback (most recent call last):
  File "/home/airflow/.local/lib/python3.8/site-packages/airflow/models/dagbag.py", line 344, in parse
    loader.exec_module(new_module)
  File "<frozen importlib._bootstrap_external>", line 843, in exec_module
  File "<frozen importlib._bootstrap>", line 219, in _call_with_frames_removed
  File "/opt/airflow/dags/data_pipeline.py", line 12, in <module>
    from ingestion.local_producer_host import purchase_event
  File "/opt/airflow/ingestion/local_producer_host.py", line 1, in <module>
    from confluent_kafka import Producer
ModuleNotFoundError: No module named 'confluent_kafka'
[2025-09-10T23:52:57.629+0000] {processor.py:842} WARNING - No viable dags retrieved from /opt/airflow/dags/data_pipeline.py
[2025-09-10T23:52:57.663+0000] {processor.py:183} INFO - Processing /opt/airflow/dags/data_pipeline.py took 0.398 seconds
[2025-09-10T23:53:27.821+0000] {processor.py:161} INFO - Started process (PID=272) to work on /opt/airflow/dags/data_pipeline.py
[2025-09-10T23:53:27.824+0000] {processor.py:830} INFO - Processing file /opt/airflow/dags/data_pipeline.py for tasks to queue
[2025-09-10T23:53:27.829+0000] {logging_mixin.py:188} INFO - [2025-09-10T23:53:27.828+0000] {dagbag.py:538} INFO - Filling up the DagBag from /opt/airflow/dags/data_pipeline.py
[2025-09-10T23:53:28.089+0000] {logging_mixin.py:188} INFO - Pyspark version: 3.5.1
[2025-09-10T23:53:28.103+0000] {logging_mixin.py:188} INFO - [2025-09-10T23:53:28.100+0000] {dagbag.py:348} ERROR - Failed to import: /opt/airflow/dags/data_pipeline.py
Traceback (most recent call last):
  File "/home/airflow/.local/lib/python3.8/site-packages/airflow/models/dagbag.py", line 344, in parse
    loader.exec_module(new_module)
  File "<frozen importlib._bootstrap_external>", line 843, in exec_module
  File "<frozen importlib._bootstrap>", line 219, in _call_with_frames_removed
  File "/opt/airflow/dags/data_pipeline.py", line 12, in <module>
    from ingestion.local_producer_host import purchase_event
  File "/opt/airflow/ingestion/local_producer_host.py", line 1, in <module>
    from confluent_kafka import Producer
ModuleNotFoundError: No module named 'confluent_kafka'
[2025-09-10T23:53:28.103+0000] {processor.py:842} WARNING - No viable dags retrieved from /opt/airflow/dags/data_pipeline.py
[2025-09-10T23:53:28.130+0000] {processor.py:183} INFO - Processing /opt/airflow/dags/data_pipeline.py took 0.316 seconds
[2025-09-10T23:53:58.284+0000] {processor.py:161} INFO - Started process (PID=273) to work on /opt/airflow/dags/data_pipeline.py
[2025-09-10T23:53:58.286+0000] {processor.py:830} INFO - Processing file /opt/airflow/dags/data_pipeline.py for tasks to queue
[2025-09-10T23:53:58.292+0000] {logging_mixin.py:188} INFO - [2025-09-10T23:53:58.291+0000] {dagbag.py:538} INFO - Filling up the DagBag from /opt/airflow/dags/data_pipeline.py
[2025-09-10T23:53:58.547+0000] {logging_mixin.py:188} INFO - Pyspark version: 3.5.1
[2025-09-10T23:53:58.557+0000] {logging_mixin.py:188} INFO - [2025-09-10T23:53:58.555+0000] {dagbag.py:348} ERROR - Failed to import: /opt/airflow/dags/data_pipeline.py
Traceback (most recent call last):
  File "/home/airflow/.local/lib/python3.8/site-packages/airflow/models/dagbag.py", line 344, in parse
    loader.exec_module(new_module)
  File "<frozen importlib._bootstrap_external>", line 843, in exec_module
  File "<frozen importlib._bootstrap>", line 219, in _call_with_frames_removed
  File "/opt/airflow/dags/data_pipeline.py", line 12, in <module>
    from ingestion.local_producer_host import purchase_event
  File "/opt/airflow/ingestion/local_producer_host.py", line 1, in <module>
    from confluent_kafka import Producer
ModuleNotFoundError: No module named 'confluent_kafka'
[2025-09-10T23:53:58.558+0000] {processor.py:842} WARNING - No viable dags retrieved from /opt/airflow/dags/data_pipeline.py
[2025-09-10T23:53:58.583+0000] {processor.py:183} INFO - Processing /opt/airflow/dags/data_pipeline.py took 0.306 seconds
[2025-09-10T23:54:28.755+0000] {processor.py:161} INFO - Started process (PID=274) to work on /opt/airflow/dags/data_pipeline.py
[2025-09-10T23:54:28.757+0000] {processor.py:830} INFO - Processing file /opt/airflow/dags/data_pipeline.py for tasks to queue
[2025-09-10T23:54:28.762+0000] {logging_mixin.py:188} INFO - [2025-09-10T23:54:28.761+0000] {dagbag.py:538} INFO - Filling up the DagBag from /opt/airflow/dags/data_pipeline.py
[2025-09-10T23:54:29.062+0000] {logging_mixin.py:188} INFO - Pyspark version: 3.5.1
[2025-09-10T23:54:29.079+0000] {logging_mixin.py:188} INFO - [2025-09-10T23:54:29.074+0000] {dagbag.py:348} ERROR - Failed to import: /opt/airflow/dags/data_pipeline.py
Traceback (most recent call last):
  File "/home/airflow/.local/lib/python3.8/site-packages/airflow/models/dagbag.py", line 344, in parse
    loader.exec_module(new_module)
  File "<frozen importlib._bootstrap_external>", line 843, in exec_module
  File "<frozen importlib._bootstrap>", line 219, in _call_with_frames_removed
  File "/opt/airflow/dags/data_pipeline.py", line 12, in <module>
    from ingestion.local_producer_host import purchase_event
  File "/opt/airflow/ingestion/local_producer_host.py", line 1, in <module>
    from confluent_kafka import Producer
ModuleNotFoundError: No module named 'confluent_kafka'
[2025-09-10T23:54:29.080+0000] {processor.py:842} WARNING - No viable dags retrieved from /opt/airflow/dags/data_pipeline.py
[2025-09-10T23:54:29.129+0000] {processor.py:183} INFO - Processing /opt/airflow/dags/data_pipeline.py took 0.383 seconds
[2025-09-10T23:54:59.236+0000] {processor.py:161} INFO - Started process (PID=275) to work on /opt/airflow/dags/data_pipeline.py
[2025-09-10T23:54:59.239+0000] {processor.py:830} INFO - Processing file /opt/airflow/dags/data_pipeline.py for tasks to queue
[2025-09-10T23:54:59.246+0000] {logging_mixin.py:188} INFO - [2025-09-10T23:54:59.245+0000] {dagbag.py:538} INFO - Filling up the DagBag from /opt/airflow/dags/data_pipeline.py
[2025-09-10T23:54:59.524+0000] {logging_mixin.py:188} INFO - Pyspark version: 3.5.1
[2025-09-10T23:54:59.533+0000] {logging_mixin.py:188} INFO - [2025-09-10T23:54:59.531+0000] {dagbag.py:348} ERROR - Failed to import: /opt/airflow/dags/data_pipeline.py
Traceback (most recent call last):
  File "/home/airflow/.local/lib/python3.8/site-packages/airflow/models/dagbag.py", line 344, in parse
    loader.exec_module(new_module)
  File "<frozen importlib._bootstrap_external>", line 843, in exec_module
  File "<frozen importlib._bootstrap>", line 219, in _call_with_frames_removed
  File "/opt/airflow/dags/data_pipeline.py", line 12, in <module>
    from ingestion.local_producer_host import purchase_event
  File "/opt/airflow/ingestion/local_producer_host.py", line 1, in <module>
    from confluent_kafka import Producer
ModuleNotFoundError: No module named 'confluent_kafka'
[2025-09-10T23:54:59.534+0000] {processor.py:842} WARNING - No viable dags retrieved from /opt/airflow/dags/data_pipeline.py
[2025-09-10T23:54:59.571+0000] {processor.py:183} INFO - Processing /opt/airflow/dags/data_pipeline.py took 0.345 seconds
[2025-09-10T23:55:30.002+0000] {processor.py:161} INFO - Started process (PID=276) to work on /opt/airflow/dags/data_pipeline.py
[2025-09-10T23:55:30.005+0000] {processor.py:830} INFO - Processing file /opt/airflow/dags/data_pipeline.py for tasks to queue
[2025-09-10T23:55:30.011+0000] {logging_mixin.py:188} INFO - [2025-09-10T23:55:30.010+0000] {dagbag.py:538} INFO - Filling up the DagBag from /opt/airflow/dags/data_pipeline.py
[2025-09-10T23:55:30.276+0000] {logging_mixin.py:188} INFO - Pyspark version: 3.5.1
[2025-09-10T23:55:30.290+0000] {logging_mixin.py:188} INFO - [2025-09-10T23:55:30.284+0000] {dagbag.py:348} ERROR - Failed to import: /opt/airflow/dags/data_pipeline.py
Traceback (most recent call last):
  File "/home/airflow/.local/lib/python3.8/site-packages/airflow/models/dagbag.py", line 344, in parse
    loader.exec_module(new_module)
  File "<frozen importlib._bootstrap_external>", line 843, in exec_module
  File "<frozen importlib._bootstrap>", line 219, in _call_with_frames_removed
  File "/opt/airflow/dags/data_pipeline.py", line 12, in <module>
    from ingestion.local_producer_host import purchase_event
  File "/opt/airflow/ingestion/local_producer_host.py", line 1, in <module>
    from confluent_kafka import Producer
ModuleNotFoundError: No module named 'confluent_kafka'
[2025-09-10T23:55:30.291+0000] {processor.py:842} WARNING - No viable dags retrieved from /opt/airflow/dags/data_pipeline.py
[2025-09-10T23:55:30.331+0000] {processor.py:183} INFO - Processing /opt/airflow/dags/data_pipeline.py took 0.336 seconds
[2025-09-10T23:56:00.676+0000] {processor.py:161} INFO - Started process (PID=277) to work on /opt/airflow/dags/data_pipeline.py
[2025-09-10T23:56:00.679+0000] {processor.py:830} INFO - Processing file /opt/airflow/dags/data_pipeline.py for tasks to queue
[2025-09-10T23:56:00.685+0000] {logging_mixin.py:188} INFO - [2025-09-10T23:56:00.684+0000] {dagbag.py:538} INFO - Filling up the DagBag from /opt/airflow/dags/data_pipeline.py
[2025-09-10T23:56:00.961+0000] {logging_mixin.py:188} INFO - Pyspark version: 3.5.1
[2025-09-10T23:56:00.967+0000] {logging_mixin.py:188} INFO - [2025-09-10T23:56:00.965+0000] {dagbag.py:348} ERROR - Failed to import: /opt/airflow/dags/data_pipeline.py
Traceback (most recent call last):
  File "/home/airflow/.local/lib/python3.8/site-packages/airflow/models/dagbag.py", line 344, in parse
    loader.exec_module(new_module)
  File "<frozen importlib._bootstrap_external>", line 843, in exec_module
  File "<frozen importlib._bootstrap>", line 219, in _call_with_frames_removed
  File "/opt/airflow/dags/data_pipeline.py", line 12, in <module>
    from ingestion.local_producer_host import purchase_event
  File "/opt/airflow/ingestion/local_producer_host.py", line 1, in <module>
    from confluent_kafka import Producer
ModuleNotFoundError: No module named 'confluent_kafka'
[2025-09-10T23:56:00.968+0000] {processor.py:842} WARNING - No viable dags retrieved from /opt/airflow/dags/data_pipeline.py
[2025-09-10T23:56:01.001+0000] {processor.py:183} INFO - Processing /opt/airflow/dags/data_pipeline.py took 0.334 seconds
[2025-09-10T23:56:31.508+0000] {processor.py:161} INFO - Started process (PID=278) to work on /opt/airflow/dags/data_pipeline.py
[2025-09-10T23:56:31.512+0000] {processor.py:830} INFO - Processing file /opt/airflow/dags/data_pipeline.py for tasks to queue
[2025-09-10T23:56:31.523+0000] {logging_mixin.py:188} INFO - [2025-09-10T23:56:31.522+0000] {dagbag.py:538} INFO - Filling up the DagBag from /opt/airflow/dags/data_pipeline.py
[2025-09-10T23:56:32.302+0000] {logging_mixin.py:188} INFO - Pyspark version: 3.5.1
[2025-09-10T23:56:32.320+0000] {logging_mixin.py:188} INFO - [2025-09-10T23:56:32.314+0000] {dagbag.py:348} ERROR - Failed to import: /opt/airflow/dags/data_pipeline.py
Traceback (most recent call last):
  File "/home/airflow/.local/lib/python3.8/site-packages/airflow/models/dagbag.py", line 344, in parse
    loader.exec_module(new_module)
  File "<frozen importlib._bootstrap_external>", line 843, in exec_module
  File "<frozen importlib._bootstrap>", line 219, in _call_with_frames_removed
  File "/opt/airflow/dags/data_pipeline.py", line 12, in <module>
    from ingestion.local_producer_host import purchase_event
  File "/opt/airflow/ingestion/local_producer_host.py", line 1, in <module>
    from confluent_kafka import Producer
ModuleNotFoundError: No module named 'confluent_kafka'
[2025-09-10T23:56:32.321+0000] {processor.py:842} WARNING - No viable dags retrieved from /opt/airflow/dags/data_pipeline.py
[2025-09-10T23:56:32.375+0000] {processor.py:183} INFO - Processing /opt/airflow/dags/data_pipeline.py took 0.884 seconds
[2025-09-10T23:57:02.747+0000] {processor.py:161} INFO - Started process (PID=279) to work on /opt/airflow/dags/data_pipeline.py
[2025-09-10T23:57:02.751+0000] {processor.py:830} INFO - Processing file /opt/airflow/dags/data_pipeline.py for tasks to queue
[2025-09-10T23:57:02.757+0000] {logging_mixin.py:188} INFO - [2025-09-10T23:57:02.756+0000] {dagbag.py:538} INFO - Filling up the DagBag from /opt/airflow/dags/data_pipeline.py
[2025-09-10T23:57:03.210+0000] {logging_mixin.py:188} INFO - Pyspark version: 3.5.1
[2025-09-10T23:57:03.219+0000] {logging_mixin.py:188} INFO - [2025-09-10T23:57:03.217+0000] {dagbag.py:348} ERROR - Failed to import: /opt/airflow/dags/data_pipeline.py
Traceback (most recent call last):
  File "/home/airflow/.local/lib/python3.8/site-packages/airflow/models/dagbag.py", line 344, in parse
    loader.exec_module(new_module)
  File "<frozen importlib._bootstrap_external>", line 843, in exec_module
  File "<frozen importlib._bootstrap>", line 219, in _call_with_frames_removed
  File "/opt/airflow/dags/data_pipeline.py", line 12, in <module>
    from ingestion.local_producer_host import purchase_event
  File "/opt/airflow/ingestion/local_producer_host.py", line 1, in <module>
    from confluent_kafka import Producer
ModuleNotFoundError: No module named 'confluent_kafka'
[2025-09-10T23:57:03.220+0000] {processor.py:842} WARNING - No viable dags retrieved from /opt/airflow/dags/data_pipeline.py
[2025-09-10T23:57:03.263+0000] {processor.py:183} INFO - Processing /opt/airflow/dags/data_pipeline.py took 0.526 seconds
[2025-09-10T23:57:33.371+0000] {processor.py:161} INFO - Started process (PID=280) to work on /opt/airflow/dags/data_pipeline.py
[2025-09-10T23:57:33.374+0000] {processor.py:830} INFO - Processing file /opt/airflow/dags/data_pipeline.py for tasks to queue
[2025-09-10T23:57:33.381+0000] {logging_mixin.py:188} INFO - [2025-09-10T23:57:33.380+0000] {dagbag.py:538} INFO - Filling up the DagBag from /opt/airflow/dags/data_pipeline.py
[2025-09-10T23:57:33.770+0000] {logging_mixin.py:188} INFO - Pyspark version: 3.5.1
[2025-09-10T23:57:33.781+0000] {logging_mixin.py:188} INFO - [2025-09-10T23:57:33.778+0000] {dagbag.py:348} ERROR - Failed to import: /opt/airflow/dags/data_pipeline.py
Traceback (most recent call last):
  File "/home/airflow/.local/lib/python3.8/site-packages/airflow/models/dagbag.py", line 344, in parse
    loader.exec_module(new_module)
  File "<frozen importlib._bootstrap_external>", line 843, in exec_module
  File "<frozen importlib._bootstrap>", line 219, in _call_with_frames_removed
  File "/opt/airflow/dags/data_pipeline.py", line 12, in <module>
    from ingestion.local_producer_host import purchase_event
  File "/opt/airflow/ingestion/local_producer_host.py", line 1, in <module>
    from confluent_kafka import Producer
ModuleNotFoundError: No module named 'confluent_kafka'
[2025-09-10T23:57:33.782+0000] {processor.py:842} WARNING - No viable dags retrieved from /opt/airflow/dags/data_pipeline.py
[2025-09-10T23:57:33.828+0000] {processor.py:183} INFO - Processing /opt/airflow/dags/data_pipeline.py took 0.465 seconds
[2025-09-10T23:58:04.131+0000] {processor.py:161} INFO - Started process (PID=281) to work on /opt/airflow/dags/data_pipeline.py
[2025-09-10T23:58:04.133+0000] {processor.py:830} INFO - Processing file /opt/airflow/dags/data_pipeline.py for tasks to queue
[2025-09-10T23:58:04.140+0000] {logging_mixin.py:188} INFO - [2025-09-10T23:58:04.139+0000] {dagbag.py:538} INFO - Filling up the DagBag from /opt/airflow/dags/data_pipeline.py
[2025-09-10T23:58:04.407+0000] {logging_mixin.py:188} INFO - Pyspark version: 3.5.1
[2025-09-10T23:58:04.414+0000] {logging_mixin.py:188} INFO - [2025-09-10T23:58:04.412+0000] {dagbag.py:348} ERROR - Failed to import: /opt/airflow/dags/data_pipeline.py
Traceback (most recent call last):
  File "/home/airflow/.local/lib/python3.8/site-packages/airflow/models/dagbag.py", line 344, in parse
    loader.exec_module(new_module)
  File "<frozen importlib._bootstrap_external>", line 843, in exec_module
  File "<frozen importlib._bootstrap>", line 219, in _call_with_frames_removed
  File "/opt/airflow/dags/data_pipeline.py", line 12, in <module>
    from ingestion.local_producer_host import purchase_event
  File "/opt/airflow/ingestion/local_producer_host.py", line 1, in <module>
    from confluent_kafka import Producer
ModuleNotFoundError: No module named 'confluent_kafka'
[2025-09-10T23:58:04.414+0000] {processor.py:842} WARNING - No viable dags retrieved from /opt/airflow/dags/data_pipeline.py
[2025-09-10T23:58:04.451+0000] {processor.py:183} INFO - Processing /opt/airflow/dags/data_pipeline.py took 0.329 seconds
[2025-09-10T23:58:34.621+0000] {processor.py:161} INFO - Started process (PID=282) to work on /opt/airflow/dags/data_pipeline.py
[2025-09-10T23:58:34.624+0000] {processor.py:830} INFO - Processing file /opt/airflow/dags/data_pipeline.py for tasks to queue
[2025-09-10T23:58:34.629+0000] {logging_mixin.py:188} INFO - [2025-09-10T23:58:34.628+0000] {dagbag.py:538} INFO - Filling up the DagBag from /opt/airflow/dags/data_pipeline.py
[2025-09-10T23:58:34.899+0000] {logging_mixin.py:188} INFO - Pyspark version: 3.5.1
[2025-09-10T23:58:34.908+0000] {logging_mixin.py:188} INFO - [2025-09-10T23:58:34.906+0000] {dagbag.py:348} ERROR - Failed to import: /opt/airflow/dags/data_pipeline.py
Traceback (most recent call last):
  File "/home/airflow/.local/lib/python3.8/site-packages/airflow/models/dagbag.py", line 344, in parse
    loader.exec_module(new_module)
  File "<frozen importlib._bootstrap_external>", line 843, in exec_module
  File "<frozen importlib._bootstrap>", line 219, in _call_with_frames_removed
  File "/opt/airflow/dags/data_pipeline.py", line 12, in <module>
    from ingestion.local_producer_host import purchase_event
  File "/opt/airflow/ingestion/local_producer_host.py", line 1, in <module>
    from confluent_kafka import Producer
ModuleNotFoundError: No module named 'confluent_kafka'
[2025-09-10T23:58:34.909+0000] {processor.py:842} WARNING - No viable dags retrieved from /opt/airflow/dags/data_pipeline.py
[2025-09-10T23:58:34.937+0000] {processor.py:183} INFO - Processing /opt/airflow/dags/data_pipeline.py took 0.328 seconds
[2025-09-10T23:59:05.102+0000] {processor.py:161} INFO - Started process (PID=283) to work on /opt/airflow/dags/data_pipeline.py
[2025-09-10T23:59:05.104+0000] {processor.py:830} INFO - Processing file /opt/airflow/dags/data_pipeline.py for tasks to queue
[2025-09-10T23:59:05.107+0000] {logging_mixin.py:188} INFO - [2025-09-10T23:59:05.107+0000] {dagbag.py:538} INFO - Filling up the DagBag from /opt/airflow/dags/data_pipeline.py
[2025-09-10T23:59:05.536+0000] {logging_mixin.py:188} INFO - Pyspark version: 3.5.1
[2025-09-10T23:59:05.547+0000] {logging_mixin.py:188} INFO - [2025-09-10T23:59:05.544+0000] {dagbag.py:348} ERROR - Failed to import: /opt/airflow/dags/data_pipeline.py
Traceback (most recent call last):
  File "/home/airflow/.local/lib/python3.8/site-packages/airflow/models/dagbag.py", line 344, in parse
    loader.exec_module(new_module)
  File "<frozen importlib._bootstrap_external>", line 843, in exec_module
  File "<frozen importlib._bootstrap>", line 219, in _call_with_frames_removed
  File "/opt/airflow/dags/data_pipeline.py", line 12, in <module>
    from ingestion.local_producer_host import purchase_event
  File "/opt/airflow/ingestion/local_producer_host.py", line 1, in <module>
    from confluent_kafka import Producer
ModuleNotFoundError: No module named 'confluent_kafka'
[2025-09-10T23:59:05.548+0000] {processor.py:842} WARNING - No viable dags retrieved from /opt/airflow/dags/data_pipeline.py
[2025-09-10T23:59:05.583+0000] {processor.py:183} INFO - Processing /opt/airflow/dags/data_pipeline.py took 0.490 seconds
[2025-09-10T23:59:35.931+0000] {processor.py:161} INFO - Started process (PID=284) to work on /opt/airflow/dags/data_pipeline.py
[2025-09-10T23:59:35.935+0000] {processor.py:830} INFO - Processing file /opt/airflow/dags/data_pipeline.py for tasks to queue
[2025-09-10T23:59:35.944+0000] {logging_mixin.py:188} INFO - [2025-09-10T23:59:35.943+0000] {dagbag.py:538} INFO - Filling up the DagBag from /opt/airflow/dags/data_pipeline.py
[2025-09-10T23:59:36.287+0000] {logging_mixin.py:188} INFO - Pyspark version: 3.5.1
[2025-09-10T23:59:36.303+0000] {logging_mixin.py:188} INFO - [2025-09-10T23:59:36.299+0000] {dagbag.py:348} ERROR - Failed to import: /opt/airflow/dags/data_pipeline.py
Traceback (most recent call last):
  File "/home/airflow/.local/lib/python3.8/site-packages/airflow/models/dagbag.py", line 344, in parse
    loader.exec_module(new_module)
  File "<frozen importlib._bootstrap_external>", line 843, in exec_module
  File "<frozen importlib._bootstrap>", line 219, in _call_with_frames_removed
  File "/opt/airflow/dags/data_pipeline.py", line 12, in <module>
    from ingestion.local_producer_host import purchase_event
  File "/opt/airflow/ingestion/local_producer_host.py", line 1, in <module>
    from confluent_kafka import Producer
ModuleNotFoundError: No module named 'confluent_kafka'
[2025-09-10T23:59:36.304+0000] {processor.py:842} WARNING - No viable dags retrieved from /opt/airflow/dags/data_pipeline.py
[2025-09-10T23:59:36.391+0000] {processor.py:183} INFO - Processing /opt/airflow/dags/data_pipeline.py took 0.471 seconds
